source_db,id,doi,item_type,title,authors,year,abstract,keywords,citedby_count,journal_or_venue,affiliation_country,task
IEEE Xplore,4803937,10.1109/ICARA.2000.4803937,Conferences,Robotic automation system for steel beam assembly in building construction,Baeksuk Chu; Kyungmo Jung; Youngsu Chu; Daehie Hong; Myo-Taeg Lim; Shinsuk Park; Yongkwun Lee; Sung-Uk Lee; Min Chul Kim; Kang Ho Ko,2009,"In building construction, steel beam assembly has been considered as one of the most dangerous manual operations. In this paper, applying robotic technologies to the steel beam assembly task is discussed. Employing the robotic systems to automate such construction tasks gives the following advantages: saving construction time and cost, enhancing operator's safety, and improving overall quality. The automated robotic assembly system presented in the paper consists of a robotic bolting device, a robotic mobile mechanism, and a bolting control system including human-machine interface. The robotic bolting device, which includes a bolting end-effector and a robotic manipulator, performs actual bolting operation. Utilizing the robotic mobile mechanism composed of a rail sliding boom mechanism and a scissors-jack type mobile manipulator, the robotic assembly system can be transported to a target position for bolting operation. The bolting control system plays a role of safely and efficiently operating the robotic assembly system employing a hole recognition system based on vision technology and a haptic based HMI (Human-Machine Interface) system. This paper includes the major components of the entire robot system that have been built and the future plans to integrate them.",,12,2009 4th International Conference on Autonomous Robots and Agents,"Division of Mechanical Engineering, Korea University, Seoul, South Korea",iee_rob_be
IEEE Xplore,4505571,10.1109/ICSMA.2008.4505571,Conferences,Development of Automation System for Steel Construction Based on Robotic Crane,Kyungmo Jung; Baeksuk Chu; Kihyeon Bae; Yongkwun Lee; Deahie Hong; Shinsuk Park; Myo-Taeg Lim,2008,"This paper deals with an automation system for steel construction based on a robotic crane. Employing an automation system for steel construction of high-rise buildings has following advantages: reducing risk factors in human operation, decreasing the construction cost, and shortening the construction period. The automated robotic crane system suggested in this paper consists of moving mechanism, robot manipulation system, and HMI (human machine interface). Moving mechanism is composed of boom, rail, and scissor-jack type manipulator. Using this mechanism, the robot manipulator can be located anywhere in CF (construction factory). The robot manipulation system is composed of a cabin and two robot arms. The cabin acts as a cockpit for the operator. The first robot arm has a bolting end-effector to assemble H-beams and the second robot arm has an alignment end-effector to align H-beams before assembling task. HMI system helps workers operate robot manipulators through a haptic device and a vision system. Also, it contains ITA (intelligent teaching agent) system that helps unskilled workers operate easily.",,10,2008 International Conference on Smart Manufacturing Application,"Department of Electrical Engineering, Korea University, Seoul, South Korea",iee_rob_be
IEEE Xplore,4505566,10.1109/ICSMA.2008.4505566,Conferences,An End-Effector Design for H-beam Alignment in High-Rise Building Construction,Kihyeon Bae; Baeksuk Chu; Kyungmo Jung; Yongkwun Lee; Deahie Hong; Shinsuk Park; Myo-Taeg Lim,2008,"There have been active progresses in the construction of high-rise buildings since the robot and information technologies were applied to the construction industry. Although many techniques have been proposed for safe and efficient H-beam lifting and assembly, most of construction tasks are manually operated causing dangerous working environments. The objective of this study is to develop a robotic end-effector for fine H-beam alignment in high-rise building construction. The H-beam has a number of drilled holes so that bolts can go through to assemble the elements. Before the bolts are inserted to combine two H-beams, the bolt holes should be aligned with very tight tolerance. Otherwise, there is a potential for serious damage during the bolting process. In this study, an end-effector design that helps the H-beam alignment for bolting operation is proposed. Moreover, finite element analysis and computer simulations are conducted to evaluate the mechanism.",,5,2008 International Conference on Smart Manufacturing Application,"Department of Mechanical Engineering, Korea University, Seoul, South Korea",iee_rob_be
IEEE Xplore,11369672,10.1109/ICCMA67641.2025.11369672,Conferences,Tendon Driven Assistive Hand for Mirror Based Robotic Therapy,Nabila Naz; Jasmine Hudson; Aidan Cahill; M S S Malik; Md Nazmul Huda; Soumya Kanti Manna,2025,"Soft robotic hands, particularly those utilizing tendon-driven mechanisms, offer significant advantages in precision and adaptability for handling delicate objects. These soft robotic hands are designed to mimic the dexterity and flexibility of the human hand by employing variable stiffness materials. Despite recent advancements in tendon-driven soft robotic hands, there remains a gap in the development of simplified variable stiffness mechanisms with integrated sensors for real-time adaptability. This paper presents the development of a modular, bio-inspired, tendon-driven soft robotic hand, fabricated using 3D printing. Flexible material NinjaFlex TPU85A is used for flexible joint mechanism whereas rigid PLA is used for fingers and rest of the hand for structural support. The combination of these materials allows the soft robotic hands to dynamically adjust their stiffness, striking a balance between flexibility and strength. Following the muscle contraction model, the hand is actuated by servo motors while optimized tendon paths reduce friction for smooth motion. Additionally, force and flex sensors provide real-time feedback, allowing precise control of finger movements and grip pressures. Experimental tests conducted using both glove hand simulation and robotic prototypes confirmed the system's ability to replicate glove finger movements accurately. The presented design holds potential for applications in prosthetics, industrial automation, and delicate object manipulation, where precise, flexible handling is essential.",,1,"2025 13th International Conference on Control, Mechatronics and Automation (ICCMA)","Sustainable Engineering and the Built Environment, Canterbury Christ Church University, Canterbury, UK",iee_rob_be
IEEE Xplore,4406664,10.1109/ICCAS.2007.4406664,Conferences,A study on the advantages on high-rise building construction which the application of construction robots take (ICCAS 2007),Hanjong Joo; ChiSu Son; Kyunghun Kim; Kyunghwan Kim; Jaejun Kim,2007,"This study is about the Construction Robot Technology as a alternative to slove the complicated and dangerous components of High-rise Building Construction. Robot Technology is more efficient and safe, so automation with construction robot technology must be practiced for productivity increase. Studying the method to solve complicated components, the positive effects taken on the high-rise buildings by the application of construction technology.",,4,"2007 International Conference on Control, Automation and Systems","Graduate, Department of Sustainable Architecture, Hanyang University, South Korea",iee_rob_be
IEEE Xplore,8986707,10.1109/ROMA46407.2018.8986707,Conferences,Visible Light Communication for Robotic Control,Chuah Eng Yew; Muzaiyanah Binti Hidayab; Chan Chen Leong,2018,"The requirement of high speed data transmission and large bandwidth in robotic technology comes with the breakthroughs in robotic applications. Acknowledging the need, Visible Light Communication that use the infrastructure of the indoor illumination system is envisioned as an indoor wireless mobile communication system alternative that will prove to be viable in this paper. Visible light communication is expected to be able to provide a data rate of up to 10GB/s and will be able to support the requirements of robotic technology. In this paper, visible light communication is used as means of transmitting control information forrobotic movements. An application of such will allow for indoor robotic control that does not depend on WiFi and thus providing higher data rate of transmission for smoother control and larger data transmission. The robot is controlled through the light-emitting diode lighting system. In this paper, it will be shown that visible light communication can be used to transmit simple data controls through LEDs for the robot. However, the requirement of line-of-sight will have to be further investigated by means of increasing the signal strength and stabilizing the received signal. By employing a microcontroller for data analysis and conversion of light for communication to adapt to the robotic control, the research will show that VLC is a viable method for indoor robotic control as well as to be applied to various other applications.",,2,2018 IEEE 4th International Symposium in Robotics and Manufacturing Automation (ROMA),"Faculty of Engineering, Technology & Built Environment, UCSI University, Kuala Lumpur, Malaysia",iee_rob_be
IEEE Xplore,4406518,10.1109/ICCAS.2007.4406518,Conferences,Robotic technologies for the automatic assemble of massive beams in high-rise building,Seung-Kyou Lee; Nakju Lett Doh; Gwi-Tae Park; Kyung-In Kang; Myo-Taek Lim; Dae-Hie Hong; Shin-Suk Park; Ung-Kyun Lee; Tae-Koo Kang,2007,"In this paper, we introduce a new technique for automatic construction of steel frames in high-rise buildings. Basically, we combine advanced robotic technologies to building construction techniques. Four main topics will be developed such as: 1) Planning and synthesis of automatic construction system(ACS), 2) Development of construction factory(CF) system with climbing oil-pressured robot, 3) Core techniques for automatic assembly for steel frames, and 4) Intelligent resource management system. We expect that this new technique will increase the construction efficiency and will alleviate the manpower shortage problem in the aging society. For the development of the proposed system, two main ideas will be suggested. The first idea is to utilize a transportation system for the robot. One of the main problems of the automatic construction is that the size of the construction factory is very huge while that of the robot is not. To alleviate the problem, we suggest a transportation system which combines a rail with a boom. The second idea is to use a wire suspended positioning system. In the construction, it is a main issue to bring the guiders and beams in a pre-planned position with an accuracy of 2mm. Nowadays, it is operated by two skilled workers. Through our research, We want to implement it automatically by utilizing the wire suspended positioning system which is controlled by the cable of a tower crane and multiple wires.",,2,"2007 International Conference on Control, Automation and Systems","School of Engineering, Korea University, Seoul, South Korea",iee_rob_be
IEEE Xplore,8986734,10.1109/ROMA46407.2018.8986734,Conferences,Electroencephalography Robotic Arm Control,Chuah Eng Yew; Desmond Tan Mun Yung,2018,"The number of paralysis is increasing by time due to the amount of accident happening in the world. This paper discusses the application of Electroencephalography to control a robotic arm. This method of controlling a robot will allow the physically challenged individuals to work their daily task by themselves. In this paper, a robotic control device is designed to work with an EEG Control Interface which applied to a Robotic Arm. A brainwave controller is used to receive the signal from the user brain and processes in a microcontroller to produce required output for the arm movement. The number of controls will depend on the processing speed of the microcontroller and the extensive training are required to adopt the EEG Control Interface system. The output of the movement is chosen depends on the user.",,0,2018 IEEE 4th International Symposium in Robotics and Manufacturing Automation (ROMA),"Faculty of Engineering, Technology & Built Environment, UCSI University, Kuala Lumpur, Malaysia",iee_rob_be
IEEE Xplore,10986570,10.1109/ROBOTHIA63806.2025.10986570,Conferences,A Hybrid Deep Learning Model for Dance Recognition with Applications in Robotic Vision and AI Automation,Lee Wei San; Samuel-Soma M. Ajibade; Muhammed Basheer Jasser; Anthonia Oluwatosin Adediran; Adefemi Ayodele,2025,"Image recognition has gained significant attention due to advancements in artificial intelligence (AI) and machine learning. Traditional dance instruction often relies on subjective feedback, leading to inconsistencies in assessment. This paper presents a hybrid deep learning model integrating Convolutional Neural Networks (CNNs) and Long Short-Term Memory (LSTM) networks for dance movement recognition. CNNs extract spatial features, while LSTMs capture temporal dependencies, enabling accurate recognition of dance sequences. The dataset used combines ballet, locking, and popping dance genres, with preprocessing techniques such as augmentation and normalization. The hybrid model achieves 99.52% accuracy, surpassing standalone CNN and LSTM models. Evaluation metrics, including Matthews Correlation Coefficient (MCC) and AUC-ROC, validate the model's ability to distinguish complex movement patterns with high reliability. Beyond dance recognition, precise motion classification plays a crucial role in robotic vision and AI-driven automation, where accurate pose estimation and movement tracking enable applications in humanoid robot motion imitation, gesture-based human-robot interaction, and precision automation in industrial workflows. Future work will focus on real-time deployment, dataset expansion, and integration with augmented reality to enhance both dance training and humanoid robot motion learning.",,1,2025 IEEE International Conference on Robotics and Technologies for Industrial Automation (ROBOTHIA),"Department of Data Science and Artificial Intelligence, Faculty of Engineering and Technology, Sunway University, Selangor, Malaysia",iee_rob_be
IEEE Xplore,10409208,10.26599/JICV.2023.9210015,Journals,Private or On-Demand Autonomous Vehicles? Modeling Public Interest Using a Multivariate Model,Sailesh Acharya,2023,"With the likely future of autonomous vehicles (AVs) as private, ride-hailing, and pooled vehicles, it is important to consider all forms of AVs when estimating the impacts of automation on travel behavior. To aid this, this study jointly models the public interest in three forms of AVs (owning, ride-hailing, and using pooled services) and compares the interests in owning versus ride-hailing AVs using a combination of structural equation modeling and multivariate ordered probit modeling frameworks. Using the 2019 California Vehicle Survey data, we estimate the impacts of several exogenous and latent variables on all forms of AV adoption. We find that the individual, household, travel-related, and built-environment factors are related to different forms of AV adoption directly and indirectly through attitudes toward human and automated driving. We also report that human and automated driving sentiments have the highest impact on interest in owning an AV compared to interest in ride-hailing and using pooled AVs. We discuss several policy implications by calculating the pseudo-elasticity effects of exogenous variables and the sensitivities of the impacts on latent variables on different forms of AV adoption. For example, public interest in owning private AVs can be increased by more than 7% by making them familiar with autonomous technology.",,9,Journal of Intelligent and Connected Vehicles,"National Renewable Energy Laboratory, Center for Integrated Mobility Sciences, Golden, CO, USA",iee_rob_be
IEEE Xplore,859942,10.1109/WCICA.2000.859942,Conferences,Agent brigade in dynamic formation of robotic soccer,Yang Bo; Wang Qinghua,2000,"In this paper a new architecture of multi-agent in robotic soccer is introduced. It adopts the agent brigade approach in dynamic formation of robotic soccer. By dividing the soccer field into three areas according to the roles of agents, this approach can dynamically switch the roles of agents in each area temporarily to achieve local predominance that may lend to initiative in the match.",,1,Proceedings of the 3rd World Congress on Intelligent Control and Automation (Cat. No.00EX393),"Department of Information & Control Engineering, Shandong University of Building Materials, Jinan, Shandong, China",iee_rob_be
IEEE Xplore,506583,10.1109/ROBOT.1996.506583,Conferences,Initial grasping strategy for an unknown object by cooperative mobile robots,J. Sasaki; Y. Maeda; Y. Aiyama; J. Ota; T. Arai,1996,"We aim at handling an unknown object by cooperating multiple mobile robots. The most important problem in this paper is obtaining a weight and mass center position of an object. Another important problem is to determine appropriate grasping points before handling. This method is proposed to avoid bad situations, such as making an object fall down, or some robots overloaded in handling. The algorithm we propose in this paper is a first step of grasping objects, which is ""determination of initial grasping points"". Initial grasping points are given by only a geometrical shape of an object. The robots are placed where the possibility that robots can lift the object with no trouble. This evaluation is based on the normal distribution model proposed in this paper. We are also going to discuss how to avoid and regrasp when initial grasping has failed. We show a simple numerical example of initial grasping and re-grasping, in planar object model.",,9,Proceedings of IEEE International Conference on Robotics and Automation,"Department of Precision Machinery Engineering, The Faculty of Engineering, University of Tokyo, Bunkyo, Japan",iee_rob_be
IEEE Xplore,10645272,10.1109/icABCD62167.2024.10645272,Conferences,Transformative Impacts of Automation on the Nature of Work: A Perspective of the Banking Industry in South Africa,Save Akilimalissiga; Nita Inderlal Sukdeo,2024,"The growing adoption of bank automation technologies is bringing about a transformational shift in the global financial sector. The banking industry is seeing significant changes in traditional roles and duties due to the growing integration of modern automation techniques such as robotic assistance, artificial intelligence (AI), and process automation by banking institutions. The rise of new job profiles such as AI data scientists, AI analysts, and robotics process automation specialists shows how the nature of work in the banking industry and the entire financial sector seems to be evolving. The increasing need for technical abilities has led to a greater focus on acquiring and developing a workforce with a distinct combination of technology proficiency and domain understanding. This paper investigated the extent to which the adoption of bank automation is a key determinant of the changing nature of work from a banking industry's perspective. Hence, a hypothetical path was developed to answer the following research question: How is adopting automation changing the nature of work in the banking industry? To answer this question, we considered the five largest banking institutions in South Africa. The findings revealed the paramount transformative changes that occur every time automation technologies are implemented.",,0,"2024 International Conference on Artificial Intelligence, Big Data, Computing and Data Communication Systems (icABCD)","Dept. Quality and Operations Management, Faculty of Engineering and Built Environment, University of Johannesburg, Johannesburg, South Africa",iee_rob_be
IEEE Xplore,9152831,10.1109/HORA49412.2020.9152831,Conferences,Advanced Automation and Robotics for High Volume Labour-Intensive Manufacturing,Nai Yeen Gavin Lai; Deepesh Jayasekara; Kok Hoong Wong; Lih Jiun Yu; Hooi Siang Kang; Kulwant Pawar; Yingdan Zhu,2020,"High volume, labour-intensive manufacturing operations pose several challenges for successful operations. It is an even bigger challenge to move away from manual dependency and shift towards automation of production processes. There seems to be no general agreement among researchers on what are the critical success factors (CSFs) on the implementation of advanced automation and robotics processes in the manufacturing environment. Success factors vary across the manufacturing industry and also organizational units. This paper attempts to elicit the opinion and perception of academic professionals with links to high volume labour-intensive manufacturing industry. A systematic literature search was conducted on the topic and semi-structured interviews were conducted with experts to gather their views on CSFs. Results from the literature search and interviews revealed that factors related to Organization Strategy, Culture, and Structure; Top management support; Past experience, staffing, and learning; Project management, planning, and control; Finance, and resource availability; Technology maturity and vendor support; to be critical for the success of the production process automation project initiatives. Findings from this study can be used as guidelines to ascertain CSFs for organizations and strategy planning. Manufacturing organizations can also use this study to evaluate their organizational readiness and enhance the level of automation further.",,8,"2020 International Congress on Human-Computer Interaction, Optimization and Robotic Applications (HORA)","Faculty of Science and Engineering, University of Nottingham Ningbo China, Ningbo, China",iee_rob_be
IEEE Xplore,10260465,10.1109/CASE56687.2023.10260465,Conferences,The QUENDA-BOT: Autonomous Robot for Screw-Fixing Installation in Timber Building Construction,Dinh Dang Khoa Le; Gibson Hu; Dikai Liu; Richardo Khonasty; Liang Zhao; Shoudong Huang; Pratik Shrestha; Ralph Belperio,2023,"Autonomous robots are practical and innovative solutions to reducing the risk of fatigue and back injuries during mass engineered timber constructions. Screw installation is a common repetitive and strenuous activity performed by humans at construction sites. This article presents a novel robotic system for screw fixing installation. A range of technologies were implemented including those for mapping, localisation, sensing, planning and force-torque control of a robotic manipulator attached to a mobile base. Also developed was custom hardware for the screw driving operation. Extensive tests of the robotic system were conducted in lab and field environments. The results demonstrate the suitability of this robot for autonomous screw fixing installation.",,3,2023 IEEE 19th International Conference on Automation Science and Engineering (CASE),"Robotics Institute, University of Technology Sydney, Australia",iee_rob_be
IEEE Xplore,9497744,10.1109/TMECH.2021.3100306,Journals,Robot-Assisted Object Detection for Construction Automation: Data and Information-Driven Approach,Muhammad Ilyas; Hui Ying Khaw; Nithish Muthuchamy Selvaraj; Yuxin Jin; Xinge Zhao; Chien Chern Cheah,2021,"In construction automation, robotic solution is becoming an emerging technology with the advent of artificial intelligence and advancement in mechatronic systems. In construction buildings, regular inspections are carried out to ensure project completion as per approved plans and quality standards. Currently, expert human inspectors are deployed onsite to perform inspection tasks with the naked eye and conventional tools. This process is time-consuming, labor-intensive, dangerous, and repetitive and may yield subjective results. In this article, we propose a robotic system equipped with perception sensors and intelligent algorithms to help construction supervisors remotely identify the construction materials, detect component installations and defects, and generate report of their status and location information. The building information model (BIM) is used for mobile robot navigation and to retrieve building component’s location information. Unlike the current deep learning-based object detection, which depends heavily on training data, this article proposes a data and information-driven approach, which incorporates offline training data, sensor data, and BIM information to achieve BIM-based object coverage navigation, BIM-based false detection filtering, and a fine maneuver technique to improve on object detections during real-time automated task execution by robots. This allows the user to select building components to be inspected, and the mobile robot navigates autonomously to the target components using the BIM-generated navigation map. An object detector then detects the building components and materials and generates an inspection report. The proposed system is verified through laboratory and onsite experiments.",,63,IEEE/ASME Transactions on Mechatronics,"School of Electrical and Electronic Engineering, Nanyang Technological University, Singapore, Singapore",iee_rob_be
IEEE Xplore,680702,10.1109/ROBOT.1998.680702,Conferences,A study of autonomous mobile system in outdoor environment. 2. Sign guided autonomous transportation system,Jun-Ichi Takiguchi; K. Iwama; H. Sugie; M. Kato; T. Kiyonaga; T. Hashizume; F. Inoue; K. Yoshino; Y. Omote,1998,"This paper presents an autonomous mobile system in an outdoor environment especially applied to a construction site. The system consists of an autonomous vehicle and signs. The autonomous vehicle recognizes instructions given in the signs using a vision system, then it moves or handles materials according to the instruction. The system is adaptable to the changeable environment of the construction site because transportation paths can be easily changed by altering the contents or placement of the signs. Experimental results obtained in the outdoor environment show feasibility of the system.",,2,Proceedings. 1998 IEEE International Conference on Robotics and Automation (Cat. No.98CH36146),"Mitsubishi Electric Corporation Kamakura Works, Kamakura, Japan",iee_rob_be
IEEE Xplore,993154,10.1109/100.993154,Magazines,A hybrid drive parallel arm for heavy material handling,T. Arai; K. Yuasa; Y. Mae; K. Inoue; K. Miyawaki; N. Koyachi,2002,"This article discusses a hybrid drive parallel arm driven by cables and cylinders in order to design a compact handling arm, thus enlarging its workspace. Our major objective is to develop a dexterous arm capable of controlling six-degree-of-freedom (DOF) motion of heavy materials. The article includes a basic concept of parallel mechanisms with hybrid actuation, comparisons and evaluations of some types of hybrid mechanisms based on its kinematics and statics, and finally introduces a designed prototype arm.",,20,IEEE Robotics & Automation Magazine,"Graduate School of Engineering, Department of systems and Human Science, Osaka University, Toyonaka, Japan",iee_rob_be
IEEE Xplore,1438590,,Conferences,A service robot for construction industry,P. Gonzalez De Santos; J. Estremera; E. Garcia; M. Armada,2004,"Traditionally, building construction has been performed mainly by hand with a little help from electromechanical-manual devices. However, this industry possesses a great potential for automation and robotic systems are being introduced step by step because of many technical hitches. Apart from these technical shortcomings, builders are being pushed in many countries to provide automatic tools to improve both productivity and operator's safety. This paper presents some technical aspects of a tool developed to help out operators in handling and installing pre-manufactured plaster panels for indoor-wall construction. It consists in a lightweight six-DOF manipulator, which is fixed between floor and ceiling so that it can carry heavy payloads without tipping over. The robot is easily assembled and disassembled to make possible transportation by operators. This paper presents the basic guidelines to configure a system for the mentioned activity. It includes the system's main features and functions and some design aspects that makes this manipulator an example of how to configure a lightweight manipulators to handle heavy payloads",,0,"Proceedings World Automation Congress, 2004.","IAI-CSIC, SPAIN",iee_rob_be
IEEE Xplore,4977195,10.1109/CCSP.2005.4977195,Conferences,Finite Element modelling of Pneumatic Artificial Muscle,Ramesh Ramasamy; Mohamed Rizon Juhari; Mohd Rozailan Mamat; Sazali Yaacob; Masanori Sugisaka,2005,"The intention of this article is to introduce and overview Pneumatic Artificial Muscles (PAMs) as whole and to discuss on its numerical modelling, namely using the Finite Element (FE) Method, to understand more on its behaviour in generating force for actuation. The construction of PAMS mainly consist of flexible, inflatable membranes, having orthotropic material behaviour. The main properties shaping the PAMs will be explained in terms of their load-carrying capacity and low weight in assembly. Discussion on their designs and capacity to function as locomotion device in robotics applications will be laid out, followed by FE modelling to represent PAMs overall structural behaviour under any potential operational conditions.",,3,"2005 1st International Conference on Computers, Communications, & Signal Processing with Special Track on Biomedical Engineering","School ofMechatronic Engineering, Northern Malaysia University College of Engineering, Kangar, Perlis, Malaysia",iee_rob_be
IEEE Xplore,8967733,10.1109/IROS40897.2019.8967733,Conferences,A Fully-Integrated Sensing and Control System for High-Accuracy Mobile Robotic Building Construction,Abel Gawel; Hermann Blum; Johannes Pankert; Koen Krämer; Luca Bartolomei; Selen Ercan; Farbod Farshidian; Margarita Chli; Fabio Gramazio; Roland Siegwart; Marco Hutter; Timothy Sandy,2019,"We present a fully-integrated sensing and control system which enables mobile manipulator robots to execute building tasks with millimeter-scale accuracy on building construction sites. The approach leverages multi-modal sensing capabilities for state estimation, tight integration with digital building models, and integrated trajectory planning and whole-body motion control. A novel method for high-accuracy localization updates relative to the known building structure is proposed. The approach is implemented on a real platform and tested under realistic construction conditions. We show that the system can achieve sub-cm end-effector positioning accuracy during fully autonomous operation using solely onboard sensing.",,51,2019 IEEE/RSJ International Conference on Intelligent Robots and Systems (IROS),"Autonomous Systems Lab, ETH Zurich",iee_rob_be
IEEE Xplore,9820541,10.1109/GOL53975.2022.9820541,Conferences,Automated and robotized processes in the timber-frame prefabrication construction industry: A state of the art,Emilie Lachance; Nadia Lehoux; Pierre Blanchet,2022,"Off-site prefabrication in the timber-frame construction industry is a trending topic in the search for sustainable building and affordable housing. This paper aims to present, based on a literature review, the current level of automation and robotization in the timber-frame prefabrication industry, the existing layouts for this type of production, the tools and equipment used to support the production line, and the limits and barriers to adopting these technologies. Based on the analysis of these themes, a Figure relating the degree of automation in relation to factors such as the level of machinery and technological tools involved, the business and workforce size, the level of lean and standardization, and the stage of prefabrication is presented and discussed.",,10,2022 IEEE 6th International Conference on Logistics Operations Management (GOL),"Dept. génie mécanique, Université Laval, Québec, Canada",iee_rob_be
IEEE Xplore,5669832,10.1109/ICCAS.2010.5669832,Conferences,Benefit/cost analysis of a robot-based construction automation system,Taehoon Kim; Ung-Kyun Lee; Wi Sung Yoo; Sung-Hoon An; Hunhee Cho; Younghoon Lee; Nakju Doh,2010,"Many studies which try to integrate construction technologies with robotic technologies have been actively progressing. It is critical for an assessment model of the economical efficiency of new technologies to ensure the correct investment and the spread of these new technologies. However, an assessment model of economical efficiency of automated construction technology to evaluate properly various influencing factors in terms of technology and economy is relatively unsatisfied as there are no practical cases. Therefore, our research team has developed a new assessment process for automated construction technologies as a decision tool, inspired by benefit-cost analysis. This presented process was employed to evaluate the test-bed and the results show that the BI and CI are 1.24 and 5.22, respectively, and economic efficiency is 0.24. The results indicate that the applications of four new technologies present a significantly strong benefit and respectively large cost, compared to the traditional process. As establishing an assessment model of an automated construction system which has not previously been known, it is expected to understand the effect and potential power of the application of robot technology to the construction industry. For further study, it is necessary for the integration method to be developed because of the degree of difference between BI and CI.",,5,ICCAS 2010,"School of Architectural, Civil and Environmental Engineering, Korea University, Seoul, South Korea",iee_rob_be
IEEE Xplore,10737229,10.1109/ACCESS.2024.3487263,Journals,A Review on Six Degrees of Freedom (6D) Pose Estimation for Robotic Applications,Chen Yuanwei; Mohd Hairi Mohd Zaman; Mohd Faisal Ibrahim,2024,"With advancements in technology, deep learning has become increasingly widespread, particularly in fields like robot control, computer vision, and autonomous driving. In these areas, obtaining pose information of target objects, especially their spatial location, is crucial for robot grasping tasks. Although many effective implementations of six degrees of freedom (6D) pose estimation methods based on RGB images exist, challenges in this domain persist. This paper provides a comprehensive review of traditional 6D pose estimation methods, deep learning approaches, and point cloud techniques by analyzing their advantages and disadvantages. It also discusses evaluation metrics and performance on common datasets for 6D pose estimation. Furthermore, the paper offers a theoretical foundation for robot grasping and explores future directions for 6D pose estimation. Finally, it summarizes the current state and development trends of 6D pose estimation, aiming to help researchers better understand and learn about this field.",,19,IEEE Access,"Department of Electrical, Electronic and Systems Engineering, Faculty of Engineering and Built Environment, Universiti Kebangsaan Malaysia, Bangi, Selangor, Malaysia",iee_rob_be
IEEE Xplore,11196432,10.1109/ICAC65379.2025.11196432,Conferences,Retrofitting Legacy AGV with Low-Cost LIDAR and Industry 4.0 Technologies for Autonomous Navigation,Ryan Samson; Keng Goh; Kashyap Gopalbhai Dobaria; Alexandros Gkanatsios; Hongnian Yu,2025,"Industry 4.0 (I4.0) technologies are key enablers for upgrading both green-field and legacy manufacturing systems. This paper explores how mobile robotics can be retrofitted into an I4.0 environment, emphasising the use of low-cost sensors to modernise existing (Industry 3.0) equipment at Edinburgh Napier University. A real-plant case study shows that a modest hardware upgrade, comprising a depth camera, ultrasonic array, and on-board simultaneous localisation and mapping (SLAM) software, boosts a legacy robot’s autonomous-navigation performance: the platform traverses a cluttered shop-floor layout, avoids dynamic obstacles, and completes its mission without human intervention. Results confirm that inexpensive sensor suites can bridge the gap between Industry 3.0 and I4.0, delivering the flexibility, efficiency, and responsiveness demanded by contemporary manufacturing while preserving prior capital investment.",,1,2025 30th International Conference on Automation and Computing (ICAC),"School of Computing, Engineering and the Built Environment, Edinburgh Napier University",iee_rob_be
IEEE Xplore,8324589,10.1109/ROBIO.2017.8324589,Conferences,Pheromone combination effect on collective construction by object stacking agents inspired by termites,Kazuma Nakanishi; Yuichiro Sueoka; Koichi Osuka,2017,"This study considered collective buildings constructed by autonomous transporting agents with limited detection capacity for information from the environment. This work was motivated by termites, who build huge and complicated mounds. Their amazing achievements seem mysterious because they do not have the ability to know the state of construction and the position of other termites. Biological studies have shown that they build elaborate three-dimensional buildings under the effect of three types of pheromones: the queen pheromone secreted by the queen termite, cement pheromone infused in soil pellets, and trail pheromone deposited on a trace. Using appropriate pheromones during the construction process makes it possible to achieve collaborative tasks. Previous studies have shown that the agents which can sense the concentration of the pheromones are able to build a dome that is the shape of termite's royal chamber by using the queen pheromone as a template. We think, however, that the cement pheromone also affects the shape of royal chamber and the agents with poorer sensing ability are able to achieve collective construction by using appropriate pheromones. We derived an agent model by assuming that agents can sense the gradient and presence of pheromones in order to investigate building by agents with poor sensing ability. We conducted numerical simulations to investigate the role of pheromones in the building process. The simulation results indicated that the cement pheromone enhances the foundation of dome, whose position is firstly oriented by the queen pheromone, and suppresses scatter of building materials. We also found that there is an optimal number of agents to maximize the effect of the cement pheromone. Throughout the simulations eliminating the physical contact, this was caused by high density of agents nearby the source of queen pheromone.",,0,2017 IEEE International Conference on Robotics and Biomimetics (ROBIO),"Dept. of Mechanical Engineering, Osaka University, Suita, Osaka, JAPAN",iee_rob_be
IEEE Xplore,668331,10.1109/TDCLLM.1998.668331,Conferences,Development of the construction methods for distribution line materials using a robot system remotely controlled from the ground,Y. Andou; K. Hara; M. Mino; Y. Uno,1998,"The construction method for distribution line materials using a robot system is one of the techniques developed in order to increase the efficiency of the distribution line works. This method enables a simpler, safer and more highly efficient means of installing line materials and heavy devices on utility poles which is a major job for overhead construction. Features of the developed robot system are the winch arm with a parallel link structure which provides easy access to heavy devices on poles, the efficient visual support system which provides easy access to the manipulator tool, and the new system frame which facilitates tightening bolts by means of semi-automation. The robot system on the boom is teleoperated by one man in the operation unit on the ground. Based on field test results, the authors found that the developed method increases the overall efficiency and level of safety while reducing workers fatigue.",,1,"ESMO '98 - 1998 IEEE 8th International Conference on Transmission and Distribution Construction, Operation and Live-Line Maintenance Proceedings ESMO '98 Proceedings. ESMO 98 The Power is in Your Hand","Chubu Electric Power Company, Inc., Japan",iee_rob_be
IEEE Xplore,9197372,10.1109/ICRA40945.2020.9197372,Conferences,Autonomous Modification of Unstructured Environments with Found Material,Vivek Thangavelu; Maíra Saboia da Silva; Jiwon Choi; Nils Napp,2020,"The ability to autonomously modify their environment dramatically increases the capability of robots to operate in unstructured environments. We develop a specialized construction algorithm and robotic system that can autonomously build motion support structures with previously unseen objects. The approach is based on our prior work on adaptive ramp building algorithms, but it eliminates the assumption of having specialized building materials that simplify manipulation and planning for stability. Utilizing irregularly shaped stones makes the problem significantly more challenging since the outcome of individual placements is sensitive to details of contact geometry and friction, which are difficult to observe. To reuse the same high-level algorithm, we develop a new physics-based planner that explicitly considers the uncertainty produced by incomplete in-situ sensing and imprecision during pickup and placement. We demonstrate the approach on a robotic system that uses a newly developed gripper to reliably pick up stones with minimal additional sensors or complex grasp planning. The resulting system can build structures with more than 70 stones, which in turn provide traversable paths to previously inaccessible locations.",,8,2020 IEEE International Conference on Robotics and Automation (ICRA),"Department of Electrical and Computer Engineering, Cornell University, Ithaca, NY, USA",iee_rob_be
IEEE Xplore,11225426,10.1109/PESGM52009.2025.11225426,Conferences,Autonomous electric vehicle energy arbitrage market participation and ride-hailing as vehicle-to-market for demand side-management,Joakim Munkhammar; Mohamad Koubar; Reza Fachrizal,2025,"There is a potential dual usage of Autonomous Electric Vehicles (AEVs) for ride-hailing and electricity market participation in a vehicle-to-market (V2M) setting. In this study a model for early adoption of AEVs is developed based on sequential optimization at each time-step for dual market participation choosing between ride-hailing and energy arbitrage market participation via Vehicle-to-Grid (V2G). Simulations with the model shows that there are, depending on ride-hailing rate and electricity price cost, yearly revenue estimations of upwards of $45k in extreme cases, with considerable revenue from in particular AEV ride-hailing payoff. Simulations also show that the activation fraction of AEV ride-hailing is dependent on both ride-hailing rate and electricity price. This dual market participation model thus reveals a potential demand-side management for V2G interaction, and ride-hailing, via for example time-based energy price tariffs.",,0,2025 IEEE Power & Energy Society General Meeting (PESGM),"Civil Engineering and Built Environment, Uppsala University, Uppsala, Sweden",iee_rob_be
IEEE Xplore,10986674,10.1109/DICCT64131.2025.10986674,Conferences,Color and Defect Detection in Industry Automation for Real Time Intelligent Product Sorting,Sujatha Rajkumar; Shreyas Nirgude; Ashwin Anil Kulkarni; Sumathi G; Hamid Abdi,2025,"This paper presents a real-time object sorting system that classifies objects based on color and detects surface defects in an intelligent manner for multi-purpose application like autonomous vehicles, supply chain, robotics and so on. The proposed system uses state-of-the-art camera module to capture images of objects and processes them through computer vision to classify items based on color and defect status. The captured images are compared against a custom dataset of labeled samples to ensure accuracy. Based on performance metrics, the intelligent CNN algorithm demonstrates superior classification accuracy compared to RFC, especially in complex scenarios. The edge processor module controls sorting mechanism, where servos actuate to direct objects into designated bins based on classification results. The research work illustrates exploring the potential of machine learning algorithm in automated quality assurance, offering scalable, adaptable, and efficient solutions for industrial applications.",,7,"2025 3rd International Conference on Device Intelligence, Computing and Communication Technologies (DICCT)","School of Electronics Engineering, Vellore Institute of Technology, Vellore, India",iee_rob_be
IEEE Xplore,9657792,10.1109/ICRAE53653.2021.9657792,Conferences,Adapting Service Robot Mechanism in Designing Movable Makerspace for Knowledge Society Building,Kalaivani Chellappan; Muhammad Syafiq Abdul Razak,2021,"Makerspace is a recent strategy in introducing disruptive technology innovation among students and adults. This study introduces a movable Makerspace for knowledge society building activities in rural areas with limited technology and facilities access. The objective of the study is to adapt service robot mechanism and biometric security system in designing Makerspace for society knowledge building activities that is approached through experiential learning supported by Kolb&#x0027;s Theory. The service robot mechanism, biometric security system and the movable mechanism of the Makerspace expected to contribute by increasing the commitment of users in gaining knowledge in a shorter time and effectively as individuals and as group members. The study contributes to the development of interest and engagement of the rural society towards society knowledge building activities through movable Makerspace. It offers operational and pedagogical ecosystem that can assist to create learning environments where society knowledge building is fostered.",,0,2021 6th International Conference on Robotics and Automation Engineering (ICRAE),"Department of Electrical, Electronics &amp; Systems Engineering, Faculty of Engineering &#x0026; Built Environment, Universiti Kebangsaan Malaysia, Selangor, Malaysia",iee_rob_be
IEEE Xplore,6265624,10.1109/MED.2012.6265624,Conferences,A method to control grip force and slippage for robotic object grasping and manipulation,Pavel Dzitac; Abdul Md Mazid,2012,"A grip force and slippage control for robotic object manipulation, based on mechanical friction is presented. This approach allows a load to be held reliably in the robot gripper without application of excessive forces or allowing uncontrolled slippage. It is a simple, robust and low cost solution, and could be used for applications where low cost integrated grip force and slippage control are needed. This solution could be customized to provide reliable grip force and slippage control for light, medium or heavy load holding applications for a variety of different objects.",,8,2012 20th Mediterranean Conference on Control & Automation (MED),"School of Engineering and Built Environment, Central Queensland University, Rockhampton, Australia",iee_rob_be
IEEE Xplore,10451276,10.1109/PEEIC59336.2023.10451276,Conferences,Challenges of Automation and Robotics in Engineering,Sukumar R; Intekhab Alam; Aruna Dore,2023,"Despite playing a vital role in the global economy, the construction sector is battling inefficiencies and declining productivity levels. This study examines the barriers to the adoption of robots and automated systems, which have the ability to resolve these problems but are particular to the construction sector. A mixed research methodology was used, including a thorough examination of the literature, the gathering of qualitative information via three focus groups with 28 experts, and the gathering of quantitative information through an online questionnaire. The discovered limiting variables were subjected to principal component and correlation analysis in order to categorise and reveal unrecognized linkages. The issues were divided into four major groups and given relevance scores: contractor economic considerations, customer economic factors, technical and work-culture issues, and poor business case issues. Notably, no significant relationships between these variables were discovered. The findings presented in this study can guide the creation of practical mitigation strategies. It is a valuable resource for stakeholders looking to understand the main industry-specific obstacles.",,1,"2023 International Conference on Power Energy, Environment & Intelligent Control (PEEIC)","Department of Electronics and Communication Engineering, Faculty of Engineering and Technology, JAIN (Deemed-to-be University), Bangalore, Karnataka, India",iee_rob_be
IEEE Xplore,10438424,10.1109/ACCESS.2024.3366517,Journals,Combining Reinforcement Learning With Genetic Algorithm for Many-To-Many Route Optimization of Autonomous Vehicles,Sunhyung Yoo; Hyun Kim; Jinwoo Lee,2024,"This study introduces an approach for route optimization of many-to-many Demand-Responsive Transport (DRT) services. In contrast to conventional fixed-route transit systems, DRT provides dynamic, flexible, and cost-effective alternatives. We present an algorithm that integrates DRT with the autonomous shuttles at Korea National University of Transportation (KNUT), allowing dynamic route modifications in real-time to accommodate incoming service calls. The algorithm is designed to take into account the shuttle’s current position, the destinations of passengers already on board, the current locations and destinations of individuals who have requested shuttle services, and the remaining capacity of the shuttle. The algorithm has been developed to combine genetic algorithms and reinforcement learning. The performance evaluation was conducted using a simulation model that emulates KNUT’s campus and the adjoining local community area. The simulation results show significant improvements in two key metrics, specifically the ‘Request to Pick-up Time’ and ‘Request to Drop-off Time’ during high-demand periods over the single-shuttle operation. Additional simulation test with random service requests and stochastic passenger walking distances showed the potential adaptability across different settings.",,6,IEEE Access,"School of Built Environment, The University of New South Wales, Sydney, NSW, Australia",iee_rob_be
IEEE Xplore,9419531,10.1109/ISR50024.2021.9419531,Conferences,Development of Autonomous Material Transportation Robots: Mechanical Design and Safety Measurements,Kazuo Okuhata; Shingo Ino; Yoshinobu Mizobuchi; Guang Yang; Shuoyu Wang; Hajime Okamura,2021,"The shortage of young labor in construction sites can be addressed effectively if fully autonomous material transportation can be realized. In this work, we present a gate-type robot that can transport carts (loaded with building materials) up to five times of its own weight. Additionally, various types of measures including mechanical, electricidal, and control strategies have been considered for the safety of the workers, robots, and surroundings. The presented robots have been evaluated in real construction sites considering both manipulation capacity and safety performance.",,2,2021 IEEE International Conference on Intelligence and Safety for Robotics (ISR),"Satt Systems, Kochi, Japan",iee_rob_be
IEEE Xplore,4597939,10.1109/CCDC.2008.4597939,Conferences,Study of technology on path planning for mobile robots,Li Guangshun; Shi Hongbo,2008,"The research of intelligent robot technology is the hot topic recently. Intelligent robot path planning technology is one of the important domain in intelligent robot technologies’ research. The paper mainly includes global path planning and local path planning. The classification and present situation of mobile robot is summarized. In addition, the advantages and disadvantages of these algorithms are pointed out, and also some algorithms is improved. At last, the trend of mobile robot path planning is described.",,8,2008 Chinese Control and Decision Conference,"School of Information, East China University of Science and Technology, Shanghai, China",iee_rob_be
IEEE Xplore,5232499,10.1109/WMWA.2009.42,Conferences,The Construction of Autonomous-resource Systems in “Zero-approach” Teaching Mode Based on Web,Xianzhi Tian,2009,"With the teaching reform, ""zero-approach""teaching mode has been much more popular than before. The core spirit of the reform is to develop autonomy of students in universities. During the course of development, autonomous-material system is necessary to be built based on Web. The author has investigated the mode and put forward some useful measures to comply with present teaching reform in universities. In the investigation,the author paid much attention to the usages of methods of natural field observation and analytic statistical ones to get some effective conclusions.",,0,2009 Second Pacific-Asia Conference on Web Mining and Web-based Application,"Department of English, Faculty of English education, Wuhan University of Science and Technology, WuHan, China",iee_rob_be
IEEE Xplore,10918997,10.1109/ACCESS.2025.3550028,Journals,Evolutionary Parameter Tuning Method for a Graph-Based Path Planning Algorithm in Agricultural Robotic Manipulators,Seyed Abdollah Vaghefi; Mohd Faisal Ibrahim; Mohd Hairi Mohd Zaman,2025,"The successful execution of path planning algorithms can be substantially impacted by the selection of appropriate planner’s parameters. Identifying the optimal parameters suitable for a specific task and environment may require a heuristic process. For an agricultural robotic manipulator operating in a dynamic environment, achieving the optimal balance to satisfy many performance criteria can be challenging. This work addresses the issue of parameter tuning for a graph-based path planning algorithm called the Bi-directional Transition-based Rapidly Exploring Random Tree (BiTRRT) algorithm in a given high-dimensional search space environment. The objective of this work is to propose a highly efficient evolutionary tuning method, based on a genetic algorithm, that optimizes the parameters of the BiTRRT algorithm, taking into account the features and characteristics of a given task and working environment. The performance of the robotic manipulator is measured by the generated paths that minimize both planning and execution time. A genetic algorithm and a high-fidelity simulation are used together in the proposed method. This combines the benefits of a stochastic optimization approach with a substantial degree of real-world replication, facilitating the fine-tuning of the optimization process. The genetic algorithm was designed with a distinctive fitness function that encompasses the total path cycle time accumulated from various motion scenarios. A high-resolution three-dimensional occupancy grid map of a tree was created from stereo-depth camera pointcloud data for the high-fidelity simulation. Experimental results indicated that the BiTRRT algorithm, when optimized with optimal parameters, outperforms the baseline BiTRRT algorithm, yielding a 5.7% - 7.6% enhancement in the completion of path planning tasks varying in geometric complexity. Given the improvement in a robotic manipulator’s agricultural service life, operational productivity may substantially increase.",,0,IEEE Access,"Department of Electrical, Electronic and Systems Engineering, Faculty of Engineering and Built Environment, Universiti Kebangsaan Malaysia, Bangi, Selangor, Malaysia",iee_rob_be
IEEE Xplore,9731396,10.1109/REEPE53907.2022.9731396,Conferences,The Impact of Fiber Reinforcement on the Strength Characteristics of Concrete Used For the Construction of Hydraulic Structures,Natal'va Borisovna Mahova; Tatarinov Viktor Viktorovich; Sergey Serov; Novikov Vasiliy Konstantinovich; Alexey S. Dutov; Anastasiia Rozhok,2022,"In the process of construction, operation, and repair of buildings and structures, building products and structures from which they are built are subjected to various physical, mechanical, and technological impacts. When examining building structures, one of the indicators of their condition is the actual, or residual, strength of the material from which they are made. As a rule, the actual strength does not coincide with the design and with the initial strength. Construction materials such as concrete change their strength and deformation characteristics under load and in time; in addition, it can occur under the impact of special operating conditions and random factors. The paper discusses examples of improving the strength and deformation characteristics of concrete under operating conditions through fiber reinforcement with steel, glass, alkali, or polymeric materials.",,1,"2022 4th International Youth Conference on Radio Electronics, Electrical and Power Engineering (REEPE)","Federal State Autonomous Educational Institution of Higher Education, “Russian University of Transport”, RUT (MIIT) Academy of Water Transport, Moscow, Russia",iee_rob_be
IEEE Xplore,10077453,10.1109/TITS.2023.3248841,Journals,Communication and Control in Collaborative UAVs: Recent Advances and Future Trends,Shumaila Javaid; Nasir Saeed; Zakria Qadir; Hamza Fahim; Bin He; Houbing Song; Muhammad Bilal,2023,"The recent progress in unmanned aerial vehicles (UAV) technology has significantly advanced UAV-based applications for military, civil, and commercial domains. Nevertheless, the challenges of establishing high-speed communication links, flexible control strategies, and developing efficient collaborative decision-making algorithms for a swarm of UAVs limit their autonomy, robustness, and reliability. Thus, a growing focus has been witnessed on collaborative communication to allow a swarm of UAVs to coordinate and communicate autonomously for the cooperative completion of tasks in a short time with improved efficiency and reliability. This work presents a comprehensive review of collaborative communication in a multi-UAV system. We thoroughly discuss the characteristics of intelligent UAVs and their communication and control requirements for autonomous collaboration and coordination. Moreover, we review various UAV collaboration tasks, summarize the applications of UAV swarm networks for dense urban environments and present the use case scenarios to highlight the current developments of UAV-based applications in various domains. Finally, we identify several exciting future research direction that needs attention for advancing the research in collaborative UAVs.",,278,IEEE Transactions on Intelligent Transportation Systems,"Department of Control Science and Engineering, College of Electronics and Information Engineering, Tongji University, Shanghai, China",iee_rob_be
IEEE Xplore,10160589,10.1109/ICRA48891.2023.10160589,Conferences,Buoyancy enabled autonomous underwater construction with cement blocks,Samuel Lensgraf; Devin Balkcom; Alberto Quattrini Li,2023,"We present the first free-floating autonomous underwater construction system capable of using active bal-lasting to transport cement building blocks efficiently. It is the first free-floating autonomous construction robot to use a paired set of resources: compressed air for buoyancy and a battery for thrusters. In construction trials, our system built structures of up to 12 components and weighing up to 100 Kg (75 Kg in water). Our system achieves this performance by combining a novel one-degree-of-freedom manipulator, a novel two-component cement block construction system that corrects errors in placement, and a simple active ballasting system combined with compliant placement and grasp behaviors. The passive error correcting components of the system minimize the required complexity in sensing and control. We also explore the problem of buoyancy allocation for building structures at scale by defining a convex program which allocates buoyancy to minimize the predicted energy cost for transporting blocks.",,5,2023 IEEE International Conference on Robotics and Automation (ICRA),Dartmouth College,iee_rob_be
IEEE Xplore,5509878,10.1109/ROBOT.2010.5509878,Conferences,Factory floor: A robotically reconfigurable construction platform,Kevin C. Galloway; Rekha Jois; Mark Yim,2010,"Passive robotically-reconfigurable truss structures offer considerable utility as they can quickly adjust to changing functional requirements and resources at a level of sophistication that no human builder could match. Furthermore, robot built structures can be constructed in environments such as surface of Mars or in micro-gravity, which would otherwise be too time consuming or dangerous for humans. In this paper we discuss some of the mechanical design challenges of developing a passive robotically-reconfigurable truss system, and present the concept of the factory floor, which can construct truss-like structures without climbing on them. In the proposed system, each level is constructed on a ground plane using a truss and node configuration and is elevated to make room for the next level. This process is repeated to create 3D truss structures or reversed to decompose the structure for the next task.",,29,2010 IEEE International Conference on Robotics and Automation,"Department of Mechanical Engineering and Applied Mechanics, University of Pennsylvania, Philadelphia, PA, USA",iee_rob_be
IEEE Xplore,9861808,,Conferences,Modular Control Architecture for Reconfigurable Fabrication Systems for Prefabrication in Construction,Benjamin Kaiser; Martin Wolf; Alexander Verl,2022,"In comparison to the automotive and manufacturing industries, the level of automation and productivity in the construction sector is still relatively low. The construction industry requires high flexibility in automation to meet its specific needs. The use of modern building systems with improved structural properties and lower resource consumption results in many uniquely shaped components. The fabrication of these components requires a high level of control over the prefabrication process. Recent work in this area introduces the concept of a reconfigurable, modular, and transportable robotic platform for prefabrication. This fabrication platform can be set up for fabrication at local companies. The modular approach allows quick reconfiguration of the system to different projects and keeps downtime between them low. However, this requires that the modularity of the platform is also reflected in the control system and the software. We propose a suitable control framework based on the Robot Operating System (ROS), that similarly supports reconfiguration of the system and adaption to the requirements of individual projects. The control implements self-configuration from AutomationML-models of the fabrication system. Augmented Reality (AR) supported cooperative integration of human labor into the prefabrication system increases its flexibility and adaptability. In support of this goal, the proposed control architecture provides an interface that enables AR-based interaction with the prefabrication system.",,1,ISR Europe 2022; 54th International Symposium on Robotics,,iee_rob_be
IEEE Xplore,10664650,10.1109/TNNLS.2024.3442433,Journals,6-D Object Pose Estimation Based on Point Pair Matching for Robotic Grasp Detection,Sheng Yu; Di-Hua Zhai; Yufeng Zhan; Wencai Wang; Yuyin Guan; Yuanqing Xia,2025,"The 6-D pose estimation is a critical work essential to achieve reliable robotic grasping. Currently, the prevalent method is reliant on keypoint correspondence. However, this approach hinges on the determination of object keypoint locations, alongside their detection and localization in real scenes. It also employs the random sample consensus (RANSAC)-based perspective-n-point (PnP) algorithm to solve the pose. Yet, it is nondifferentiable and incapable of backpropagation with loss during the training phase. Alternatively, the direct regression method, while speedy and differentiable, falls short in terms of pose estimation performance, and thus needs enhancement. In view of these gaps, we investigate PPM6D, a new method for 6-D object pose estimation based on regression and point pair matching. Our methodology begins with a proposed cross-fusion module, designed to achieve the fusion and complementation of RGB features and point cloud features. Subsequently, an attention module adjusts the features of the object’s 3-D model. Finally, we design a point pair matching module for effective matching of points and characteristics, resulting in an integral matching and fusion. PPM6D is extensively trained and tested utilizing benchmark datasets like LINEMOD, occlusion LINEMOD (LINEMOD-occ), YCB-Video, and T-LESS dataset. Experimental results prove that PPM6D can outperform many keypoint-based pose estimation methods, given its relatively rapid speed, thereby offering novel regression-based pose estimation ideas. When applied to real-world scenarios of object pose estimation tasks and grasp tasks of an actual Baxter robot, PPM6D demonstrates superior performance as compared to most alternatives.",,2,IEEE Transactions on Neural Networks and Learning Systems,"School of Automation, Beijing Institute of Technology, Beijing, China",iee_rob_be
IEEE Xplore,1506764,10.1109/COASE.2005.1506764,Conferences,Automating inspection and documentation of remote building construction using a robotic camera,Dezhen Song; Qiang Hu; Ni Qin; K. Goldberg,2005,"When constructing buildings, frequent inspection and detailed visual documentation are important but may not be feasible in remote or dangerous environments. We describe a networked robotic camera system that can automatically monitor construction details and allow remote human experts to zoom in on features as construction proceeds to archive the construction process over time, thereby reducing travel cost and human risk. We describe system architecture, interface design, data structures, and algorithms for such systems. We also report initial experimental results from cameras at two outdoor construction sites.",,4,"IEEE International Conference on Automation Science and Engineering, 2005.","CS Department, Texas A and M University, College Station, TX, USA",iee_rob_be
IEEE Xplore,9428653,10.1109/JAS.2021.1004015,Journals,An Ellipsoidal Set-Membership Approach to Distributed Joint State and Sensor Fault Estimation of Autonomous Ground Vehicles,Eman Mousavinejad; Xiaohua Ge; Qing-Long Han; Teng Joon Lim; Ljubo Vlacic,2021,"This paper is concerned with the problem of distributed joint state and sensor fault estimation for autonomous ground vehicles subject to unknown-but-bounded (UBB) external disturbance and measurement noise. In order to improve the estimation reliability and performance in cases of poor data collection and potential communication interruption, a multi-sensor network configuration is presented to cooperatively measure the vehicular yaw rate, and further compute local state and fault estimates. Toward this aim, an augmented descriptor vehicle model is first established, where the unknown sensor fault is modeled as an auxiliary state of the system model. Then, a new distributed ellipsoidal set-membership estimation approach is developed so as to construct an optimized bounding ellipsoidal set which guarantees to contain the vehicle's true state and the sensor fault at each time step despite the existence of UBB disturbance and measurement noises. Furthermore, a convex optimization algorithm is put forward such that the gain matrix of each distributed estimator can be recursively obtained. Finally, simulation results are provided to validate the effectiveness of the proposed approach.",,76,IEEE/CAA Journal of Automatica Sinica,"School of Electrical and Information Engineering, The University of Sydney, Sydney, NSW, Australia",iee_rob_be
IEEE Xplore,10114627,10.1109/TASE.2023.3270489,Journals,Fully Distributed Hierarchical ET Intrusion- and Fault-Tolerant Group Control for MASs With Application to Robotic Manipulators,Pei-Ming Liu; Xiang-Gui Guo; Jian-Liang Wang; Xiang-Peng Xie; Fu-Wen Yang,2024,"This paper studies group synchronization tracking problem for a class of high-order multi-agent systems (MASs) with nonidentical and unknown direction faults (NUDFs) under multiple cyber attacks (i.e., denial-of-service (DoS) attacks and false data injection attacks (FDIAs)). Be motivated by this, a fully distributed hierarchical (cyber layer and physical layer) Zeno-free event-triggered (ET) intrusion- and fault-tolerant controller is presented based on Nussbaum-type gain technique, where a positive inter-event time exists in the state-dependent asynchronous ET mechanism (ETM). The constructed virtual cyber layer realizes the interaction among different agents so as to avoid the interaction in physical processes and thus reduce the error propagation. This two layer controller greatly increase the flexibility of the controller design compared with single-layer control strategies. In addition, a novel Nussbaum function stability lemma (Lemma 4) is developed for the first time. Based on this lemma, the fully distributed adaptive controller can adjust the direction of the input to match the fault direction with the help of Nussbaum function. Finally, a robotic manipulator example demonstrates the effectiveness and merit of the proposed control scheme.Note to Practitioners—In industrial processes, NUDFs and cyber attacks often occur in many different systems, which usually lead to performance degradation or even serious accidents. Typically, NUDFs affect the performance of chemical and industrial processes, circuits, and sensors. Meanwhile, in driverless vehicle platoon, attackers change the control signal through the wireless network, and then issue emergency braking commands, etc. Therefore, this paper designs a fully distributed hierarchical ET intrusion- and fault-tolerant scheme for high-order MASs that are usually used to model ship dynamics, robotic manipulators, and quarter-car active suspension. The control scheme gives solutions to the problem of NUDFs, multiple cyber attacks, and network bandwidth limitations at different layers, and effectively integrates the physical and cyber layers to achieve group synchronization. Meanwhile, a new event-triggered mechanism under the framework of group synchronization is developed to save communication resources. Robotic manipulator simulation studies verify the validity of the proposed scheme.",,21,IEEE Transactions on Automation Science and Engineering,"School of Beijing Engineering Research Center of Industrial Spectrum Imaging, School of Automation and Electrical Engineering, University of Science and Technology Beijing, Beijing, China",iee_rob_be
IEEE Xplore,1438566,,Conferences,Construction robotics and automation: past-present-future,T. Bock,2004,"In the seventies robotics and automation had been first introduced in prefabrication of components and houses. In the eighties first mobile onsite construction robots had been developed. These developments were followed by integrated building construction sites in the nineties. Presently humanoid robotic technology is being developed for construction site and building service application. This paper shows examples from Japan, USA and Europe",,3,"Proceedings World Automation Congress, 2004.","Realizaiton and Informatics, Munich, Germany",iee_rob_be
IEEE Xplore,9345362,10.1109/LRA.2021.3056342,Journals,A Heteroscedastic Likelihood Model for Two-Frame Optical Flow,Timothy Farnworth; Christopher Renton; Reuben Strydom; Adrian Wills; Tristan Perez,2021,"Machine vision is an important sensing technology used in mobile robotic systems. Advancing the autonomy of such systems requires accurate characterisation of sensor uncertainty. Vision includes intrinsic uncertainty due to the camera sensor and extrinsic uncertainty due to environmental lighting and texture, which propagate through the image processing algorithms used to produce visual measurements. To faithfully characterise visual measurements, we must take into account these uncertainties. In this letter, we propose a new class of likelihood functions that characterises the uncertainty of the error distribution of two-frame optical flow that enables a heteroscedastic dependence on texture. We employ the proposed class to characterise the Farnebäck and Lucas Kanade optical flow algorithms and achieve close agreement with their respective empirical error distributions over a wide range of texture in a simulated environment. The utility of the proposed likelihood model is demonstrated in a visual odometry ego-motion study, which results in performance competitive with contemporary methods. The development of an empirically congruent likelihood model advances the requisite tool-set for vision-based Bayesian inference and enables sensor data fusion with GPS, LiDAR and IMU to advance robust autonomous navigation.",,2,IEEE Robotics and Automation Letters,"Faculty of Engineering, and Built Environment, The University of Newcastle, Callaghan, NSW, Australia",iee_rob_be
IEEE Xplore,9881537,10.1109/TMAG.2022.3205106,Journals,Development of an Autonomous Magnetic Permeability Sensor,Polychronis Pattakos; Angelos Katsoulas; Spyridon Angelopoulos; Aphrodite Ktena; Panagiotis Tsarabaris; Evangelos Hristoforou,2023,"In our days, there is an undeniable need for control over the quality of metals in machines, metal components, tools, and construction materials during production and maintenance. Nondestructive testing sensors have been proven to be the most effective way of determining the quality of the composition of materials since they can detect flaws, not only during their construction but also during maintenance, without interfering with, or obstructing, their use. This article focuses on the measurement of the magnetic permeability of ferromagnetic steels and alloys as a nondestructive method of correlating magnetic properties with residual stresses based on the use of a yoke-shaped sensor. Most importantly, an electromagnetic energy harvesting system has been designed and tested, based on the exploitation of mechanical vibrations. The combination of the sensor and the energy harvesting system can lead to an energy autonomous device, which can be placed in inaccessible locations for remote nondestructive testing where measurements can be taken and transmitted autonomously every 10 min. Said transmission is realized by a network of yoke sensors in multiplex configuration and sent to a central sensor, leading to an Internet of Things usable device.",,3,IEEE Transactions on Magnetics,"School of Electrical and Computer Engineering, National Technical University of Athens, Athens, Greece",iee_rob_be
IEEE Xplore,10316630,10.1109/TNNLS.2023.3330011,Journals,Category-Level 6-D Object Pose Estimation With Shape Deformation for Robotic Grasp Detection,Sheng Yu; Di-Hua Zhai; Yuyin Guan; Yuanqing Xia,2025,"Category-level 6-D object pose estimation plays a crucial role in achieving reliable robotic grasp detection. However, the disparity between synthetic and real datasets hinders the direct transfer of models trained on synthetic data to real-world scenarios, leading to ineffective results. Additionally, creating large-scale real datasets is a time-consuming and labor-intensive task. To overcome these challenges, we propose CatDeform, a novel category-level object pose estimation network trained on synthetic data but capable of delivering good performance on real datasets. In our approach, we introduce a transformer-based fusion module that enables the network to leverage multiple sources of information and enhance prediction accuracy through feature fusion. To ensure proper deformation of the prior point cloud to align with scene objects, we propose a transformer-based attention module that deforms the prior point cloud from both geometric and feature perspectives. Building upon CatDeform, we design a two-branch network for supervised learning, bridging the gap between synthetic and real datasets and achieving high-precision pose estimation in real-world scenes using predominantly synthetic data supplemented with a small amount of real data. To minimize reliance on large-scale real datasets, we train the network in a self-supervised manner by estimating object poses in real scenes based on the synthetic dataset without manual annotation. We conduct training and testing on CAMERA25 and REAL275 datasets, and our experimental results demonstrate that the proposed method outperforms state-of-the-art (SOTA) techniques in both self-supervised and supervised training paradigms. Finally, we apply CatDeform to object pose estimation and robotic grasp experiments in real-world scenarios, showcasing a higher grasp success rate.",,12,IEEE Transactions on Neural Networks and Learning Systems,"School of Automation, Beijing Institute of Technology, Beijing, China",iee_rob_be
IEEE Xplore,240624,10.1109/ICAR.1991.240624,Conferences,Advanced robotics in civil engineering and construction,R. Kangari,1991,"The goal of research in developing construction robot is to build robots which are more flexible, adjustable, and able to cope with constantly changing construction environments. Research and development in construction robots is intended to extend present capabilities of conventional equipment to an integrated and fully automated system. An ancillary benefit of this type of research is an understanding of the key problems that need to be solved in construction engineering. As with any technology, new solutions bring new problems. One of the most serious problems currently facing automation in the construction industry is the integration of information. This integration must occur in a cost effective and productive manner without loss of current construction functionality. These robots represent the integration of many different ideas and technologies into a working system. The challenge of building construction robots is a challenge of integrating not only robot components, but also of integrating construction experiences, ideas, and technology.<>",,7,Fifth International Conference on Advanced Robotics 'Robots in Unstructured Environments,"School of Civil Engineering, Georgia Institute of Technology, Atlanta, GA, USA",iee_rob_be
IEEE Xplore,9716178,10.1109/QIR54354.2021.9716178,Conferences,Obstacle Awareness System of An Indoor UAV with Multi-Sensor Fusion Algorithm,Lisa Kristiana; Nurjana Ariffilah Idris; Auralius Oberman Manurung; Arsyad Ramadhan Darlis; Irma Amelia Dewi; Lita Lidyawati,2021,"A Flying Ad-hoc network (FANET) emerges recently due to its flexibility in terms of flying tracks and movements. As one type of Unmanned Aerial Vehicles (UAVs), a drone can be considered as the low-cost platform to implement the FANET. In a particular case, the flying tracks and movements of a drone can encounter inevitable obstacles such as building construction and any random objects. Thus, this paper focused on the obstacle issue in drone’s movements and proposed the feasibility of Sensor Fusion algorithm to distinguish the obstacle in the indoor environment. Under two conditions: single and multiple obstacles scenarios, the autonomous drone implementing Kalman Filter in Sensor Fusion experienced the real time response linearly as the distance increases.",,1,2021 17th International Conference on Quality in Research (QIR): International Symposium on Electrical and Computer Engineering,"department of informatics, institut teknologi nasional bandung, Bandung, Indonesia",iee_rob_be
IEEE Xplore,8376287,10.1109/SIMPAR.2018.8376287,Conferences,CU-brick cable-driven robot for automated construction of complex brick structures: From simulation to hardware realisation,Yulong Wu; Hung Hon Cheng; Adam Fingrut; Kristof Crolla; Yeung Yam; Darwin Lau,2018,"Robotic building construction has had significant advances in the recent decades, but also has various limitations. In particular, construction typically requires a robot to operate within a large space for long hours and be able to transport between sites. Cable-driven parallel robots (CDPRs) show strong potentials within the automation of construction due to its desirable characteristics, such as high payload-to-weight ratio, transportability, scalability and reconfigurability. This paper proposes a simulation-based analysis, design and pre-execution verification for a cable-driven brick structure building system (CU-Brick), among which a way to determine the buildable workspace where the construction could be constructed is proposed. Simulations are used to do the workspace analysis, design of the brick structure within the workspace and also verification that the motions can be executed. Using this simulation approach, real demonstrations have been performed to show that indeed the system is able to construct the brick structures safely and consistently.",,44,"2018 IEEE International Conference on Simulation, Modeling, and Programming for Autonomous Robots (SIMPAR)","Department of Mechanical and Automation Engineering, The Chinese University of Hong Kong, Hong Kong",iee_rob_be
IEEE Xplore,11193176,10.1109/CVAA66438.2025.11193176,Conferences,A BIM-Driven Digital Twin Framework for Human–Robot Collaborative Construction with On-Site Scanning and Adaptive Path Planning,Mingyang Yuan; Hedi Mao; Wen Qin; Bentian Wang,2025,"As the Architecture 4.0 paradigm advances, integrating robotic systems into construction workflows has become vital to address labor shortages and enhance execution precision. However, conventional BIM-based automation struggles to cope with dynamic, cluttered on-site environments. This study presents a closed-loop digital twin framework that fuses 3D BIM modeling, real-time sensor-based site scanning, and human-robot interaction to enable adaptive collaboration in architectural construction. The system continuously updates its digital twin using LiDAR and RGB-D DATA to capture spatial deviations, unexpected obstacles, and environmental changes. Based on these inputs, the robot’s motion trajectories are recalculated through an online path replanning module. We validate the system using a wall panel dry-hanging case, involving a 6 degrees of freedom (6 DoF) ABB robotic arm and a Unity-VR interface for immersive human supervision. Across 24 experimental runs in cluttered environments, the adaptive system achieved a $92.4 \%$ average placement accuracy, reducing positioning error by $47 \%$ compared to static BIM-based workflows. Obstacle avoidance success rate reached $\mathbf{9 5. 8 \%}$, and average task completion time decreased by $18.6 \%$ due to reduced manual intervention. These results demonstrate the framework’s potential to transition construction robotics from pre-scripted automation to intelligent, real-time collaboration.",,0,"2025 5th International Conference on Computer Vision, Application and Algorithm (CVAA)","University of Pennsylvania, Philadelphia, United States",iee_rob_be
IEEE Xplore,11503643,10.1109/JSEN.2026.3687552,Early Access Articles,TCF-Net: A two-stage coarse-to-fine network based on visual sensors for the detection of Cordyceps sinensis,Zihao Xia; Zhoupeng Guo; Kang He; Donghao Wu; Chi Liu; Zhuo Fu; Liyong Ma,2026,"Cordyceps sinensis has a small target size and its color and texture are highly similar to the background, which leads to low efficiency and high error rate in manual identification. To address these issues, this study proposes and constructs a two-stage coarse-to-fine detection network (TCF-Net) integrated into a custom robot platform, aiming to achieve real-time detection of Cordyceps sinensis in complex natural environments. The main components of this study include: Firstly, the global-local collaboration module (GL-Former) is proposed. This module models long-distance dependencies through a cross-shaped window self-attention mechanism to locate potential target areas, and introduces gated depth convolution to inject local spatial prior information, thereby helping to suppress the ""texture drowning "" effect caused by background similarity and improve the discrimination between the target and the background. Secondly, a cross-layer reverse attention module (CRAD) was designed. This module is guided based on deep semantic features and actively restores and enhances the details of small targets that are prone to loss in shallow networks through the reverse attention mechanism, in order to alleviate the problem of weakened features of small targets. Finally, the lightweight TCF-Net model was deployed on the autonomous robot platform, achieving real-time recognition. On the self-built Cordyceps sinensis dataset, the average precision (mAP) of TCF-Net reached 48.7%. Compared with the existing methods, there was an improvement in small target detection (APS = 32.0%). The model parameter count is 22.8M (a 15.5% reduction from the baseline), and the inference speed on Intel NUC reaches 32.1 frames per second, meeting the real-time requirements. The integration of hardware and software facilitates practical deployment, verifies the effectiveness of this method in the intelligent detection task of Cordyceps sinensis, and demonstrates its application potential in the field of agricultural automation.",,0,IEEE Sensors Journal,"School of Mechanical Engineering of Hebei University of Architecture and Hebei Technology Innovation Center for Intelligent Production Line of Prefabricated Building Components, Zhangjiakou, China",iee_rob_be
IEEE Xplore,10158167,10.1109/ACEDPI58926.2023.00112,Conferences,An Autonomous Landing Simulation System for UAV Tracking Mobile Carriers Based on Visual Servo,Qinlin Li; Mohammad Arif Bin Ilyas; Nazhatul Hafizah Binti Kamarudin,2023,"With the development of information technology, the fields of aerospace, electronic information, navigation and positioning are constantly developing in the direction of intelligence. The UAV, as an important part of modern military equipment, has been rapidly developed and widely used, but currently UAVs are flying according to the way the vehicle is designed to be structured. However, with the development of technology, the way in which vehicle structures used to be designed, manufactured and assembled has changed considerably and is also playing an increasingly important role in different fields. The main objective of this paper is to investigate the design of a simulation system for UAV tracking and autonomous landing based on visual servoing. This paper addresses the shortcomings of the current UAV autonomous landing simulation technology and proposes a visual servo-based UAV tracking mobile carrier autonomous landing simulation system, which carries out motion simulation calculations such as motion trajectory measurement at the landing point and autonomous landing through the mobile carrier carried by the UAV autonomously. The simulation system does not affect the aircraft landing process, but also provides a new idea and method for the study of the autonomous landing mechanism of mobile carriers. The simulation system mainly consists of three basic structures: the UAV body, the mobile carrier and the visual servo; the simulation system mainly completes the autonomous landing process of the UAV carrier through two control methods: one is real-time motion control; the other is the tracking path parameter optimisation algorithm; the target attitude information is obtained for the landing simulation calculation under the two control methods. The system will provide a new way of thinking and a new method for the research of the UAV autonomous landing mechanism.",,0,"2023 Asia-Europe Conference on Electronics, Data Processing and Informatics (ACEDPI)","Faculty of Engineering, Chengdu College of university of Electronic Science and Technology of China, Chengdu, Sichuan, China",iee_rob_be
IEEE Xplore,668510,10.1109/IECON.1997.668510,Conferences,A vehicle for a mobile masonry robot,H.F. Steffani; J. Fliedner; R. Gapp,1997,"Within an ESPRIT III project a mobile masonry robot was designed. After a global project overview the kinematic equations of a vehicle with three degrees of freedom are derived. The structure for the low-level controller can easily be adapted to several combinations of sensors like path-line, compass, dead-reckoning or absolute posture of the vehicle. A simple interpolator is integrated but can be replaced by a more sophisticated solution.",,1,"Proceedings of the IECON'97 23rd International Conference on Industrial Electronics, Control, and Instrumentation (Cat. No.97CH36066)","Technical University of Chemnitz-Zwickau, Chemnitz, Germany",iee_rob_be
IEEE Xplore,11237626,10.1049/icp.2025.3093,Conferences,Research on building construction process monitoring and intelligent prediction model based on deep learning,Xiu Luo; Zhouxin Yi,2025,"This study focuses on the monitoring and intelligent prediction of building construction process, and proposes a model framework based on deep learning. According to the characteristics of complex and multi-source data in construction site, a multi-modal data collaborative processing framework is constructed, which integrates monitoring video, sensor data and construction logs. In the aspect of anomaly detection, the improved YOLOv5s+Transformer architecture is adopted to realize the efficient identification of construction safety hazards, and its mAP@0.5 reaches 89.7%, FNR is 5.2%, and the delay is only 38ms, which is significantly better than the traditional method. For the prediction of construction progress, the spatio-temporal graph convolutional networks (ST-GCN) model is used to effectively capture the information of time and space dimensions. In the 7-day, 14-day and 30-day prediction periods, the RMSE is 0.89, 1.23 and 1.47 respectively, which shows high prediction accuracy. In the quality prediction module, physical information neural network (PINN) is introduced, which combines physical principles with neural network training to greatly reduce the prediction error of concrete strength. Through multi-modal data fusion, the performance of the model in safety monitoring, progress prediction and quality prediction is further improved. The experimental results show that the model has wide adaptability and high accuracy in various construction scenarios, and it can still maintain good performance in extreme weather conditions and data fusion of different brands of sensors. In cross-site migration learning, domain adaptation and federated learning methods can effectively improve the performance of the model in the new site environment, although it requires a certain training cost, but it has high application value.",,0,4th International Conference on Artificial Intelligence and Autonomous Robot Systems (AIARS 2025),"Chengdu Technological University, Chengdu, 611730, Sichuan, People's Republic of China",iee_rob_be
IEEE Xplore,10260438,10.1109/CASE56687.2023.10260438,Conferences,"Design Changes, Saving Materials and Energy in Food Serving Robot Via Topology Optimization",Moh'd Alsadeq Allouzi; Ibrahim Sheikh Mohamed; Abdelrahman Elbashir; Mohammed Hashem Al-Kuhali; Moath Alfaqeeh; Abdilrzak Farah; Nour Eldin Beit; Elango Natarajan,2023,"This paper explores the use of topology optimization in enhancing the design of an automated guided vehicle, known as Bento-bot. The fear of disease transmission has led to an increased interest in utilizing robots in the food service industry, particularly in indoor food delivery. The Bento-bot is a robot designed to deliver food to the desired table, and this study seeks to optimize its design to improve stability and reduce energy consumption, thereby enhancing battery life. This paper provides a review of AGV technology and topology optimization before presenting the Bento-bot design. Using the Bento-bot as a case study, the paper applies topology optimization techniques to enhance the robot's stability and reduce energy consumption. The results indicate that the optimized design enhanced the robot's performance by decreasing its mass by 51.9% and power consumption by 28.9% to 51.9% under varying load condition, thus increasing the robot's battery life.",,1,2023 IEEE 19th International Conference on Automation Science and Engineering (CASE),"Faculty of Engineering, Technology and Built Environment, UCSI University, Kuala Lumpur, Malaysia",iee_rob_be
IEEE Xplore,9668636,10.1109/AUTEEE52864.2021.9668636,Conferences,Operation system design of SMA automatic trim machine based on PLC,Xiaochuan Yu; Anning Chen; Xingkun Dong; Haijun Zhou; Hongwei Ren; Xin Cheng,2021,"In recent years, with the rapid development of electronic industry, integrated circuit automatic packaging technology has been improved. At the same time, because of PLC software application technology increasingly mature, PLC as the controller of integrated circuit automatic packaging system is not only perfect technology, application is also very wide. In this paper, on the basis of packaging system and manipulator control system and other research results, the design of PLC as the controller of the manipulator system, not only can replace the heavy human labor, but also does not affect the use of the original packaging equipment.",,0,"2021 IEEE 4th International Conference on Automation, Electronics and Electrical Engineering (AUTEEE)","Shandong Junyu Electronic Technology Co., LTD, Linyi, China",iee_rob_be
IEEE Xplore,11175472,10.1109/ACCESS.2025.3612811,Journals,A Comprehensive Review of Agricultural Ground Automatic Navigation Systems Based on Multi-Sensor Fusion,Junjin Yang; Noraishikin Zulkarnain; Mohd Faisal Ibrahim; Ili Najaa Aimi Mohd Nordin; Seyed Abdollah Vaghefi,2025,"In a complex and changing agricultural environment, achieving autonomous navigation of agricultural robots and field machinery is a fundamental prerequisite for completing various farming tasks. However, because of the unstructured nature, high dynamics, and signal interference commonly found in agricultural scenarios, achieving high-precision autonomous navigation in such challenging environments remains a significant research challenge. In response to the unique complexity of agricultural settings, this study outlines the evolution of agricultural navigation technologies from single-sensor systems to advanced multi-sensor approaches and systematically evaluates the applicability of commonly used single-sensor methods in complex field environments. The findings indicate that, among single-sensor navigation applications, vision-based techniques are more widely adopted in agricultural scenarios. In contrast, for multi-sensor navigation, integrated systems combining inertial navigation systems and global navigation satellite systems are the most prevalent. Furthermore, in terms of multi-sensor fusion algorithms, kalman filters and their extended variants are extensively employed, demonstrating strong robustness and adaptability. These analyses can offer valuable theoretical foundations and practical guidance for the selection and optimization of fusion strategies in future agricultural navigation systems. This study also compared global and local path planning algorithms. Finally, practical applications of fusion technologies in various agricultural scenarios are discussed.",,2,IEEE Access,"Department of Electrical, Electronic and Systems Engineering, Faculty of Engineering and Built Environment, UKM, Bangi, Selangor, Malaysia",iee_rob_be
IEEE Xplore,6907009,10.1109/ICRA.2014.6907009,Conferences,Automatic real-world assembly of machine-designed structures,Luzius Brodbeck; Fumiya Iida,2014,"Several approaches have been presented which allow robots to build structures to adapt themselves or their environments. To autonomously build these structures, a design must be made, from which instructions for the fabrication process can be derived. For a constrained fabrication process, e.g. considering the limited range of a robot, this transfer can be cumbersome. We present a local building process based on a sequence of two distinct operations, which implicitly encodes the shape of a structure. Given this encoding, the structure can readily be built with a real-world robotic system. We show automatic design of structures reaching out of the robot's range and fulfilling stability and strength constraints using an evolutionary design algorithm. The final design can then be built with a robotic arm from wooden cubes and hot melt adhesives. We demonstrate the whole process including the construction of a structure from more than thirty cubes with our real-world setup. We expect that automatic design and construction can further improve the physical adaptability of robotic systems.",,5,2014 IEEE International Conference on Robotics and Automation (ICRA),"Department of Mechanical and Process Engineering, Bio-Inspired Robotics Laboratory, Zurich, Switzerland",iee_rob_be
IEEE Xplore,9735376,10.1109/LRA.2022.3159288,Journals,Learning Robotic Manipulation of Natural Materials With Variable Properties for Construction Tasks,Nicolas Kubail Kalousdian; Grzegorz Łochnicki; Valentin N. Hartmann; Samuel Leder; Ozgur S. Oguz; Achim Menges; Marc Toussaint,2022,"The introduction of robotics and machine learning to architectural construction is leading to more efficient construction practices. So far, robotic construction has largely been implemented on standardized materials, conducting simple, predictable, and repetitive tasks. We present a novel mobile robotic system and corresponding learning approach that takes a step towards assembly of natural materials with anisotropic mechanical properties for more sustainable architectural construction. Through experiments both in simulation and in the real world, we demonstrate a dynamically adjusted curriculum and randomization approach for the problem of learning manipulation tasks involving materials with biological variability, namely bamboo. Using our approach, robots are able to transport bamboo bundles and reach to goal-positions during the assembly of bamboo structures.",,13,IEEE Robotics and Automation Letters,"Institute for Computational Design and Construction, University of Stuttgart, Stuttgart, Germany",iee_rob_be
IEEE Xplore,7579627,10.1109/TITS.2016.2606492,Journals,On the Impact of Cooperative Autonomous Vehicles in Improving Freeway Merging: A Modified Intelligent Driver Model-Based Approach,Mofan Zhou; Xiaobo Qu; Sheng Jin,2017,"Transport researchers and practitioners have long been seeking capable solutions to deal with the traffic oscillations caused by freeway merging. Although existing approaches based on ramp metering have improved the overall efficiency of on-ramps, their performance is still far below the theoretical capacity. The recently proposed detecting technology of autonomous vehicles (AVs) provides an alternative for maximizing the merging efficiency by developing and using appropriate controllers for AVs. In this paper, we develop a cooperative intelligent driver model in order to examine the system performance under different proportions of AVs. The results show that, with a proper vehicle-to-vehicle controlling mechanism, an increasing percentage of AVs will reduce the total travel time and smooth traffic oscillations.",,107,IEEE Transactions on Intelligent Transportation Systems,"School of Engineering, Griffith University, Gold Coast, QLD, Australia",iee_rob_be
IEEE Xplore,10871337,10.1109/SIN63213.2024.10871337,Conferences,Enhancing Security and Privacy in Federated Learning for Connected Autonomous Vehicles With Lightweight Blockchain and Binius ZeroKnowledge Proofs,Ny Hasina Andriambelo; Naghmeh Moradpoor,2024,"The rise of Autonomous Vehicles (AVs) brings with it the need for secure and privacy-preserving machine learning models. Federated Learning (FL) allows AVs to collaboratively train models while keeping raw data localized. However, traditional FL systems are vulnerable to security threats, including adversarial attacks, data breaches, and dependency on a central aggregator, which can be a single point of failure. To address these concerns, this paper introduces a peer-to-peer decentralized federated learning system that integrates lightweight blockchain technology and Binius Zero- Knowledge Proofs (ZKPs) to enhance security and privacy. In this system, Binius ZKPs ensure that model updates are cryptographically verified without exposing sensitive information, guaranteeing data confidentiality and integrity during the learning process. The lightweight blockchain framework secures the network by creating an immutable, decentralized record of all model updates, thus preventing tampering, fraud, or unauthorized modifications. This decentralized approach eliminates the need for a central aggregator, significantly enhancing system resilience to attacks and making it suitable for dynamic environments like AV networks. Additionally, the system's design includes Byzantine resilience, providing protection against adversarial nodes and ensuring that the global model aggregation process remains robust even in the presence of malicious actors. Extensive performance evaluations demonstrate that the system achieves low-latency, scalability, and efficient resource usage while maintaining strong security and privacy guarantees, making it an ideal solution for real-time federated learning in autonomous vehicle networks. The proposed framework not only ensures privacy but also fosters trust among participants in a fully decentralized environment.",,2,2024 17th International Conference on Security of Information and Networks (SIN),"Cognitive Sciences and Applications, University of Antananarivo, Madagascar",iee_rob_be
IEEE Xplore,5381858,10.1109/ETT.2009.29,Conferences,"Study on Seedtime of ""Zero-Approach"" Teaching Mode (ZATM) Based on Web",Xianzhi Tian,2009,"With development of teaching reform, more and more studies are centered on improving autonomy of students in universities. As for students in English major, a variety of reforms of teaching mode have attached researchers' attentions. The most important one lies on reform of ""zero-approach"" teaching mode based on web. The reform is based on humanism and discovery learning theory. It mainly covers the following aspects in independent colleges of China: reform aim, reform course, reform measures and reform evaluation. In the paper, the author has made some surveys from its development and reform measures with qualitative and quantitative studies. Thus some problems can be found and some sound results can be got that ""zero-approach"" teaching mode is not a laisser faire teaching mode, but a autonomous teaching mode. In its autonomous teaching mode, ""zero-approach"" resource pool can be constructed and ""zero-approach"" evaluation system is also established. And roles of teachers are really turned to ""guide"" instead of ""infusing"".",,1,2009 Second International Conference on Education Technology and Training,"Department of English, WuHan University of Science and Technology, Wuhan, China",iee_rob_be
IEEE Xplore,11486935,10.1109/CAC67268.2025.11486935,Conferences,An Improved Transparent Object Pose Estimation Method for Materialization Laboratory Applications,Shufan Li; Xiang Zhu; Zhizhi Cang; Wencai Wang; Di-Hua Zhai; Yuanqing Xia,2025,"To mitigate the degradation of pose estimation accuracy caused by the optical characteristics of transparent instruments in materialization laboratories, an instance-level pose estimation algorithm based on multi-stage and multi-scale texture feature extraction is proposed. The framework integrates HRNet and ASPP modules to extract fine-grained texture features from RGB images, while pose prediction is refined through keypoint detection and multi-stage feature fusion. Final 6D poses are computed using the PnP algorithm with known 3D models. The proposed method is trained and evaluated on a synthetic transparent object dataset generated via NVISII and further validated in real-world experiments using a dual-arm robotic platform. Experimental results demonstrate superior accuracy and generalization capability in complex scenarios, confirming the method’s effectiveness and robustness for intelligent robotic operations in materialization laboratory environments.",,0,2025 China Automation Congress (CAC),Beijing Institute of Technology,iee_rob_be
IEEE Xplore,10132798,,Books,2 The Future of Automation: Designers Redesign Robotics,Mario Carpo,2023,"As the name suggests, computational design is based on the use of electronic computers, and it is therefore generally assumed that the rise of CAD has been driven primarily by the technical logics of the computers we use to notate and calculate architectural forms.<superscript>1</superscript> This storyline can make us forget the role, and influence, of the tools for computer-driven manufacturing and fabrication that some industries first adopted in the late 1950s, and designers started to use extensively as of the mid-1990s. When architects began some serious tinkering with computer-aided design they could not help but realize that the computers we use to draw objects on the screen can not only print out those drawings on paper&#x2014;hooked up to different peripherals, they can also print out the same objects in 3D, and fabricate them right away. As a result, the integration of computer-aided drawing and manufacturing (CAD-CAM) has been at the core of digital design theory from the very start, and the machinery for numerically controlled fabrication adopted over time has often been as influential and even inspirational for designers as the software at the core of the computer systems themselves.",,0,Beyond Digital: Design and Automation at the End of Modernity,The Bartlett School of Architecture,iee_rob_be
IEEE Xplore,220069,10.1109/ROBOT.1992.220069,Conferences,Soft materials for robotic fingers,K.B. Shimoga; A.A. Goldenberg,1992,"Three potential problems exist in multifingered hands. The impact forces that result during each instant of grasping a rigid object can affect the functioning of the finger tip sensor. A hand with hard fingers cannot securely grasp objects that have uneven surfaces due to the poor conformability of the fingers. Repetitive strains are induced into the fingers throughout manipulation task. Carefully chosen materials-plastic, rubber sponge, a fine powder, a paste, and a gel-were experimentally compared for their ability to overcome these three problems. Results showed that sponge is the most suitable and plastic is the least suitable for the application. For practical reasons, however, the gel was a good compromise over the sponge. It is recommended that future robotic hands constitute a soft finger or at least fingers with soft tips, constructed out of carefully chosen materials.<>",,69,Proceedings 1992 IEEE International Conference on Robotics and Automation,"Robotics and Automation Laboratory, Department of Mechanical Engineering, University of Toronto, Toronto, ONT, Canada",iee_rob_be
IEEE Xplore,8605356,10.1109/LRA.2019.2891499,Journals,End-Effector Pose Correction for Versatile Large-Scale Multi-Robotic Systems,Lukas Stadelmann; Timothy Sandy; Andreas Thoma; Jonas Buchli,2019,"In this paper, we present a fully-integrated end-effector positioning system for large-scale multi-robotic setups used for non-repetitive manufacturing tasks. The system provides static and dynamic correction of the end-effector pose using an external pose tracking system. It consists of multiple modules, which extend the capabilities of the conventional robot setup and fundamentally improve its usability and efficiency, since the user can easily set up, execute, and monitor the manufacturing tasks in a universal reference frame. To increase the performance of closed-loop control of the end-effector pose, a sensor fusion algorithm is implemented for fusing the data of the tracking system iGPS with an IMU. Experiments are carried out, which show a reduction of the average error down to 0.10 mm for the static correction, a significant increase of the measurement quality of the tracking system with the sensor fusion, and a path error below 0.5 mm for the dynamic correction. The presented correction system enables new applications in digital building construction, which require high accuracy target poses spread throughout a large workspace of cooperating robots.",,30,IEEE Robotics and Automation Letters,"Agile and Dexterous Robotics Lab, Institute of Robotics and Intelligent Systems, ETH Zurich, Zurich, Switzerland",iee_rob_be
IEEE Xplore,10216813,10.23919/PICMET59654.2023.10216813,Conferences,Quality Performance Improvement through Robotic Process Automation in Rail Manufacturing,Marvin Sithole; Arnesh Telukdarie; Tatenda Katsumbe,2023,"Sustainable quality performance is key to railway manufacturing success. The paper investigates the relationship between quality Defect Per Unit (DPU) generated from a non-automated production process, vs. the same but partially automated (conceptual) production system built around Robotic Process Automation (RPA) principles, focusing on local South African railway manufacturer Company AB. Desktop literature speaks to a positive correlation between process automation and project quality performance. DPU data from South African Company AB, captured across a sample size of 20 locomotives, over a 2 to 3 year period is dissected quantitatively to establish (a) quality performance (DPU based per unit) without RPA and (b) the theoretical quality performance of the same manufacturing system after the incorporation of RPA. Process automation design and limitation of the value chain is derived from a conservative automation scale approximation assumption (benchmarking of automated process industries). The paper finds that a conceptual automation model of Company AB’s value chain yields quality performance improvements of up to 65%, along with a reduction of the Cost of Non-Quality (CONQ) from 4.1 to 1.21 million ZAR. In addition, downtime is reduced from 58 to 16 days before and after RPA respectively. The result reinforces historic sentiments where RPA is generally accepted as a vehicle to accelerate process efficiency and improve overall product quality.",,0,2023 Portland International Conference on Management of Engineering and Technology (PICMET),"Faculty of Engineering and the Built Environment, University of Johannesburg, Johannesburg, South Africa",iee_rob_be
IEEE Xplore,11370917,10.1109/TASE.2026.3660419,Journals,Data-Driven Event-Triggered H∞ Load Frequency Control With Security Against DoS Attacks,Yuhao Chen; Huarong Zhao; Longquan Ma; Qiang Yang; Hongnian Yu; Li Peng,2026,"Load frequency control is critical for maintaining grid stability, particularly in modern power systems with wind power penetration and increasing exposure to denial-of-service attacks. This paper presents a data-driven dynamic event-triggered reinforcement learning framework for constrained H ${}_{\infty } $  load frequency control in multi-area power systems. The control problem is formulated as a min–max optimization task, and a dynamic event-triggered strategy is designed to reduce computational and communication burdens. A neural network-based reinforcement learning framework is developed to approximate the near-optimal event-triggered control strategy without requiring explicit system dynamics. To further counteract the impact of frequency-based denial-of-service attacks, a dedicated attacks compensation mechanism is designed. Theoretical analysis proves input-to-state stability of the closed-loop system and guarantees convergence of the neural network parameters. Extensive simulation studies on multi-area power systems with wind power integration demonstrate that the proposed method ensures stable frequency regulation while effectively alleviating the transmission burdens and mitigating the adverse effects of cyberattacks. Note to Practitioners—The reliable operation of multi-area interconnected power systems is becoming increasingly difficult due to two practical challenges: the rapid frequency fluctuations introduced by renewable energy, and the growing risk of cyberattacks that disrupt communication links. To handle these practical challenges, this work develops a data-driven dynamic event-triggered reinforcement learning framework for constrained H ${}_{\infty } $  load frequency control in multi-area power systems. The approach avoids reliance on precise system models, making it suitable for complex and uncertain environments. The event-triggered mechanism effectively reduces communication and computation burdens, which only updates control signals when necessary, thus being suitable for large-scale interconnected grids. Moreover, an attacks compensation mechanism is designed to enhance resilience against denial-of-service attacks. Simulation results demonstrate that the method improves both reliability and efficiency compared with existing solutions. The practical limitation of this approach lies in its reliance on reinforcement learning, which means it requires a period of learning to achieve optimal control performance. These results provide practical insights for implementing robust and data-driven load frequency control strategies in multi-area interconnected power systems. Beyond application in power systems, the proposed ideas may also be extended to other automation systems, where communication security and resource efficiency are critical.",,0,IEEE Transactions on Automation Science and Engineering,"School of Automation and Intelligent Sciences, Jiangnan University, Wuxi, Jiangsu, China",iee_rob_be
IEEE Xplore,11200205,10.1109/ICIVC66358.2025.11200205,Conferences,Detailed 3D Modeling and Component Monomerization Extraction of Buildings Using Close-Range Photogrammetry,Shijing Han; Zhao Lu; Shufeng Miao; Qingfang Chang; Ningjing Xu; Riyan Long,2025,"In urban governance, geospatial planning, and virtual reality applications, it is essential to quickly and accurately capture the characteristics of buildings and their components. This study focuse on buildings within complex environments, using UAVs to gather close-range photogrammetry data for detailed modeling and component monomerization. A model-driven flight path design strategy was proposed during the path planning stage. Based on this method, a detailed 3D model was reconstructed. In the component monomerization phase, a technique was introduced that combines bounding box fitting with surface texture sample fusion for the mesh model. Experimental results demonstrate that the final 3D model achieves higher accuracy, with tile details, window structures, wall textures, and cracks clearly depicted. The highly realistic independent models of building components address issues such as surface unevenness and jagged edges, while significantly improving rendering efficiency.",,0,"2025 10th International Conference on Image, Vision and Computing (ICIVC)","Nanning Normal University, Nanning, Guangxi Zhuang Autonomous Region, China",iee_rob_be
IEEE Xplore,6917519,10.1109/CYBER.2014.6917519,Conferences,Sensor device for intuitively manipulating the heavy material-handling robot,Myeongsu Gil; Seunghoon Lee; Min-Sung Kang; Kyoosik Shin; Chang-Soo Han,2014,"As the conditions of working environment at the construction site cannot be typified, intelligence of robot system is considered to be the best solution for a lack of uniformity and homogeneity such as various kinds of unexpected situations or conditions. Precise finishing quality of robot system, pre-fabrication system of construction materials, and undisturbed material circulation system also remains unsolved problems, up to now. Human-robot cooperation technology based applications have been come up for several decades to combine the human's advanced neural system with robot's enhanced physical performance. This study proposes the newly-designed sensor device for intuitively manipulating the heavy material-handling robot system through the analysis of conventional method. And the feasibility of virtual coordinate generation algorithm and performance evaluation of the proposed system is verified through the experiments and field-test.",,1,"The 4th Annual IEEE International Conference on Cyber Technology in Automation, Control and Intelligent","Department of Mechatronics Engineering, Hanyang University, Seongdong-gu, Seoul, Korea",iee_rob_be
IEEE Xplore,5156665,10.1109/ICIMA.2009.5156665,Conferences,Constructing innovative laboratory through intelligent learning objects,Li Xuemei; Lu Jin-hu; Ding Lixing,2009,"Last decade saw a rapid development of science and technology, which provides better educational environment and conditions for both learners and teachers. Advanced educational technology attracts more and more interests. Mobile robotics provides a motivating and innovative platform for performing laboratory experiments regarding interdiscipline including mechatronics, electronics, microcomputer and control. This paper reports the innovative educational environment of innovative laboratory built on intelligent robot. This innovative laboratory focuses on innovative educational software and technology for use in education. Through innovative design process, the intelligent modular robot platform constructs innovative learning environment through which students learn not only knowledge and skills but also how to collaborate with group members. Collaborative learning based on innovative laboratory helps to promote quality-oriented education and students' all-around development. It is student-oriented and career-oriented. Results indicate that the innovative laboratory not only imparting knowledge and skills to students but also developing their creativity, collaboration, practicing skill, innate ability and personality. It creates an environment in which teachers enjoy teaching and students enjoy learning and thus makes enjoyable education possible.",,2,2009 International Conference on Industrial Mechatronics and Automation,"Institute of Built Environment and Control, Zhongkai University of Agriculture and Engineering, Guangzhou, China",iee_rob_be
IEEE Xplore,5766911,10.1109/PERCOMW.2011.5766911,Conferences,Distributed object tracking with robot and disjoint camera networks,Junbin Liu; Tim Wark; Steven Martin; Peter Corke; Matthew D'Souza,2011,"We describe a novel two stage approach to object localization and tracking using a network of wireless cameras and a mobile robot. In the first stage, a robot travels through the camera network while updating its position in a global coordinate frame which it broadcasts to the cameras. The cameras use this information, along with image plane location of the robot, to compute a mapping from their image planes to the global coordinate frame. This is combined with an occupancy map generated by the robot during the mapping process to track the objects. We present results with a nine node indoor camera network to demonstrate that this approach is feasible and offers acceptable level of accuracy in terms of object locations.",,2,2011 IEEE International Conference on Pervasive Computing and Communications Workshops (PERCOM Workshops),"Faculty of Built Environment and Engineering, Queensland University of Technology, Brisbane, Australia",iee_rob_be
IEEE Xplore,6473365,10.1109/CARPI.2012.6473365,Conferences,Climbing robot for corrosion monitoring of reinforced concrete structures,Alexis Leibbrandt; Gilles Caprari; Ueli Angst; Roland Y. Siegwart; Robert J. Flatt; Bernhard Elsener,2012,"This paper introduces a climbing robot for corrosion monitoring of reinforced concrete structures such as cooling towers, dams or bridges. The robot combines a vortex adhesion mechanism with a wheel electrode sensor for potential mapping of the concrete surface. A detailed description of the system is presented first. A special effort was made during the design in order to develop a lightweight device. The climbing robot is well suited for rough surfaces and can climb on vertical surfaces or move upside-down. The experiments that have been done to validate the concept are presented afterwards. They show that the climbing robot has several advantages over the traditional corrosion monitoring technique. This robot will therefore provide engineers in charge of infrastructure maintenance with the means to do their job much better than they can today. It offers them a way to circumvent all present barriers and brings a radical innovation in this area.",,30,2012 2nd International Conference on Applied Robotics for the Power Industry (CARPI),"Institute for Building Materials (IfB) in the Department of Civil, Environmental andGeomatic Engineering (D-BAUG), Federal Institute of Technology Zürich, Switzerland",iee_rob_be
IEEE Xplore,8664656,10.1109/TASE.2019.2897135,Journals,An Automated System for Projection of Interior Construction Layouts,Amir Degani; Wen Bo Li; Rafael Sacks; Ling Ma,2019,"Layout of the interior works during building construction is time consuming and error prone. Given the cost involved, both for initial layout and for later rework where errors occur, researchers have sought to automate the layout task. Some have adopted marker-less augmented reality methods using heads-up displays or cameras, and others have proposed robots capable of marking out the works. The former encumber the workers, the latter are expensive to set up and are sensitive to site conditions, and neither has yet achieved the required accuracy. In this paper, we propose a more efficient approach to project relevant information from a building information model (BIM) onto the construction surface, directly augmenting the construction site with the design information. This is done using a portable system consisting of a 2-D laser scanner, an angled adjustable projector, and a camera. The system localizes itself within the already built outer walls using the laser scanner and the BIM model using a method derived from robotic mapping; it calibrates the projection correction parameters (keystone correction) using image analysis; and it projects the information with the angled projector. Testing results showed that the localization was accurate within a few millimeters and less than 3°, and the final projected image's error was approximately 1 cm. Initial calibration requires less than 1 min and does not require specialist skills. The system automates the layout task, preserves accuracy, and can provide rich model information on any interior surface.",,16,IEEE Transactions on Automation Science and Engineering,"Division of Environmental, Water and Agricultural Engineering, Faculty of Civil and Environmental Engineering, Technion–Israel Institute of Technology, Haifa, Israel",iee_rob_be
IEEE Xplore,11127644,10.1109/ICRA55743.2025.11127644,Conferences,Assembly Order Planning for Modular Structures by Autonomous Multi-Robot Systems,Tom Peters; Kenneth Cheung; Irina Kostitsyna,2025,"Coordinated multi-agent robotic construction provides a means to build infrastructure in extreme environments and improve efficiency in high performance applications. Planning methods are key to understanding and achieving the scope of such applications, and are typically tailored to specific models of construction material and a consideration of passivity or activity thereof. Here, we focus on the NASA Automated Reconfigurable Mission Adaptive Digital Assembly Systems (ARMADAS) model, which includes passive lightweight structural modules and small robots that traverse the structure. We present an algorithm for calculating a build plan for robots under the constraints of this type of system. We then evaluate the quality of this plan experimentally. Many of the techniques we use can be applied to any robotic assembly system whose robots perform locomotion over the structure that they are building.",,1,2025 IEEE International Conference on Robotics and Automation (ICRA),"TU Eindhoven, Eindhoven, The Netherlands",iee_rob_be
IEEE Xplore,5936605,10.1109/DEST.2011.5936605,Conferences,UbiWall as a reconfigurable ecosystem of smart blocks,Hyunseok Kim; Seongteak Jang; Dongjun Suh; Seongju Chang,2011,"Convergence between construction and Information Technology (IT) can facilitate network-enabled building materials that can be used to manifest a built-in digital ecosystem capable of coping with various environmental changes. It is difficult, however, to mix IT components into a building material. Therefore, this research first proposes a network-enabled smart block equipped with various sensing, cognition and actuation capabilities that would cope with various environmental and user requirement changes in addition to maintaining high durability and easy assembly and reconfiguration. Based on the precedent research on Smart Architectural Surface, the developed blocks can also perceive dynamic environmental status and propagates sensed information to the neighboring blocks. Using ecosystem of such smart blocks, we tried to establish UbiWall system which can satisfy diverse interactive multimedia services such as sensor enabled interactive tiled display wall, multi-modal and multifunctional interaction system and autonomous services either localized or globalized depending on the users' interactions with the smart blocks. Ultimately, the developed system can be evolved onto a digital ecosystem which could accommodate a variety of services by strongly coupling a value chain between smart blocks and the users.",,2,5th IEEE International Conference on Digital Ecosystems and Technologies (IEEE DEST 2011),"Department of Civil and Environmental Engineering, Korea Advanced Institute of Science and Technology, Daejeon, South Korea",iee_rob_be
IEEE Xplore,7590511,10.1049/et.2016.0504,Magazines,Transport in the smart city [Built Environment Transport],Vitali Vitaliev,2016,"AMSTERDAM BEGINS and ends with tram number one - from and to the Central Station. For me, at least, it does. Chatty, smiley, multilingual and multiracial, this tram is a microcosm of the Dutch capital itself. The tram's progress along the narrow streets is so slow that it gives the impression of sliding backwards in space and time - towards the melting pot of medieval Amsterdam, and its passengers get miraculously transformed into diamond-cutters from Antwerp, Jews fleeing the Spanish Inquisition, Huguenots from France and dissenters from England - all of whom found refuge in the most tolerant and accommodating city in the world, the city that I call the people's capital of Europe.",,1,Engineering & Technology,,iee_rob_be
IEEE Xplore,6906893,10.1109/ICRA.2014.6906893,Conferences,Robotic construction of arbitrary shapes with amorphous materials,Nils Napp; Radhika Nagpal,2014,"We present a locally reactive algorithm to construct arbitrary shapes with amorphous materials. The goal is to provide methods for robust robotic construction in unstructured, cluttered terrain, where deliberative approaches with pre-fabricated construction elements are difficult to apply. Amorphous materials provide a simple way to interface with existing obstacles, as well as irregularly shaped previous depositions. The local reactive nature of these algorithms allows robots to recover from disturbances, operate in dynamic environments, and provides a way to work with scalable robot teams.",,12,2014 IEEE International Conference on Robotics and Automation (ICRA),"Harvard University, Cambridge, MA, USA",iee_rob_be
IEEE Xplore,9295362,10.1109/TRO.2020.3036623,Journals,Active Interaction Force Control for Contact-Based Inspection With a Fully Actuated Aerial Vehicle,Karen Bodie; Maximilian Brunner; Michael Pantic; Stefan Walser; Patrick Pfändler; Ueli Angst; Roland Siegwart; Juan Nieto,2021,"This article presents and validates active interaction force control and planning for fully actuated and omnidirectional aerial manipulation platforms, with the goal of aerial contact inspection in unstructured environments. We present a variable axis-selective impedance control which integrates direct force control for intentional interaction, using feedback from an on-board force sensor. The control approach aims to reject disturbances in free flight, while handling unintentional interaction and actively controlling desired interaction forces. A fully actuated and omnidirectional tilt-rotor aerial system is used to show capabilities of the control and planning methods. Experiments demonstrate disturbance rejection, push-and-slide interaction, and force-controlled interaction in different flight orientations. The system is validated as a tool for nondestructive testing of concrete infrastructure, and statistical results of interaction control performance are presented and discussed.",,152,IEEE Transactions on Robotics,"Autonomous Systems Lab, ETH Zürich, Zurich, Switzerland",iee_rob_be
IEEE Xplore,10839511,10.26599/JIC.2023.9180002,Journals,Intelligent Robots and Human-Robot Collaboration in the Construction Industry: A Review,Hsi-Hien Wei; Yuting Zhang; Ximing Sun; Jiayu Chen; Shixian Li,2023,"The construction industry is a typical labor-intensive industry, which suffers from low productivity and labor shortage in the past decades. Recently, the developments in robotics and artificial intelligence technologies highlight the evolutionary reforming potential in the construction industry. An increasing number of robots are joining construction tasks and collaborating with human workers. This study reviews the major developments in intelligent robots and human-robot collaboration (HRC) in the construction industry. The technological foundations and fundamental concepts of construction robots and collaborative robots are reviewed, organized, and discussed to reveal that progress has been made. Based on a comprehensive review, the major challenges and future research directions of HRC have been proposed and examined. This study finally developed a comprehensive and in-depth discussion of the state-of-the-art implementation of robotics technologies in the construction industry and shed light on its path to future development.",,49,Journal of Intelligent Construction,"Department of Building & Real Estate, The Hong Kong Polytechnic University, Hong Kong, China",iee_rob_be
IEEE Xplore,10735504,10.1109/REM63063.2024.10735504,Conferences,A 3D Printed Six Axes Industrial Robot Model for Educational Purposes,Tabea Sophie Graf; Rolf Biesenbach; Jan Falkenhain,2024,"The 3D printed six axes industrial robot model is categorized within the broad field of robotics. It is shown to what extent this important subject area of Industry 4.0 has developed over the decades and how it has increased in importance for everyday life. In this regard, it is explained why a six-axis articulated robot was developed in this work. In the main section, the considerations regarding the design and construction of the 3D model are documented. The design of the major and minor axes is considered in more detail, the choice of the effector is described and the resulting properties for the workspace and the safety measures to be taken are explained. In addition to the purely mechanical design, the selection of the actuator components and the use of an Arduino microcontroller for signal control for the use of higher-level control software are also described. Additionally, the developed system is validated according to key robotics parameters and a corresponding risk assessment is carried out. Finally, the use of the system is discussed using the Denavit-Hartenberg convention commonly used in robotics.",,0,2024 22nd International Conference on Research and Education in Mechatronics (REM),"Institute for Automation and Industry 4.0 Bochum University of Applied Sciences, Bochum, Germany",iee_rob_be
IEEE Xplore,10332952,10.1109/LARS/SBR/WRE59448.2023.10332952,Conferences,Mergulhão Bot: Design and Prototyping of a Low-Cost Hybrid Vehicle for Oil Leakage Detection,Guilherme C. De Oliveira; Enrique F. Garcia; Julio Cesar S. Dos Santos; Adir A. Pedroso; Leonardo C. Pereira; Paulo L. J. Drews,2023,"Unmanned vehicles are increasingly popular and their demand increases annually. Since their invention in the 1950s, these vehicles have been widely used in various applications which include environmental monitoring. Oil spill in the oceans is an example of a serious problem for marine ecosystems that can be investigated with these vehicles. Currently, government authorities are analyzing satellite images to detect oil spots, but when oil submerges in the ocean becomes imperceptible by satellites. This oil can be silently moving to coastal regions, without containment maneuvers. Unmanned vehicles may be an effective alternative to remote sensing in these cases. In this scenario, this work presents a new design of a hybrid vehicle to move on the ocean surface and be able to submerge water, called the Mergulhão Bot. The robot was mechanically modeled using OnShape software, simulations were performed using ROS, Gazebo, and the UUV Simulator package.",,1,"2023 Latin American Robotics Symposium (LARS), 2023 Brazilian Symposium on Robotics (SBR), and 2023 Workshop on Robotics in Education (WRE)","NAUTEC - Intelligent robotics and automation group, FURG - Federal University of Rio Grande, Rio Grande, Brazil",iee_rob_be
IEEE Xplore,9863400,10.1109/AIM52237.2022.9863400,Conferences,Collision Avoidance for a SCARA Robot on Construction Sites,Peter Gsellmann; Dominik Natter; Georg Schitter,2022,"Autonomous robots on construction sites are designed with the objective to take over time-consuming tasks while also relieving human construction workers. However, to operate safely, they must reliably detect obstacles and avoid collisions. The proposed approach targets this problem for a SCARA-like granular-fill insulation distributing robot, using ultrasonic distance sensors. Mounting the sensors on the robot’s links allows to observe the workspace at a sufficient rate and accuracy. A microcontroller reads out the sensor data and transfers it to the PLC in charge. Furthermore, an efficient sensor error detection principle for the developed sensor suite is demonstrated. Experiments conducted in a laboratory environment prove the functionality of the system. Collision avoidance with various obstacles commonly found on construction sites is realized reliably over a multitude of test runs. The system dependably detects and reacts to obstacles of varying sizes and materials in a safety margin of 300 mm within at least 160 ms, sufficient for applications in building construction sites.",,0,2022 IEEE/ASME International Conference on Advanced Intelligent Mechatronics (AIM),"Automation and Control Institute, TU Wien, Vienna, Austria",iee_rob_be
IEEE Xplore,126053,10.1109/ROBOT.1990.126053,Conferences,An example of optimal set-point relegation for self-motion control in redundant flexible robots,E. Barbieri; Q. Wang,1990,Consideration is given to the optimal relegation of system set-points as applied to the problem of self-motion control in redundant flexible robotic manipulators. A long planar flexible manipulator equipped with a four-degree-of-freedom rigid end effector is used as an example to illustrate the relegated controller design. The main drawbacks of the proposed scheme are the intensive computation required for computing the optimal set-points and the need for somewhat fast motor dynamics.<>,,7,"Proceedings., IEEE International Conference on Robotics and Automation","Department of Electrical Engineering, Tulane University, New Orleans, LA, USA",iee_rob_be
IEEE Xplore,7487449,10.1109/ICRA.2016.7487449,Conferences,Autonomous repositioning and localization of an in situ fabricator,Timothy Sandy; Markus Giftthaler; Kathrin Dörfler; Matthias Kohler; Jonas Buchli,2016,"Despite the prevalent use of robotic technologies in industrial manufacturing, their use on building construction sites is still very limited. This is mainly due to the unstructured nature of construction sites and the fact that the structures built must be larger than the machines which build them. This paper addresses these difficulties by presenting a repositioning and localization system which, using purely on-board sensing, allows a mobile robot to maintain a high degree of end-effector positioning accuracy while moving among numerous building positions during a building task. We introduce a newly developed machine, called the In situ Fabricator (IF), whose goal is to bring digital fabrication to the construction site. The capabilities of the repositioning and localization system is demonstrated through the construction of a vertical stack of bricks, in which the IF repositions itself after placing each brick. With this experiment, we demonstrate that the IF can build with sub-centimeter accuracy over long building sequences.",,40,2016 IEEE International Conference on Robotics and Automation (ICRA),"Agile & Dexterous Robotics Lab, ETH, Zürich, Switzerland",iee_rob_be
IEEE Xplore,5152317,10.1109/ROBOT.2009.5152317,Conferences,Robot-assisted Rapid Prototyping for ice structures,Eric Barnett; Jorge Angeles; Damiano Pasini; Pieter Sijpkes,2009,"Ice has long been used by humankind for utilitarian purposes, and more recently for artistic and entertainment purposes. Nowadays, the field of ice construction is becoming more commercially relevant, with increased interest in ice modeling at the small scale, and in ice tourism, specifically ice hotels at the large scale. As a result, there is a market for automating ice construction, and building detailed structures that would otherwise require a significant amount of manual work. To address this demand, the authors are currently developing experimental robotic systems for building ice structures: the Fab@home, for building small-scale structures, and the Adept Cobra 600 robot, for building medium-scale structures. Further software and hardware development is needed for the Cobra, since it was not designed for rapid prototyping, and certainly not for rapid prototyping using ice as the working material. The authors have designed and built fluid delivery systems for each machine to permit the use of water as the building material. A signal-processing subsystem permits control of the water-delivery flow rate and synchronization with the robot motion. Additionally, we have developed a slicing algorithm to generate toolpaths for the Cobra using stereolithography (STL) files as the input. We also intend to develop a larger robotic system for producing ice sculptures and buildings at the architectural scale.",,18,2009 IEEE International Conference on Robotics and Automation,"Department of Mechanical Engineering, McGill University Montreal, QUE, Canada",iee_rob_be
IEEE Xplore,5396202,10.1109/TENCON.2009.5396202,Conferences,Operation and control of a microgrid containing inertial and non-inertial micro sources,Ritwik Majumder; Farhad Shahnia; Arindam Ghosh; Gerard Ledwich; Michael Wishart; Firuz Zare,2009,"In this paper, a new power sharing control method for a microgrid with several distributed generation units is proposed. The presence of both inertial and non-inertial sources with different power ratings, maximum power point tracking, and various types of loads pose a great challenge for the power sharing and system stability. The conventional droop control method is modified to achieve the desired power sharing ensuring system stability in a highly resistive network. A transformation matrix is formed to derive equivalent real and reactive power output of the converter and equivalent feedback gain matrix for the modified droop equation. The proposed control strategy, aimed for the prototype microgrid planned at Queensland University of Technology, is validated through extensive simulation results using PSCAD/EMTDC software.",,21,TENCON 2009 - 2009 IEEE Region 10 Conference,"Faculty of Built Environment and Engineering, Queensland University of Technology, Brisbane, Australia",iee_rob_be
IEEE Xplore,8560700,10.1109/COASE.2018.8560700,Conferences,Novel Strategy for High Precision Automated Robotic Positioning based on Fabry-Perot Interferometry Principle,Houari Bettahar; Cédric Clévy; Florent Behague; Nadège Courjal; Philippe Lutz,2018,"On account of the micro-scale building components manipulation and high precision demands, the interest is oriented toward automated robotic micro-manipulation and micro-assembly to provide low-cost, high performances, notably for integrated optical devices. The paper proposes a novel strategy for high precision fully automated robotic alignment. This strategy permits high accurate and fast automated alignment of two optical building structures (optical fiber, optical component) with optimal optical function in a known referencing between the robotic manipulator and the optical axis. The strategy allows to identify and to compensate the optical component misalignment angles and the robot translation error angles yielded from the robotic manipulator. The approach relies on robotic positioning combined with the use of Fabry-Perot interferometry of the reflected light irradiance for closed loop control. Fabry-Perot interference principle is especially used to give a rapid and high precision measurement. A photo-robotic positioning model is proposed that relates the optical component misalignment angles and robot translation error angles with the Fabry-Perot measurements. A 6 Degree-Of- Freedom (DOF) robotic platform is used to relatively align an optical component to an optical fiber for experimental validation. The obtained results leads to robotic positioning uncertainty of about 0.0021° and alignment time of less than 12 s.",,3,2018 IEEE 14th International Conference on Automation Science and Engineering (CASE),"FEMTO-ST Institute, AS2M department, Univ. Bourgogne Franche-Comte, Besancon, France",iee_rob_be
IEEE Xplore,7764042,10.1109/ISTAS.2016.7764042,Conferences,Intersecting our mobilities: path dependence from manually-operated semaphore to self-driving vehicles?,Milos N. Mladenovic; Montasir M. Abbas; Pascale-L. Blyth; Iisakki Kosonen,2016,"Potential disruption stemming from self-driving vehicle (SDV) technology may change not just vehicles, but the foundations of our mobilities. As an example of analysing SDV technological development, this paper focuses on SDV intersection control. The starting premise is that technological development requires an understanding of previous developmental trajectories and potential future needs, rather than simply addressing present shortcomings. In order to investigate potential traps of technological path dependence, the paper examines the developmental trajectory of conventional traffic control technology. In addition, the paper contrasts stateof- the-research efforts for development of intersection control principles for SDVs. Finally, conclusive parallels are drawn for guiding the further development of SDV technology. Conclusions highlight the need for a wider deliberation and expansion of the criteria for foresight of mobility futures.",,3,2016 IEEE International Symposium on Technology and Society (ISTAS),"Department of Built Environment, Aalto University, Finland",iee_rob_be
IEEE Xplore,7020181,10.1109/WSC.2014.7020181,Conferences,The need for a Real Time Strategy game language,Roy Hayes; Peter Beling; William Scherer,2014,"Real Time Strategy (RTS) games provide complex domain to test the latest artificial intelligence (AI) research. In much of the literature, AI systems have been limited to playing one game. Although, this specialization has resulted in stronger AI gaming systems it does not address the key concerns of AI research, which focuses on the development of AI agents that can autonomously interpret, learn, and apply new knowledge. To achieve human level performance, current AI systems rely on game specific knowledge of an expert. This paper proposes a RTS language in hopes of shifting the current research focus to the development of general RTS agents. General RTS agents are AI gaming systems that can play any RTS game, defined in the proposed RTS language. The structure of the RTS language prevents game specific knowledge from being hard coded into the system, thereby facilitating research that addresses the fundamental concerns of artificial intelligence.",,0,Proceedings of the Winter Simulation Conference 2014,"University of Virginia, Charlottesville, VA, US",iee_rob_be
IEEE Xplore,9095810,10.1109/CIS-RAM47153.2019.9095810,Conferences,Capacitive Sensor Based 2D Subsurface Imaging Technology for Non-destructive Evaluation of Building Surfaces,Lasitha Piyathilaka; Basuru Sooriyaarachchi; Sarath Kodagoda; Karthick Thiyagarajan,2019,"Understanding the underlying structure of building surfaces like walls and floors is essential when carrying out building maintenance and modification work. To facilitate such work, this paper introduces a capacitive sensor based technology which can conduct non-destructive evaluation of building surfaces. The novelty of this sensor is that it can generate a real-time 2D subsurface image which can be used to understand structure beneath the top surface. Finite Element Analysis (FEA) simulations are done to understand the best sensor head configuration that gives optimum results. Hardware and software components are custom-built to facilitate real-time imaging capability. The sensor is validated by laboratory tests, which revealed the ability of the proposed capacitive sensing technology to see through common building materials like wood and concrete. The 2D image generated by the sensor is found to be useful in understanding the subsurface structure beneath the top surface.",,8,"2019 IEEE International Conference on Cybernetics and Intelligent Systems (CIS) and IEEE Conference on Robotics, Automation and Mechatronics (RAM)","iPipes Lab, Centre for Autonomous Systems, University of Technology, Sydney, NSW, Australia",iee_rob_be
IEEE Xplore,7380814,10.1109/ELECSYM.2015.7380814,Conferences,An automated 3D scanning algorithm using depth cameras for door detection,Ting Han Yuan; Fazida Hanim Hashim; W Mimi Diyana W Zaki; Aqilah Baseri Huddin,2015,"This paper presents an investigation on the characteristics of Microsoft Kinect depth camera for door detection in an indoor environment. Autonomous vehicles usually have to rely on images when navigating indoors due to network limitations of an indoor environment. Locating a door for exit and entryway is one of the problems that need to be tackled when navigating indoors. In this paper, images from a depth camera are captured and used as a tool for detecting doors. The continuously varied ratios and depth differences in the door images have been analysed. An algorithm for door detection was developed using MATLAB. Experiments using different heights and depths of the Kinect sensor have been performed to verify the efficacy of the algorithm for indoor autonomous flying robots like the quadcopter. The algorithm developed is best performed in a clear path of 3.5 meters. The accuracy of the measurement was influenced by the low resolution of the depth images.",,13,2015 International Electronics Symposium (IES),"Department of Electrical, Electronic and Systems Engineering Faculty of Engineering and Built Environment, National University of Malaysia Bangi, Selangor, Malaysia",iee_rob_be
IEEE Xplore,10253423,10.1109/ICECCME57830.2023.10253423,Conferences,Conceptual design of an autonomous unmanned aerial vehicle,Aftab Afzal; Luqman Al Dhafari; Ahmed Al Manai; Akbar Sheikh Akbari; MD Salim Miah; Mohammad Sayeed Hossain,2023,"A conceptual design of a medium size unmanned aerial vehicle (UAV) is reported in the present study. This study is part of a bigger research investigating into the ability of an advanced UAV to autonomously traverse over an aircraft and accurately detect locations of defects on the aircraft skin to assist in further investigation of subsurface defects utilizing thermal and ultrasound techniques. The aim of the research study is to minimize the inspection time of a commercial aircraft to the order of an hour. This paper focusses on the aerodynamics and structural design of a UAV capable of carrying the weights of optical, thermal and ultrasound cameras as required. The design requirements include the ability of the UAV to traverse the aircraft outer skin autonomously sending both its GPS location and captured images to a secure data drive within the vicinity of the aircraft hangar and the ability to wirelessly charge its battery and thereby improve its hovering duration, i.e., its endurance. To achieve the preliminary design, the aerodynamic coefficients are estimated using computational fluid dynamics analysis, as well as smart design of fan shrouds to minimize the vortex shedding and hence improve its overall efficiency.",,1,"2023 3rd International Conference on Electrical, Computer, Communications and Mechatronics Engineering (ICECCME)","Dept. Aeronautical Engineering, Military Technological College, Muscat, Sultanate of Oman",iee_rob_be
IEEE Xplore,10464368,10.1109/TASE.2024.3371583,Journals,TCRNet: Transparent Object Depth Completion With Cascade Refinements,Di-Hua Zhai; Sheng Yu; Wei Wang; Yuyin Guan; Yuanqing Xia,2025,"Transparent objects are commonly found in real life and industrial production. Unlike opaque objects, transparent objects are not easily identifiable in RGB images and often require depth information to determine their position in the image. However, due to the influence of other environmental factors such as reflection and refraction, the depth information of transparent objects is often inaccurate. This leads to difficulties for robots in grasping transparent objects, as incorrect depth information can result in the robot being unable to predict or predict incorrectly the grasping pose. Therefore, it is necessary to complete the depth information for transparent objects. Previous methods for depth completion of transparent objects often struggle to balance accuracy and real-time performance simultaneously. To achieve this goal, in this paper, we propose a transparent object depth completion network called TCRNet based on a cascade refinement structure, which balances accuracy and real-time performance simultaneously. First, the network incorporates a cascade refinement structure in the decoding stage to refine features multiple times, improving the accuracy of depth information. Additionally, an attention module is designed to adjust the extracted features, enabling the network to focus on depth information features in transparent object regions. Finally, a transformer-based error module is implemented in the network’s final output stage to predict and adjust the error between the depth image and the ground truth. TCRNet is trained and tested on three datasets: ClearGrasp, Omniverse Object, and TransCG. It outperforms previous methods in terms of performance. Furthermore, TCRNet is applied to existing grasp detection methods to conduct grasping experiments on transparent objects using a real Baxter robot. Note to Practitioners—With the development of RGB-D camera technology, RGB-D cameras are now widely used in various scenarios such as industrial production, autonomous driving, and robot grasping. However, in certain situations where the camera faces transparent or highly reflective objects, the depth information captured by the camera is often not accurate enough, which can lead to subsequent accidents. Therefore, it is necessary to repair and complete the depth images to achieve accurate understanding of the scene’s depth information. In recent years, with the advancement of deep learning, deep learning-based depth image processing and restoration techniques have been widely applied. In this paper, we propose a high-accuracy network for repairing depth images of transparent objects, which can accurately restore and estimate the depth information of transparent objects in various scenarios. Moreover, experimental results demonstrate that our proposed method can generalize well to other unknown scenes, achieving excellent results.",,23,IEEE Transactions on Automation Science and Engineering,"School of Automation, Beijing Institute of Technology, Beijing, China",iee_rob_be
IEEE Xplore,11029276,10.1109/MCOMSTD.2025.3575511,Magazines,WIND: A Wireless Intelligent Network Digital Twin for Federated Learning and Multi-Layer Optimization,Sameer Kumar Singh; Ioan-Sorin Comsa; Ramona Trestian; Lal Verda Cakir; Rohit Singh; Aryan Kaushik; Berk Canberk; Purav Shah; Brijesh Kumbhani; Sam Darshi,2025,"The forthcoming wireless network is expected to support a wide range of applications, from supporting autonomous vehicles to massive Internet of Things (IoT) deployments. However, the coexistence of diverse applications under a unified framework presents several challenges, including seamless resource allocation, latency management, and system-wide optimization. Considering these requirements, this paper introduces WIND (Wireless Intelligent Network Digital Twin), a self-adaptive, self-regulating, and self-monitoring framework that integrates Federated Learning (FL) and multi-layer digital twins to optimize wireless networks. Unlike traditional Digital Twin (DT) models, the proposed framework extends beyond network modeling, incorporating both communication infrastructure and application-layer DTs to create a unified, intelligent, and context-aware wireless ecosystem. Besides, WIND utilizes local Machine Learning (ML) models at the edge node to handle low-latency resource allocation. At the same time, a global FL framework ensures long-term network optimization without centralized data collection. This hierarchical approach enables dynamic adaptation to traffic conditions, providing improved efficiency, security, and scalability. Moreover, the proposed framework is validated through a case study on federated reinforcement learning for radio resource management. Furthermore, the paper emphasizes the essential aspects, including the associated challenges, standardization efforts, and future directions opening the research in this domain.",,2,IEEE Communications Standards Magazine,"Department of Electrical Engineering, Indian Institute of Technology Ropar, Rupnagar, India",iee_rob_be
IEEE Xplore,993155,10.1109/100.993155,Magazines,FutureHome: An integrated construction automation approach,C. Balaguer; M. Abderrahim; J.M. Navarro; S. Boudjabeur; P. Aromaa; K. Kahkonen; S. Slavenburg; D. Seward; T. Bock; R. Wing; B. Atkin,2002,"This article presents the results of the FutureHome project, the first global project in the construction industry that introduces the ICA concept. The design, planning, and onsite robotization stages of house-building construction have been presented. The main advantage introduced by FutureHome is the integration of the three stages under common data and concept. The article focuses on the architectural design of residential houses and office buildings by using prefabricated modules. The design takes into account the prefabrication and onsite assembly. For efficient construction, a global planning strategy has been developed that integrates the prefabrication, transportation, and onsite processes. Finally, the robotized crane for the assembly of big 3-D modules with small tolerances is presented. The control strategy for adequate assembly with the reduction of positioning errors, rotation errors, and swinging of the modules, has been developed and tested.",,30,IEEE Robotics & Automation Magazine,"Univeristy Carlos III of Madrid, Spain",iee_rob_be
IEEE Xplore,11090961,10.1109/CCDC65474.2025.11090961,Conferences,Steel Cutting Path Planning for Multi-Contour Bridging Parts with Improved Genetic Algorithm,Guiyu Zhao; Yidong Xu; Zhenjiang Hu; Zewen Du; Zhentao Guo; Hongbin Ma,2025,"Steel plates, as one of the most commonly used construction materials, hold a pivotal role in various industries, including construction, manufacturing, and automotive. Consequently, effective cutting of steel plates is essential. Designing an optimal cutting path based on layout requirements to minimize idle cutting time is crucial for the profitability of steel processing enterprises. This paper addresses the problem of optimal cutting path planning for steel plates. Utilizing a generalized traveling salesman model and a feature point sampling strategy, we propose a more versatile modeling approach for cutting multi-part, multi-contour configurations with “bridge” structures. To solve this problem, we present an improved genetic algorithm (IGA) that addresses the ordering constraints of multiple contours. Additionally, we incorporate principles from swarm intelligence to enhance the algorithm's global optimization capabilities, thereby avoiding local optima and achieving a globally optimized cutting path. Finally, experiments validate the advantages of our modeling and solving method for the multi-part, multi-contour cutting problem with “bridge” structures, successfully yielding the shortest cutting path for steel plates.",,1,2025 37th Chinese Control and Decision Conference (CCDC),"National Key Lab of Autonomous Intelligent Unmanned Systems, School of Automation, Beijing Institute of Technolog, Beijing, China",iee_rob_be
IEEE Xplore,11422866,10.1109/ACCESS.2026.3671610,Journals,A Pipeline for Evaluation of Keypoint-Based Bounding Boxes for Multi-Scale Pedestrians,Sarfraz Ahmed; M. Nazmul Huda; Chitta Saha; Mohammed Quddus,2026,"Pedestrians account for approximately 25% of traffic accidents, many of which can be prevented using autonomous driving systems (ADS). Although pedestrian detection has advanced significantly, intent prediction still lags behind human perception. A key challenge is predicting the intent of smaller pedestrians, who are harder to detect and analyse using 2D pose estimation techniques because of their tendency to blend into the background. However, human joint keypoints (e.g., head, shoulders, elbows, and knees) can reliably predict pedestrian movement, such as gait, limb motion, and head orientation. This paper introduces the Keypoint Evaluation (KeyEval) pipeline, a new technique for generating high-quality pedestrian keypoints using a 2D pose estimator. Leveraging ground-truth bounding box annotations from the JAAD and PIE datasets, we assess keypoint accuracy and apply state-of-the-art fine-tuning, achieving a 19% improvement in average precision (76%) over the baseline. This suggests KeyEval can enhance predictions of pedestrian intent—crossing, waiting, or changing direction—particularly for smaller pedestrians. The KeyEval pipeline can be seamlessly integrated into ADS to proactively reduce vehicle-pedestrian accidents, as demonstrated in our previous work.",,0,IEEE Access,"Centre for Future Transport and Cities, Coventry University, Coventry, U.K",iee_rob_be
IEEE Xplore,8446182,10.1109/CYBER.2017.8446182,Conferences,Diffusionmimetics: An Adaptive Stigmergy-based Swarm Construction Method,Weixu Zhu; Zhiyong Yuan,2017,"In the field of swarm intelligence, researches on termites indicated that stigmergy is the key to swarm construction problem. However, current swarm robots trying to learn from stigmergy is vulnerable to environment changes. This paper have proposed the Diffusionmimetics, using stigmergy to mimic the chemical diffusion process to make the construction of swarm robots adaptive to terrain variance or neighboring structure. Simulation experiments certified that Diffusionmimetics are capable of building structures in the case that obstacles or nearby structures exist.",,0,"2017 IEEE 7th Annual International Conference on CYBER Technology in Automation, Control, and Intelligent Systems (CYBER)","School of Computer, Wuhan University",iee_rob_be
IEEE Xplore,8476785,10.1109/SOLI.2018.8476785,Conferences,Blockchain-base structures for a secure and operate network of semi-autonomous Unmanned Aerial Vehicles,Alexander Kuzmin; Evgeny Znak,2018,"Unmanned Aerial Vehicles - UAVs, or drones - are now being operated by several military forces and currently, to a more limited extent, by civilian organizations. These latter operations, however, may eventually expand to exceed, in number and diversity, those of the military. Further expected development in battery capacity, construction materials and software, especially regarding machine learning algorithms and drone integration, will definitely increase UAVs' autonomous. Unique risks associated with UAVs like risk of hackers' attacks to intercept the control are also increasing. More incidents likely will occur once regulations are finalized that encourage more use that is widespread. Such incidents could result in multi-million dollar claims against businesses, operators and manufacturers. Blockchain is the basis technology for cryptocurrencies. However, Blockchain can have far larger applications in the field of UAVs, because Blockchain is highly distributed and publically viewable system of sequentially linked cryptographically. This paper presents a concept of application, where each UAV in the UAVNet is a Blockchain node, has on-board functionality for creating and reading transactions from the block, as well as communication tools for exchanging transactions with other UAVs.",,52,"2018 IEEE International Conference on Service Operations and Logistics, and Informatics (SOLI)","ITMO University, St.-Petersburg, Russia",iee_rob_be
IEEE Xplore,9425520,10.1109/ACCESS.2021.3078165,Journals,Cross-Layer Design and Performance Analysis for Ultra-Reliable Factory of the Future Based on 5G Mobile Networks,Athirah Mohd Ramly; Nor Fadzilah Abdullah; Rosdiadee Nordin,2021,"To provide a new level of reliability, latency, and support a massive number of users and smart objects, a new 5G multi-services air interface needs to be addressed for the factory of the future (FoF). However, there are limitations in providing connectivity to a dynamic machine in a factory due to several strict industrial automation requirements. In particular, the strict wireless communication latency and reliability requirements are the major challenges to enable the Industry 4.0 vision. In this paper, a PHY-MAC layer cross-layer model that combines a semi-persistent scheduling at the medium access control layer and NOMA at the physical layer has been proposed to address the limitations. The work extensively investigates the performance of the factory of the future with various considerations of 5G spectrums (in this case 3.5 GHz and 28 GHz), speeds and frequency diversity. In addition, the packet error rate (PER), outage probability and throughput in MAC are evaluated in terms of network density deployment (sparse, moderate, dense), different kinds of speed; 0 km/h, 3 km/h, 7 km/h and 10 km/h, under two 5G frequency spectrums. Through extensive simulations, the considered 5G system parameters produced better results in terms of reliability, where the results showed that the frequency diversity outperformed non-diversity by 2 dB. In a sparse network, the PER results showed better results compared to the dense network density by 2 dB (MMSE), 8 dB (LS-Linear) and 2 dB (LS-Spline). Besides that, robotics in sparse network density and stationary exhibited the best PER results, which is as low as 10-7. Moreover, the performance of mid-band frequency outperformed the high-band frequency by 1.8dB (MMSE) in dense condition and 1.5 dB (MMSE) in sparse deployment at PER = 10-6. Hence, this study could be a useful insight for the factory of the future services that are utilizing a 5G mid-band spectrum as well as a high-band spectrum.",,20,IEEE Access,"Department of Electrical, Electronic, and System Engineering, National University of Malaysia, Bangi, Malaysia",iee_rob_be
IEEE Xplore,4406517,10.1109/ICCAS.2007.4406517,Conferences,Pre-acting manipulator for shock isolation in steel construction,Kyungmo Jung; Dongnam Kim; Kihyun Bae; Daehie Hong; Shinsuk Park; Myo-Taeg Lim,2007,"This paper describes the development of robotic manipulator’s shock isolation control algorithm which provides stable and efficient gripping of a pendulum-motion object wire-suspended by a crane. This control algorithm requires dynamic modeling of the hanging object to estimate the amount of the shock. The dynamic model mimics the steel beam suspended by the crane and the robot to grip the beam in 3-dimesional space. Under limited impact, the manipulator grips the object with pre-acting control that can increase the duration of the impact time. In this paper, assuming that location information is provided by a vision system, dynamic simulations are presented, which is very similar to the actual steel beam assembly in building construction environment. The goal of this paper is to evaluate how force, vibration, and stabilization time exerted on the entire robot arm system change before and after applying ‘pre-acting control algorithm’ through the simulations. Also, based on the simulation results, it was concluded that this pre-acting control algorithm can be efficiently applied to real construction sites as well as other industrial sites in the future.",,1,"2007 International Conference on Control, Automation and Systems","Department of Mechanical Engineering, Graduate School of Korea University, Seoul, Korea",iee_rob_be
IEEE Xplore,8471807,10.1109/CSNDSP.2018.8471807,Conferences,On the Design and Deployment of Multitier Heterogeneous and Adaptive Vehicular Networks,Shuja Ansari; Tuleen Boutaleb; Sinan Sinanovic; Carlos Gamio; Ioannis Krikidis,2018,"Research on connected and autonomous vehicles (CAVs) is moving towards first deployments around the world. For complete vehicle autonomy, on top of sensors there is a need for an effective communication system. Due to the critical safety, transmission requirements for these communications are stringent. In an urban environment, with high density of vehicles, standardized dedicated short range communications (DSRC) solely does not perform well. Avoiding costs for new DSRC infrastructure, heterogeneous networks integrating long term evolution (4G-LTE mobile network) and DSRC have shown promising results. With the ever increasing number of vehicles, an optimal integration is required in order to balance the capacity load on the two networks. This paper proposes a systematic approach to designing multitier heterogeneous adaptive vehicular (MHAV) networks. With extensive system level simulations modeling Glasgow city center, incorporating proposed algorithms, scaling of the network along with load balancing between LTE and DSRC have been investigated in this paper. With the design criteria proposed for MHAV, results show that under realistic conditions the probability of end-to-end communication delay to be less than 50 ms is above 90% for a density of 250 vehicles/km2.",,4,"2018 11th International Symposium on Communication Systems, Networks & Digital Signal Processing (CSNDSP)","School of Engineering and Built Environment, Glasgow Caledonian University, Glasgow, Scotland UK",iee_rob_be
IEEE Xplore,1306347,,Conferences,Afrodite power and aesthetics for the built environment,E. Van Kerschaver; C. Allebe; T. Szacsvay; L. Frisson; P. Renz; T. Zdanowicz,2003,"The objective of this work is to improve the acceptability of building integrated renewable energy conversion by developing high performance photovoltaic building elements with a high visual appeal. After an exercise of translating the visual appeal into technical specifications, a number of novelties are introduced both on the level of the crystalline silicon solar cell structure, the required production equipment and for the module manufacturing. Supporting the development of the new products with both reliability testing and an extended outdoor performance evaluation, a number of highly efficient demonstrator building elements have been manufactured.",,0,"3rd World Conference onPhotovoltaic Energy Conversion, 2003. Proceedings of","IMEC, Heverlee, Belgium",iee_rob_be
IEEE Xplore,8461147,10.1109/ICRA.2018.8461147,Conferences,Popcorn-Driven Robotic Actuators,Steven Ceron; Aleena Kurumunda; Eashan Garg; Mira Kim; Tosin Yeku; Kirstin Pctersen,2018,"Popcorn kernels are a natural, edible, and inexpensive material that has the potential to rapidly expand with high force upon application of heat. Although this transition is irreversible, it carries potential for several robotic applications. Here, we examine relevant characteristics of three types of kernels including expansion ratio, transition temperature, popping force, compression strength, and biodegradability. We test the viability of popping by hot oil, hot air, microwaves, and direct contact with heated Nichrome wire. As kernels can change from regular to (larger) irregular shapes, we examine the change in inter-granular friction and propose their use as granular fluids in jamming actuators, without the need for a vacuum pump. Furthermore, as a proof-of-concept, we also demonstrate the use of popcorn-driven actuation in soft, compliant, and rigid-link grippers. Serving as a first introduction of popcorn into robotics, we hope this paper will inspire novel mechanisms for multi-functional designs.",,11,2018 IEEE International Conference on Robotics and Automation (ICRA),"Sibley School of Mechanical and Aerospace Engineering, Cornell University, Ithaca, NY, USA",iee_rob_be
IEEE Xplore,6485309,10.1109/ICARCV.2012.6485309,Conferences,Analysis of sensor and gripper jaw response times,Pavel Dzitac; Abdul Md Mazid,2012,"This paper presents the importance of designing a robotic grasping mechanism from the mechanical resolution and sensing resolution perspective. A low grasping system mechanical resolution defeats the purpose of high sensing resolution. A low sensing resolution capability defeats the purpose of a high mechanical control resolution. In either case the result is inadequate grasping control for precision grasping. An adequate balance is required between sensing and mechanical resolutions to maximize the potential of both. Grasping mechanism's grasp range and sensing range are important as well, because these affect slippage control, precision grasping, and safe object manipulation.",,1,2012 12th International Conference on Control Automation Robotics & Vision (ICARCV),"School of Engineering and Built Environment, Central Queensland University, Rockhampton, Australia",iee_rob_be
IEEE Xplore,10650159,10.1109/IJCNN60899.2024.10650159,Conferences,Design and Simulation of a Novel Leader-Follower UAV Cluster and Formation Control Network,Jack Devey; Essa Shahra; Wanming Hao; De Mi; Adel Aneiba; Moad Idrissi,2024,"With UAVs becoming increasingly prevalent across a diverse array of industries, their extensive adoption has encouraged a great increase in research attention. Combining multiple UAVs together to form UAV swarms provides increased mission performance over singular UAVs. Moreover, the use of multiple UAV’s brings the ability to distribute computation for enhanced efficiency, or widen perspectives for UAV applications with sensors. This paper proposes a novel leader-follower structured UAV swarm along with a suitable network for inter-UAV coordination and formation control. A simulation of the swarm’s kinematics will be completed using Simulink to gain insight into the accuracy of the proposed formation. Additionally a simulation of the formation control network using COOJA will be executed to investigate and analyse it’s effectiveness. Results suggest that the UAV’s have excellent tracking abilities of instructed trajectories and when incorporating the formation control network, transmission delays have a negligible effect on performance.",,7,2024 International Joint Conference on Neural Networks (IJCNN),"Faculty of Computing, Engineering and the Built Environment, Birmingham City University, Birmingham, United Kingdom",iee_rob_be
IEEE Xplore,9966547,10.1109/ISTT56288.2022.9966547,Conferences,Mobile Communications and Parachute Systems for Safe Beyond Visual Line of Sight (BVLoS) UAV Operation,Muhammad Aidiel Zulkifley; Mohamad Ghanim Subki; Mehran Behjati; Rosdiadee Nordin; Nor Fadzilah Abdullah,2022,"Demand for Unmanned Aerial Vehicles (UAV) to fly Beyond the Visual Line of Sight has been significant for the past few years. To do so, the UAV must have a reliable long-range Command and Control (C2) link. The UAV is also expected to avoid any obstacle autonomously with a reliable Detect and Avoid (DAA) mechanism and the ability to detect nearby aircraft since the sky is occupied by manned aircraft. Lastly, the UAV should not endanger others’ life or property. Therefore, this article proposes a hardware and software configuration that utilises the cellular network and DAA system with the deployment of a parachute system to achieve a safe BVLOS UAV operation. The quality of cellular networks at multiple altitudes, the C2 link performance, the ability to perform long-range flights, and the parachute system’s reliability were investigated. The results indicate the effectiveness of the developed systems as the starting point to allow BVLOS drone operations.",,3,2022 IEEE 6th International Symposium on Telecommunication Technologies (ISTT),"Department of Electrical, Electronics and Systems Engineering, Faculty of Engineering and Built Environment, Universiti Kebangsaan Malaysia, Bangi, Selangor, Malaysia",iee_rob_be
IEEE Xplore,9884277,10.1109/IGARSS46834.2022.9884277,Conferences,Comparative Accuracy of DEMS from UAV and SRTMGL1 Over the Coast of Kuala Terengganu,Siti Sarah Farhana Ahmad; Nur Safizah Ponachi; Nurul Hazrina Idris; Alvin Lau Meng Shin,2022,"This paper presents a comparative accuracy of Digital Elevation Models (DEMs) derived from the Unmanned Aerial Vehicle (UAV) images and the Shuttle Radar Topography Mission Global 1 (SRTMGL1) included with the PALSAR Radiometrically Terrain Corrected (RTC) products. The accuracy of DEMs is computed with respect to the Global Positioning System (GPS) field survey. Based on the assessments over 134 locations, the accuracy of UAV-derived DEM is more reliable than those of the SRTMGL1 included with the PALSAR RTC products with the root mean square error (RMSE) of 4.0 meters for SRTMGL1 and 0.5 for UAV-derived DEM.",,0,IGARSS 2022 - 2022 IEEE International Geoscience and Remote Sensing Symposium,"Department of Geoinformation, Faculty of Built Environment and Surveying, Universiti Teknologi Malaysia, Skudai, Johor Darul Takzim, Malaysia",iee_rob_be
IEEE Xplore,1067997,10.1109/TRA.2002.803464,Journals,Cooperative transport by multiple mobile robots in unknown static environments associated with real-time task assignment,N. Miyata; J. Ota; T. Arai; H. Asama,2002,"This paper deals with a task-assignment architecture for cooperative transport by multiple mobile robots in an unknown static environment. The architecture should satisfy three features: deal with a variety of tasks in time and space, deal with a large number of tasks compared with the number of robots, and decide the behavior in real time. The authors propose the following approach: we consider the unit of task (task instance) as the job that should be done in a short time by one robot. Based on the environmental information, task instances are dynamically generated using task templates. The priority of task instances is evaluated dynamically based on the number of robots and the configuration in the workspace. In addition, we avoid generating too many task instances by suppressing object motion. The main part of the architecture consists of two real-time planners: a priority-based task-assignment planner solved by using the linear programming method, and motion planners based on short-time estimation. The effectiveness of the proposed architecture is verified by a cooperative transport simulation in an unknown environment.",,119,IEEE Transactions on Robotics and Automation,"The Digital Human Laboratory, National Institute for Advanced Industrial Science and Technology, Tokyo, Japan",iee_rob_be
IEEE Xplore,9196700,10.1109/ICRA40945.2020.9196700,Conferences,Recognition and Reconfiguration of Lattice-Based Cellular Structures by Simple Robots,Eike Niehs; Arne Schmidt; Christian Scheffer; Daniel E. Biediger; Michael Yannuzzi; Benjamin Jenett; Amira Abdel-Rahman; Kenneth C. Cheung; Aaron T. Becker; Sándor P. Fekete,2020,"We consider recognition and reconfiguration of lattice-based cellular structures by very simple robots with only basic functionality. The underlying motivation is the construction and modification of space facilities of enormous dimensions, where the combination of new materials with extremely simple robots promises structures of previously unthinkable size and flexibility; this is also closely related to the newly emerging field of programmable matter. Aiming for large-scale scalability, both in terms of the number of the cellular components of a structure, as well as the number of robots that are being deployed for construction requires simple yet robust robots and mechanisms, while also dealing with various basic constraints, such as connectivity of a structure during reconfiguration. To this end, we propose an approach that combines ultra-light, cellular building materials with extremely simple robots. We develop basic algorithmic methods that are able to detect and reconfigure arbitrary cellular structures, based on robots that have only constant-sized memory. As a proof of concept, we demonstrate the feasibility of this approach for specific cellular materials and robots that have been developed at NASA.",,22,2020 IEEE International Conference on Robotics and Automation (ICRA),"Department of Computer Science, TU, Braunschweig, Germany",iee_rob_be
IEEE Xplore,8791998,10.1109/FAS-W.2019.00056,Conferences,"Design and Prototyping of a Single Axis, Building Material Integrated, Distributed Robotic Assembly System",Samuel Leder; Ramon Weber; Dylan Wood; Oliver Bucklin; Achim Menges,2019,"The creation of a new generation of small, modular, simplified robots for the assembly of custom-built structures is highly relevant in the fields of architectural design and construction. The aim of the research is to present a new feasible robotic system that could be implemented for the assembly of strut structures. The research showcases the development of bespoke single axis, double gripper robots that as a distributed robotic system assembles structures from standardized timber struts. We present a control scheme for collective assembly, only enabled by the collaboration of multiple robots and timber struts, shifting away from prefabrication towards autonomous, robotic, on-site construction in architectural scale.",,3,2019 IEEE 4th International Workshops on Foundations and Applications of Self* Systems (FAS*W),"Institute for Computational, Design and Construction Universitaät Stuttgart, Stuttgart, Germany",iee_rob_be
IEEE Xplore,11116164,10.1109/B-HTC64616.2025.11116164,Conferences,Integrated Green Building Design for Environmental Preservation - Sustainable Construction,Sunandana Reddy Machireddy,2025,"Global warming and climate change are pressing issues caused by human activities, including those in the construction industry. The use of building materials, utensils, and unprofessional techniques is threatening both human health and environmental health. In response, the sustainable green building design approach is essential to mitigate these adverse impacts, aiming to reduce energy consumption and greenhouse gas emissions compared to traditional buildings. The present study aimed to assess the design of sustainable green buildings using discrete approaches, including eco-friendly building materials, solar energy, and rainwater harvesting system focusing on a site of 262 m2 in Vempalli Mandal, Andhra Pradesh, India. The study was conducted in a selected suitable building area, considering the key resources of material, energy, and water. The project aimed to enhance the opportunities for building sustainability from various perspectives to achieve optimal results compared to conventional buildings. The assessment includes the use of GGBS and fly ash in concrete, resulting in a reduction in cement usage, and the implementation of solar panels that can generate required energy annually. The study found that sustainable green buildings can significantly reduce energy consumption, with potential energy savings of Rs. 1,15,200 annually, greenhouse gas emissions, and environmental degradation. The use of eco-friendly building materials, solar energy, and water harvesting can reduce energy costs, improve indoor air quality, and promote sustainable development. Incorporating eco-friendly materials and systems can lower carbon dioxide emissions by up to 295 tons over 25 years, equivalent to planting 472 teak trees. The present study contributes to the existing literature on sustainable green buildings by assessing the design of sustainable green buildings using discrete approaches. The study’s findings highlight the importance of incorporating eco-friendly building materials, solar energy, and water harvesting into building design to promote sustainability. The study’s results have implications for policy-makers, architects, engineers, and construction companies seeking to develop sustainable buildings that minimize environmental impacts. The study’s novelty lies in its comprehensive approach to assessing sustainable green buildings by considering multiple factors, including material selection, energy efficiency, and water harvesting. The study’s findings have practical applications in the construction industry, as they provide a framework for designing sustainable green buildings that can reduce environmental impacts and promote sustainable development.",,0,2025 IEEE Bangalore Humanitarian Technology Conference (B-HTC),"Department of Civil Engineering, Rajeev Gandhi Memorial College of Engineering and Technology ( Autonomous), Nandyal, India",iee_rob_be
IEEE Xplore,10933209,10.1109/CSPA64953.2025.10933209,Conferences,Advancing Sustainable Paddy Farming: Utilizing Multispectral Unmanned Aerial Vehicle (UAV) Technology for Efficient Water Stress Detection and Management,Nurain Wadhihah Mohd Nazri; Khairil Afendy Hashim; Nurul Ain Mohd Zaki; Abd Manan Samad; Zulkiflee Abd Latif; Zaki Ahmad Dahlan; Norhashila Hashim; Wani Sofia Udin,2025,"Paddy is one of the crucial crops in Asia. Due to that factor, the demand has been increasing daily, and research has been reported by Das et al. (2022) that the paddy will be in demand and will increase by 50% in 2050. Paddy progresses through different growth stages: vegetation, reproductive, and ripening. The reproductive stage is particularly vital for its development. However, the growth and yield of paddy are significantly affected by water scarcity, especially during the dry season in Perlis from January to April. To tackle this challenge, this research utilizes multispectral unmanned aerial vehicle (UA V) technology to identify water stress levels in paddy fields. Despite its proven effectiveness in agriculture, this innovative technology has not been widely utilized for water stress monitoring. This study aims to utilize the multispectral UAV for water stress detection, improving understanding and managing water resources in paddy farming. This approach can strengthen sustainable paddy production, even in disadvantageous weather conditions. By enhancing water stress detection, we can ensure more efficient water usage in paddy cultivation, thereby contributing to the overall sustainability of this essential agricultural practice.",,1,2025 21st IEEE International Colloquium on Signal Processing & Its Applications (CSPA),"College of Built Environment, Universiti Teknologi Mara, Arau, Malaysia",iee_rob_be
IEEE Xplore,10933178,10.1109/CSPA64953.2025.10933178,Conferences,Utilizing Thermal Unmanned Aerial Vehicle (UAV) Technology for Precision Agriculture Monitoring of Temperature Stress in Paddy Fields,Nurain Wadhihah Mohd Nazri; Khairil Afendy Hashim; Zaki Ahmad Dahlan; Abdul Manan Samad; Zulkiflee Abd Latif; Nurul Ain Mohd Zaki; Norhashila Hashim; Wani Sofia Udin,2025,"Paddy, a vital staple food crop in various Asian nations, including Malaysia, is critical in ensuring food security. The crop's health and yield are significantly impacted by its reproductive and ripening stages, making it susceptible to environmental stressors. Among these stressors, temperature is a significant abiotic factor that notably influences paddy production outcomes. Malaysia has been grappling with the impacts of the El Niño phenomenon since late 2023, which is expected to persist until mid-2024, leading to higher temperatures in the region. In response to this challenge, the study aims to utilise thermal Unmanned Aerial Vehicle (UAV) technology to closely monitor and detect instances of temperature stress within paddy fields. This innovative approach has the potential to facilitate more targeted and efficient management strategies to counteract the effects of temperature fluctuations on paddy crops, thereby ensuring sustained production levels in the face of climatic challenges.",,0,2025 21st IEEE International Colloquium on Signal Processing & Its Applications (CSPA),"College of Built Environment, Universiti Teknologi Mara, Arau, Malaysia",iee_rob_be
IEEE Xplore,1544986,10.1109/IROS.2005.1544986,Conferences,Optimal search for multiple targets in a built environment,H. Lau; S. Huang; G. Dissanayake,2005,"The main contribution of this paper is an algorithm for autonomous search that minimizes the expected time for detecting multiple targets present in a known built environment. The proposed technique makes use of the probability distribution of the target(s) in the environment, thereby making it feasible to incorporate any additional information, known a-priori or acquired while the search is taking place, into the search strategy. The environment is divided into a set of distinct regions and an adjacency matrix is used to describe the connections between them. The costs of searching any of the regions as well as the cost of travel between them can be arbitrarily specified. The search strategy is derived using a dynamic programming algorithm. The effectiveness of the algorithm is illustrated using an example based on the search of an office environment. An analysis of the computational complexity is also presented.",,36,2005 IEEE/RSJ International Conference on Intelligent Robots and Systems,"ARC Centre of Excellence for Autonomous Systems (CAS), University of Technology, Sydney, NSW, Australia",iee_rob_be
IEEE Xplore,6060381,,Conferences,Development of high accuracy position making system applying mark robot in construction site,Fumihiro Inoue; Satoru Doi; Eri Omoto,2011,"This Paper describes development of high accuracy position making system using the mark robot and survey system. In the construction process of foundation works, the initial making on the base floor is very important work to set and built the construction materials exactly. However, the making errors were often reported by human error of marking worker. This trouble causes not only the lack of constriction confidence but also the decrease of work efficiency. In order to do high accuracy marking and to reduce the human errors, the automated marking system was developed using mark robot and the survey total station. In this mark robot, the marking device is installed at robot center and the error between mark point and stamp marker point can be modified exactly. Using this marking system, high accuracy marking can be executed. The marking process controlling in automation, the high efficient and accuracy foundation marking is performed.",,1,SICE Annual Conference 2011,"Technical Research Institute, Obayashi Corporation, Tokyo, Japan",iee_rob_be
IEEE Xplore,5665687,,Conferences,Swarm intelligence in cellular manufacturing: application of hybrid ant system to manufacturing cell machine layout problem,Bo Xing; Wen-Jing Gao; Fulufhelo V. Nelwamondo; Kimberly Battle; Tshilidzi Marwala,2010,"This paper analyzes the intra-cell machine re-layout (ICMRL) problem in the context of cellular manufacturing (CM). The proposed method for ICMRL has two phases. First phase consists of a general cell formation procedure in which the initial machine layout is obtained. In the second phase, we formulate ICMRL as a quadratic assignment problem model. Then an ant inspired swarm intelligence approach is used to develop a set of better solution. Since the automated guided vehicles (AGVs) are commonly used to transport materials between manufacturing cells, the impact of their guide path characteristics on the final machine layout plan is also considered to find an optimal solution.",,1,2010 World Automation Congress,"The Faculty of Engineering and the Built Environment, University of Johannesburg, Johannesburg, South Africa",iee_rob_be
IEEE Xplore,10807203,10.1109/ACCESS.2024.3520414,Journals,Technoeconomic Assessment of Electric Vehicle Battery Disassembly-Challenges and Opportunities From a Robotics Perspective,Jamie Hathaway; Cesar Alan Contreras; Mohammed Eesa Asif; Rustam Stolkin; Alireza Rastegarpanah,2025,"The rapid shift towards electric vehicles (EVs) demands effective end-of-life strategies for lithium-ion batteries (LIBs), necessitating examining recycling methodologies, particularly the disassembly process. This study presents a technoeconomic analysis of EV battery disassembly, focusing on incorporating robotics to address challenges and capitalize on opportunities. Based on the case study of the Mitsubishi Outlander PHEV battery pack, we identify the most labor and cost-intensive components and introduce a structured approach to evaluate automating disassembly tasks. Classifying tasks based on their automation potential, we find 57% of pack-to-module (P2M) tasks readily automatable, with an additional 24% requiring minimal human intervention. Incorporating this into an analysis of task feasibility, level of automation and robot time efficiency, we establish a roadmap towards robotizing the disassembly process based on human-robot colllaboration, demonstrating a 12.85% increase in net annual revenue and 43.75% reduction in disassembly cost with current level of task feasibility. Our findings indicate a long-term roadmap towards increasing level of automation, while surmounting feasibility of complex disassembly tasks remains an unsolved challenge.",,8,IEEE Access,"School of Metallurgy and Materials, University of Birmingham, Birmingham, U.K.",iee_rob_be
IEEE Xplore,9928933,10.1109/ICSIMA55652.2022.9928933,Conferences,Development of Self Sustainable IOT Based Low Cost UV Index Monitoring Station,Chee Wern Hew; Rodney H.G. Tan; Chek Hong Lee; Tatya Hilmy Hartanty; Wafa Hossain; Yen Sin Lee,2022,"Ultraviolet exists in our daily life as Sun is the major source of ultraviolet. Although ultraviolet is undetectable with bare eyes, but it does bring effect to our health and product lifetime under long exposure of strong ultraviolet radiation. This paper presented the development of ultraviolet index monitoring station which consisted of a low cost analogue breakout module integrated with an ultraviolet sensor, GUVA-S12SD, a wireless fidelity embedded microcontroller, NodeMCU-ESP8266, solar photovoltaic system for self sustainability of the station and a large display made of two seven segment light-emitting diode. The ultraviolet index monitoring station was connected to the internet and the ultraviolet data were sent to an Internet of Things platform, ThingSpeak for public access. The ultraviolet index monitoring station was setup and tested at a residential area. The ultraviolet data collected were analysed and validated using external reference source from the Meteorological Department, Malaysia which located at a radius distance of 6 km from the data collection site. Lastly, a fitting equation was derived to determine the ultraviolet index value. The ultraviolet results showed a promising accuracy with a low mean error of 1.31 and which close to the reference ultraviolet index provided by Meteorological Department, Malaysia. Furthermore, this paper performed study to the ultraviolet sensor breakout module which contributed to development of the ultraviolet measuring instrument. The ultraviolet index monitoring system also contributes to monitor ultraviolet index in a local area such as community park, beach, field and school to raise the public awareness.",,5,"2022 IEEE 8th International Conference on Smart Instrumentation, Measurement and Applications (ICSIMA)","Faculty of Engineering, Technology & Built Environment, UCSI University, Kuala Lumpur, Malaysia",iee_rob_be
IEEE Xplore,6011098,10.1109/AIMSEC.2011.6011098,Conferences,Notice of Retraction: Study on the development of Tibetan competitive industry with local characteristics under the perspective of securitization of state-owned property,Aidong Chen; Qian Feng,2011,Retracted.,,0,"2011 2nd International Conference on Artificial Intelligence, Management Science and Electronic Commerce (AIMSEC)","Institute of Finance and Economics, Tibet Institute of Nationalities, Xianyang, Shanxi, China",iee_rob_be
IEEE Xplore,8666032,,Books,Introduction: Innovation at Digital Speed,MIT Sloan Management Review,2018,"I have spent close to two decades helping leaders at large organizations confront the challenges of disruptive change. In the early days, my clients either came from the handful of industries characterized by rapid change or were run by a vanguard of forward-thinking executives. That has changed.",,0,"When Innovation Moves at Digital Speed: Strategies and Tactics to Provoke, Sustain, and Defend Innovation in Today's Unsettled Markets",,iee_rob_be
IEEE Xplore,8570104,10.1109/GloSIC.2018.8570104,Conferences,Theoretical and Experimental Research on Possibility of Deep Processing Slag of Foundry Manufacture,A.N. Dildin; O.V. Zaitseva; D.A. Zherebtsov,2018,"The research, directed at perfecting of the techniques of processing and utilization of slags of metallurgical productions, remain relevant. Among slags, processing of which is associated with special difficulties, are foundry slags, which include a large amount of silica. A theoretical and experimental study of the possibility of deep processing (including restoration of oxidized metal) of slag dumps of Kusa Foundry and Machine-Building Plant became the purpose of the real work. During the research, we used the technique, which was previously developed in SUSU. The process of high-temperature slag restoration was modeled and experimental laboratory research was carried out. The results offer the possibility to determine the conditions that will contribute to the creation of technologies for the deep processing of slag dumps of foundry production with the production of high-silicon iron or ferrosilicon, and in particular, to adapt previously developed approaches to the deep processing of steelmaking waste slag.",,0,2018 Global Smart Industry Conference (GloSIC),"Federal State Autonomous Educational Institution of Higher Education “South Ural State University (national research university)”, Chelyabinsk, Russian Federation",iee_rob_be
IEEE Xplore,9864147,10.1109/TASE.2022.3199355,Journals,A Dual-Arm Robot That Manipulates Heavy Plates With the Support of a Vacuum Lifter,Shogo Hayakawa; Weiwei Wan; Keisuke Koyama; Kensuke Harada,2023,"A vacuum lifter is widely used to hold and pick up large, heavy, and flat objects. Conventionally, when using a vacuum lifter, a human worker watches the state of a running vacuum lifter and adjusts the object’s pose to maintain balance. In this work, we propose using a dual-arm robot to replace the human workers and develop planning and control methods for a dual-arm robot to raise a heavy plate with the help of a vacuum lifter. The methods help the robot determine its actions by considering the vacuum lifer’s suction position and suction force limits. The essence of the methods is two-fold. First, we build a Manipulation State Graph (MSG) to store the weighted logical relations of various plate contact states and robot/vacuum lifter configurations, and search the graph to plan efficient and low-cost robot manipulation sequences. Second, we develop a velocity-based impedance controller to coordinate the robot and the vacuum lifter when lifting an object. With its help, a robot can follow the vacuum lifter’s motion and realize compliant robot-vacuum lifter collaboration. Real-world experiments are carried out to investigate the proposed planning and control methods. The results show that a robot can effectively and flexibly work together with a vacuum lifter to manipulate large and heavy plate-like objects with the methods’ support. Note to Practitioners—This paper is motivated by the vacuum lifters used for transporting heavy plates in a factory that produces building materials. In the factory, a human worker attaches the suction cup of a vacuum lifter to a plate and controls the vacuum lifter to pull the plate up. Meanwhile, another human worker moves and lifts the plate to a goal pose, following the vacuum lifter while maintaining balance. The job is dangerous as the plate is heavy, and the vacuum lifter is not always strong enough to hold the plate firmly. Inspired by the usage and safety problem, we in this paper develop a planning and control method for a dual-arm robot to replace humans. The robot coordinates its motion to work with the vacuum lifter and performs lifting tasks. The vacuum lifter could remain operated by a human worker or be actuated by signals from the dual-arm robot or other third-party machines. The work is complementary to our previous study that developed planners for robots to use pulley blocks. They together provide extensive knowledge for using low-payload collaboratively robots to manipulate heavy plates.",,14,IEEE Transactions on Automation Science and Engineering,"Graduate School of Engineering Science, Osaka University, Toyonaka, Osaka, Japan",iee_rob_be
IEEE Xplore,10764459,10.1109/ISEEIE62461.2024.00077,Conferences,Design and Development of Smart Autonomous Tennis Ball Collector Robot,Abdulwahab A. Abdulrahman Al-Saadi; Mahmud Iwan Solihin,2024,"This paper proposes a comprehensive solution to the labor-intensive and time-consuming task of collecting tennis balls during practice and matches. The study investigates building an efficient and robust robot capable of navigating tennis courts and collecting balls. The mechanical design involves choosing appropriate sensors, actuators, and microcontrollers to ensure accurate detection and collection of tennis balls. The robot has two DC motors with wheels, enabling it to move forward, backward, left, and right. Another DC motor is also used to drive the fines of the ball collecting mechanism. The robot is equipped with three IR sensors: one at the front and one on each side, easing obstacle detection and ensuring effective navigation. The robot operates in two modes: automatic mode where the robot can autonomously navigate the courtyard, and manual mode, where a user can control the robot remotely. Field tests demonstrate the robot's ability to effectively locate and collect tennis balls, showing its potential to minimize physical efforts and improve training efficiency for tennis players. The paper concludes that the robot was successfully built, the control system was developed, and the results were promising. It features the realistic applications of smart systems service robotics in sports and recreational performances.",,0,"2024 International Symposium on Electrical, Electronics and Information Engineering (ISEEIE)","Dept. Computer Engineering Techniques, University of Al Maarif, Ramadi, Iraq",iee_rob_be
IEEE Xplore,10712503,10.1109/ACIT62333.2024.10712503,Conferences,Aerial Visual Monitoring in Accounting of Smart Construction,Zenovii-Mykhailo Zadorozhnyi; Volodymyr Muravskyi; Oleksandr Kundeus; Marian Zadorozhnyi; Vasyl Muravskyi,2024,"The use of information and communication technologies in the construction sector of the economy led to the formation of the concept of smart construction. An important component of smart construction is the active use of unmanned aerial vehicles (drones). The prospects for the use of aerial visual image recognition technology for accounting and control of construction activities are substantiated. A method of using variable data provided by aerial visual monitoring technology, in combination with permanent information on the movement of construction materials and structures and workers on the territory of the construction site for the purpose of accounting and control of costs of the construction enterprise, has been developed. It is proposed to position the are of separate construction objects as calculation units for detailed calculation of the cost of construction works or services, which makes it possible to reliably determine their cost even before the final completion of construction. The procedure for accounting income from construction activities has been improved, taking into account the degree of readiness of the construction object using aerial visual monitoring technology to forecast financial results. The method of automatic inventory, safety and behavioral control for accounting of losses caused to the enterprise has been clarified, which contributes to the prevention and elimination of the consequences of illegal actions on the construction site. The use of proposals for improving the accounting and control of smart construction with the use of aerial visual monitoring technology contributes to the optimization of economic and socio-economic processes of construction enterprises on the basis of complete, timely and reliable information.",,0,2024 14th International Conference on Advanced Computer Information Technologies (ACIT),"Department of Accounting and Taxation, West Ukrainian National University, Ternopil, Ukraine",iee_rob_be
IEEE Xplore,11119617,10.1109/CACRE66141.2025.11119617,Conferences,Research on a Rail-Mounted Concrete Quality Inspection Robot System for Aerial Building Machine,Meijie Zhou; Chang Ge; Xuesheng Xiong,2025,"Aiming at the problems of small inspection space, complex environment, high labor intensity of manual inspection, low work efficiency, risk of personal safety, and easy to miss and misjudge the inspection results in the quality inspection scene of ultra-high-rise building construction, based on the design concept of Rail-mounted robots, we integrated the application of key technologies such as rail drive, visual recognition, mobile positioning, and wireless communication, etc., and developed and fabricated the hanging-rail concrete quality inspection robot system for the platform of airborne building construction machine. Concrete quality inspection robot system for aerial building platform. The robot realizes the directional movement of complex scenes through hanging rail driving, and realizes the accurate identification and quantitative analysis of concrete surface quality, strength, temperature and humidity and other inspection targets by virtue of machine vision technology combined with multi-sensor data fusion technology, and standardized display and file through the form of test report, which effectively replaces manual inspection, reduces labor intensity, protects personnel safety, and at the same time, improves inspection quality and efficiency, and enhances the quality and efficiency of high-rise building construction, and improves the quality and quality of concrete inspection. At the same time, it improves the quality and efficiency of inspection and enhances the mechanization and intelligence of high-rise building construction. The robot has been successfully applied on the aerial building machine platform of the super high-rise project in Chengdu Tianfu New District of China Shipping and has verified the practicality and feasibility of the system.",,0,"2025 10th International Conference on Automation, Control and Robotics Engineering (CACRE)","Robot Intelligent Innovation Laboratory, Shanghai Robot Industrial Technology Research Institute, Shanghai, China",iee_rob_be
IEEE Xplore,11101058,10.1109/GCWkshp64532.2024.11101058,Conferences,Generative AI-enabled Digital Twins for 6G-enhanced Smart Cities,Kubra Duran; Lal Verda Cakir; Mehmet Ozdem; Kerem Gursu; Berk Canberk,2024,"6G networks are envisioned to enable a wide range of applications, such as autonomous vehicles and smart cities. However, this rapid expansion of network topologies makes the management of 6G wireless networks more complex and leads to performance degradation. Even though state-of-the-art applications on network services are providing promising results, they also risk disrupting the network’s performance. To overcome this, the services have to leverage what-if implementations covering a variety of scenarios. At this point, traditional simulations fall short of encompassing the dynamism and complexity of a physical network. To overcome these challenges, we propose the Generative AI-based Digital Twins. For this, we derive an optimization formula to differentiate different network scenarios by considering the specific key performance indicators (KPIs) for wireless networks. Then, we fed this formula to the generative AI with the historical twins and real-time twins to start generating the desired topologies. To evaluate the performance, we implement network and smart-city-oriented services, namely massive connectivity, tiny instant communication, right-time synchronization, and truck path routes. The simulation results reveal that our approach can achieve 38% more stable network throughput in high device density scenarios. Furthermore, the generated scenario accuracy is able to reach up to 98% level, surpassing the baselines.",,9,2024 IEEE Globecom Workshops (GC Wkshps),"School of Computing, Engineering and The Built Environment, Edinburgh Napier University, UK",iee_rob_be
IEEE Xplore,10831303,10.1109/SMC54092.2024.10831303,Conferences,Data-Driven Dynamic Event-Triggered Sliding-Mode Heading Control for Unmanned Surface Vehicles with Uncertainties,Huarong Zhao; Jinjun Shan; Xing Li; Hongnian Yu,2024,"This paper investigates a data-driven dynamic event-triggered sliding mode heading control problem for un-manned surface vehicles with uncertain dynamics models. First, a virtual sensor is introduced to establish a compact dynamic linearization model for the unmanned surface vehicle. Then, a dynamic event-triggered scheme is developed to alleviate the communication burden. Moreover, a sliding mode surface is designed, and a data-driven dynamic event-triggered sliding mode heading control approach is formulated. Finally, rigorous mathematical proofs are given, and several simulations demon-strate the effectiveness and superiority of the proposed method compared to existing approaches.",,0,"2024 IEEE International Conference on Systems, Man, and Cybernetics (SMC)","School of Internet of Things Engineering, Jiangnan University, Wuxi, P. R. China",iee_rob_be
IEEE Xplore,8432253,10.1109/AINA.2018.00051,Conferences,An Efficient AUV-Aided Data Collection in Underwater Sensor Networks,Seyed Mohammad Ghoreyshi; Alireza Shahrabi; Tuleen Boutaleb,2018,"From the view of routing protocols in Underwater Sensor Networks (UWSNs), mobile data-gathering mechanisms using Autonomous Underwater Vehicle (AUV) have received significant attention because of data collection capability via short-range communications. In this paper, a new Cluster-based AUV-aided Data Collection scheme (CADC) for large-scale UWSNs is proposed to make a trade-off between energy saving and data gathering latency. Our scheme consists of three phases: discovery phase, clustering phase, and data gathering phase. Neighbouring information is exchanged and then collected by AUV during the discovery phase. The collected information is used in the clustering phase in order to determine the cluster heads and members. Then, the AUV tour is planned such that all cluster heads are visited while shortening the tour length of the AUV. To cluster the sensors and cover their heads with the shortest possible tour, we first propose an optimal algorithm to find the global optimal solution, and then propose an efficient algorithm to obtain the near-optimal solution in the less computational time. CADC is scalable and also applicable in both connected and disconnected networks. In terms of energy-latency trade-off, CADC can effectively keep the tour length short while prolonging the network lifetime compared to those of mobile data-gathering approaches. The effectiveness of CADC is validated through an extensive simulation study which reveals the performance improvement in the packet delivery ratio, energy saving, and data gathering latency.",,26,2018 IEEE 32nd International Conference on Advanced Information Networking and Applications (AINA),"School of Engineering and Built Environment, Glasgow Caledonian University, Glasgow, UK",iee_rob_be
IEEE Xplore,8636490,10.1109/ACCESS.2019.2897872,Journals,Mobile Data Gathering With Hop-Constrained Clustering in Underwater Sensor Networks,Seyed Mohammad Ghoreyshi; Alireza Shahrabi; Tuleen Boutaleb; Mohsen Khalily,2019,"Recent years have witnessed growing attention to the mobile data gathering schemes using autonomous underwater vehicle (AUV) in underwater sensor networks (UWSNs). In this paper, a novel cluster-based mobile data gathering (CMDG) scheme for large-scale UWSNs is presented to make a tradeoff between the data gathering latency and energy saving. To cluster the acoustic sensors and cover their heads with the shortest possible tour, we first formulate it into an optimization problem and then propose two efficient algorithms to obtain the near-optimal solutions in the less computational time. We also discuss the impact of topology change on the CMDG performance. To the best of our knowledge, CMDG is the first AUV tour planning scheme which is able to deal with the sensors mobility in UWSNs. CMDG is scalable and also applicable in both connected and disconnected networks. In terms of energy-latency tradeoff, CMDG can effectively keep the tour length short while prolonging the network lifetime compared to those of the existing mobile data gathering schemes. The effectiveness of CMDG is validated through an extensive simulation study which reveals the performance improvement in the energy saving, data gathering latency, and packet delivery ratio.",,24,IEEE Access,"School of Computing, Engineering and Built Environment, Glasgow Caledonian University, Glasgow, U.K.",iee_rob_be
IEEE Xplore,4108528,10.1109/SICE.2006.314939,Conferences,The application of the human-robot cooperative system for construction robot manipulating and installing heavy materials,Kye-young Lee; Seung-yeol Lee; Jong-ho Choi; Sang-heon Lee; Chang-soo Han,2006,"From the recent trends in the demand for buildings, the customers increasingly prefer high-rise buildings. This reinforces the fact the general contractors focus on the cut-down of costs to reduce the term of works in construction. As this effort, the ASCI (automation system for curtain-wall installation) which combined with a multi-D.O.F. manipulator to a mini-excavator was developed and applied on construction site. But, it is found that the operation by one operator with more intuitive operation is required to improve the performance of operating the ASCI which needs one person with a remote joystick and the other operating an excavator. To overcome the difficulties in operating the existing automated system from the viewpoint of construction efficiency, the human-robot cooperative (HRC) system is proposed to cope with various and untypical constructing environment through the real-time interacting with a human, robot, and constructing environment simultaneously. The physical power of a robot system helps a human to handle heavy materials with relatively scaled-down load. Also, a human can feel and response the force reflected from robot end-effector acting with working environment. To realize the proposed system, the human-robot relation is modeled with target dynamic system which describes physical behaviors with impedances. The HRC system is featured by the power-assistance and force-reflection. The effect of force-reflection is realized by the feedback of force reflected from an external force-sensor. The robot-environment relation is modeled by the compliancy of impedance control. The position-tracking performance in unconstrained condition is improved by the impedance controller including position control. This study presents the experiments and evaluations to verify the proposed human-robot cooperative system for robotic applications in construction giving the performance tests, such as force assistance, force reflection, and position-tracking in two axes manipulator",,10,2006 SICE-ICASE International Joint Conference,"Research Institute of Technology, Samsung Corporation, South Korea",iee_rob_be
IEEE Xplore,10708873,10.1109/AIARS63200.2024.00067,Conferences,Fuzzy Prediction Algorithm of Construction Cost Based on Improved Particle Swarm Evolution Calculation,Yuding Liu; Xin Li; Yuejuan Huang; Juan Ding; Fanju Zeng,2024,"To achieve precise and rapid cost predictions for industrial construction in the project's early stages, this study compares the predictive capabilities of neural networks and support vector machines optimized by various algorithms. The aim is to identify the most effective model for predicting industrial construction costs. Utilizing an enhanced particle swarm optimization technique, we reformulate the task of selecting the best cost evaluation approach as a dynamic optimization challenge involving potential cost scenarios constrained by multiple objectives. The fitness value undergoes iterative refinement. Simulations and comparative experiments reveal that our algorithm's numerical error typically falls within 1, whereas other methods often range between 1 and 2. In the best-case scenario, our approach achieves a numerical error of 0, exhibiting superior convergence speed and value. When optimizing multimodal functions, the hybrid operator-based strategy performs relatively better, with values generally exceeding 1 and peaking at 1.9.",,0,2024 3rd International Conference on Artificial Intelligence and Autonomous Robot Systems (AIARS),"Harbin Huade University, Harbin, Heilongjiang, China",iee_rob_be
IEEE Xplore,11512706,10.1109/OETIC67587.2025.11512706,Conferences,Preliminary Study on 3D Visualization of Marine Parcels for Marine Cadastre Implementation in Sarawak,Muhammad Fahim Supian; Abdullah Hisam Omar; Muhammad Hafiz Mohd Yatim; Muhammad Syazwan Ab Razak; Fiq Schsyarenndy Asni; Awang Zamhari Awang Mahmood; Ramzi Abdillah,2025,"This paper presents a preliminary study on the visualization of three-dimensional (3D) marine parcels and marine space as a foundational step toward developing a 3D marine cadastre in Sarawak, Malaysia. The increasing complexity of marine spatial usage, including aquaculture, seabed infrastructure, and recreational activities, necessitates a system capable of managing overlapping rights and responsibilities across vertical zones. To address this, the study integrates multi-source geospatial technologies, namely Global Navigation Satellite System (GNSS) positioning, Unmanned Aerial Vehicle (UAV) photogrammetry, and bathymetric surveys. It is used for the accurate delineation and modelling of marine parcels spanning the seabed, water column, and surface. Two representative pilot sites were selected: Batang Ai, an inland reservoir used for aquaculture. Tanjung Batu is a dynamic coastal zone influenced by tidal changes. Spatial data were processed and visualized using ArcScene to generate 3D marine parcels, with each volumetric marine parcel representing specific legal and functional zones. The resulting models effectively illustrated vertical zoning potential. They demonstrated how volumetric spatial units can be structured for multi-use marine cadastre applications. The outcomes of this study contribute to the growing body of research on 3D marine cadastre and support Malaysia’s broader goals of modernizing ocean governance, improving marine spatial data infrastructure, and advancing legal frameworks for integrated marine rights management.",,0,2025 IEEE Ocean Engineering Technology and Innovation Conference: Management and Conservation for Sustainable and Resilient Marine and Coastal Resources (OETIC),"Faculty of Built Environment and Surveying, Universiti Teknologi Malaysia, Johor Bahru, Malaysia",iee_rob_be
IEEE Xplore,9361306,10.1109/LRA.2021.3061324,Journals,Active and Interactive Mapping With Dynamic Gaussian Process Implicit Surfaces for Mobile Manipulators,Liyang Liu; Simon Fryc; Lan Wu; Thanh Long Vu; Gavin Paul; Teresa Vidal-Calleja,2021,"In this letter, we present an interactive probabilistic mapping framework for a mobile manipulator picking objects from a pile. The aim is to map the scene, actively decide where to go next and which object to pick, make changes to the scene by picking the chosen object, and then map these changes alongside. The proposed framework uses a novel dynamic Gaussian Process (GP) Implicit Surface method to incrementally build and update the scene map that reflects environment changes. Actively the framework computes the next-best-view, balancing the terms of object reachability for picking and map information gain (IG) for fidelity and coverage. To enforce a priority of visiting boundary segments over unknown regions, the IG formulation includes an uncertainty gradient-based frontier score by exploiting the GP kernel derivative. This leads to an efficient strategy that addresses the often conflicting requirement of unknown environment exploration and object picking exploitation given a limited execution horizon. We demonstrate the effectiveness of our framework with software simulation and real-life experiments.",,14,IEEE Robotics and Automation Letters,"Center for Autonomous Systems (CAS), Faculty of Engineering and IT, University of Technology Sydney, Sydney, Australia",iee_rob_be
IEEE Xplore,6685504,10.1109/RoboMech.2013.6685504,Conferences,Implementation of an industrial controller for a ball-on-wheel system,John Manuel Fernandes; Theo van Niekerk,2013,"Many industrial systems and processes are non-linear in nature. However, for purposes of control systems design, they are usually treated as linear systems within a defined operating range. The process of modeling and linearization is complex, costly and often inaccurate due to uncertainties in system parameters. In this paper, a laboratory Ball on Wheel system is implemented, modeled and linearized. Thereafter, a traditional PID controller is designed and performance analyzed. Intelligent control, utilizing Neural Networks (NN) is also considered for control of the non-linear system. The control systems are further implemented within an industrial controller, allowing further performance analysis.",,3,2013 6th Robotics and Mechatronics Conference (RobMech),"Mechatronics Department, Faculty of Engineering, Built Environment and Information Technology, Nelson Mandela Metropolitan University, Port Elizabeth, South Africa",iee_rob_be
IEEE Xplore,9666544,10.1109/UEMCON53757.2021.9666544,Conferences,Utilizing Wi-Fi Access Points for Unmanned Aerial Vehicle Localization for Building Indoor Inspection,Mohammed Sulaiman; Ali Abdullah S. AlQahtani; Hexu Liu; Mohamed Binalhaj,2021,"Building maintenance is an important task that increases the useful life of buildings. An effective indoor maintenance inspection is required, especially in commercial or residential buildings, to maintain the quality of building operations. In practice, it takes a considerable amount of time to do the indoor building inspection. Using proper techniques such as an unmanned aerial vehicle (UAV) could improve the current practices. However, it is still challenging to fly UAVs inside buildings for maintenance inspection automatically. In this regard, this paper presents an automated localization of UAVs for an indoor maintenance inspection system. The proposed approach leverages the received signal strength indicator (RSSI) to locate the drone and identify the coordinates for the targeted location that needs maintenance inspection. Timely localization of UAVs provides the foundation for UAV-based building indoor inspection. The test result shows a 94.76% accuracy rate in localization for using UAVs for indoor building inspection.",,3,"2021 IEEE 12th Annual Ubiquitous Computing, Electronics & Mobile Communication Conference (UEMCON)","Civil and Construction Engineering, Western Michigan University, Kalamazoo, Michigan, USA",iee_rob_be
IEEE Xplore,6615163,10.1109/SIS.2013.6615163,Conferences,An overview of cuckoo-inspired intelligent algorithms and their applications,Bo Xing; Wen-Jing Gao; Tshilidzi Marwla,2013,"A number of cuckoo-inspired algorithms have been introduced recently in the literature. These procedures are based on the parasitic behavior observed in some cuckoo species, in combination with the Lévy flight behavior discovered in some birds and fruit flies. Thus far, many different applications have been reported. In this paper we provide a quick overview of the current stage of cuckoo-inspired algorithms and their various applications.",,5,2013 IEEE Symposium on Swarm Intelligence (SIS),"Faculty of Engineering and the Built Environment (FEBE), University of Johannesburg, Johannesburg, South Africa",iee_rob_be
IEEE Xplore,11152573,10.1109/JSEN.2025.3604001,Journals,Delay Optimized VNF Placement in 5G-Enabled Industry 4.0 Networks Using DRL With Wireless Reliability and Cyberattack Resilience,Nauman Saqib; Nor Fadzilah Abdullah; Asma Abu-Samah; Rosdiadee Nordin,2025,"The increasing reliance on fifth-generation (5G) networks in Industry 4.0 has introduced significant challenges in virtual network function (VNF) placement, where low-latency communication and system resilience are critical. This study proposes a deep reinforcement learning (DRL)-based framework for optimizing VNF placement in 5G-enabled industrial environments to minimize delays while ensuring wireless connection reliability and resilience against cyberattacks. By integrating edge computing and network virtualization, the framework dynamically adapts to varying network traffic, mobility patterns, and wireless channel conditions. A custom simulation environment is designed to model industrial dynamics, including sensor traffic, automated guided vehicle (AGV) mobility, and degraded gNodeB availability to simulate cyberattacks. The study benchmarks Double deep Q network (DQN) and proximal policy optimization (PPO) against heuristic baselines, demonstrating their adaptability and scalability. Additionally, the robustness of the proposed framework is evaluated under simulated cyberattacks affecting gNode availability, highlighting its resilience in maintaining low-latency communication. The simulation results show that the trained Double DQN and PPO agents achieved a mean absolute percentage error within 3.58% and 4.22% of the established baseline, demonstrating their ability to approximate optimal VNF placement decisions. Furthermore, the adversarially trained PPO agent achieved a 24.3% lower mean delay in a 10% gNodeB availability scenario compared to the normally trained agent, demonstrating enhanced robustness under adversarial conditions. This research highlights the capability of DRL for intelligent and adaptive VNF placement, contributing to the development of robust and efficient next-generation industrial networks.",,2,IEEE Sensors Journal,"Department of Electrical, Electronic and Systems Engineering, Faculty of Engineering and Built Environment, Universiti Kebangsaan Malaysia, Bangi, Selangor, Malaysia",iee_rob_be
IEEE Xplore,11155617,10.1109/ROMA66616.2025.11155617,Conferences,A Low-cost INS and GNSS Integrated Agriculture Navigation System Based on STM32,Junjin Yang; Noraishikin Zulkarnain; Mohd Faisal Ibrahim; Ili Najaa Aimi Mohd Nordin,2025,"In response to the characteristics of navigation systems currently available in the market, which are expensive and have poor system stability. This paper presents a low-cost integrated navigation system for agricultural applications, combining INS and GNSS technologies, implemented on an STM32 microcontroller. This paper introduced the hardware implementation and software implementation process of the system. First, it outlines the hardware design of the system, encompassing overall structure diagrams and processor selection. Subsequently, it delves into the hardware designs of key modules, including the INS module and GNSS module, with detailed explanations of schematic diagrams. The document then discusses the software algorithms in detail, elucidating the principles and architecture of the artificial neural networks. Finally, test results demonstrated that during five minutes of GNSS signal interference, the INS position predicted by the neural network achieved an accuracy of up to 98%. These tests confirmed the system's outstanding precision and stability.",,0,2025 IEEE 6th International Conference in Robotics and Manufacturing Automation (ROMA),"Department of Electrical, Electronic and Systems Engineering, Faculty of Engineering and Built Environment, UKM Bangi, Selangor, Malaysia",iee_rob_be
IEEE Xplore,8967766,10.1109/IROS40897.2019.8967766,Conferences,YouWasps: Towards Autonomous Multi-Robot Mobile Deposition for Construction,Julius Sustarevas; K. X. Benjamin Tan; David Gerber; Robert Stuart-Smith; Vijay M. Pawar,2019,"Mobile multi-robot construction systems offer new ways to optimise the on-site construction process. In this paper we begin to investigate the functionality requirements for controlling a team of robots to build structures much greater than their individual workspace. To achieve these aims, we present a mobile extruder robot called YouWasp. We also begin to explore methods for collision aware printing and construction task decomposition and allocation. These are deployed via YouWasp and enable it to deposit material autonomously. In doing so, we are able to evaluate the potential for parallelization of tasks and printing autonomy in simulation as well as physical team of robots. Altogether, these results provide a foundation for future work that enable fleets of mobile construction systems to cooperate and help us shape our built environment in new ways.",,23,2019 IEEE/RSJ International Conference on Intelligent Robots and Systems (IROS),"Autonomous Manufacturing Laboratory, University College London, Gower Street, UK",iee_rob_be
IEEE Xplore,10593769,10.1109/ICETIS61828.2024.10593769,Conferences,Maritime Image Stabilization: A Comprehensive Review of Techniques and Challenges,Enping Wei; Yong Chai Tan; Vin Cent Tai; Yanan Hao; Xiaodong Zhang; Tian Zhang,2024,"Image stabilization plays a crucial role in providing accurate and reliable visual information for machine vision applications. In maritime applications, such as unmanned ship navigation, where six degrees of freedom (DOF) motion and harsh maritime conditions prevail, the efficacy of image stabilization technology is vital for robust image processing algorithms. This paper offers a comprehensive review of image stabilization techniques tailored for maritime environments, developed over the past two decades. We analyzed a total of 39 research articles on the subject, sourced from Web-of-Science, SCOPUS, and the Engineering Index databases, discussing potential research directions to address the limitations of current image stabilization methods, with special consideration for the unique requirements of ship-borne cameras. It provides an up-to-date overview of the techniques, limitations, and algorithms of ship-borne cameras for maritime applications, identifying current knowledge gaps and areas requiring further research. This review aims to guide the development of new technologies and methods to improve the performance of image stabilization systems in maritime contexts.",,2,2024 9th International Conference on Electronic Technology and Information Science (ICETIS),"Centre for Modelling and Simulation, Faculty of Engineering, Built Environment and Information Technology, SEGI University, Kuala Lumpur, Malaysia",iee_rob_be
IEEE Xplore,10629280,10.1109/ICDABI60145.2023.10629280,Conferences,The Carbon Footprint of Net Zero Buildings: A Critical Review,Abdul Mateen Khan; Wesam Salah Alaloul; Muhammad Ali Musarat,2023,"The idea of ""net zero"" buildings has received a lot of interest as a potential solution to reduce carbon emissions in the construction industry. However, real-world consequences frequently fall short of idealistic expectations. This research critically examines the current paradigm on net zero buildings, highlighting the hidden carbon emissions within these ostensibly sustainable constructions. It highlights gaps in present practices, discusses barriers to obtain net-zero status, and thoroughly studies the elements contributing to these buildings' carbon emissions. The study proposes a comprehensive strategy that includes both operational and embedded carbon emissions and methods for reducing emissions throughout the building's life cycle. Additionally, the study analyses the consequences and suggestions for legislators, developers, and industry stakeholders to accelerate the adoption of net zero building practices. The analysis considers that by following these principles and adopting a comprehensive approach, net zero buildings may realise their objective of lowering carbon emissions and supporting a profitable, low-carbon-built environment.",,5,2023 4th International Conference on Data Analytics for Business and Industry (ICDABI),"Department of Civil and Environmental Engineering, Universiti Teknologi PETRONAS, Perak, Malaysia",iee_rob_be
IEEE Xplore,1058022,10.1109/MHS.2002.1058022,Conferences,Development of low-cost microequipment,E. Kussul; T. Baidyk; L. Ruiz; A. Caballero; G. Velasco,2002,"In this article an alternative technology of micromechanical device production is considered. This technology is based on micromachine tools and microassembly devices. The micromachine tools and microassembly devices could be produced as sequential generations of microequipment. This paper describes the efforts and some results of first generation microequipment prototyping. A micromachining center having overall sizes 130 /spl times/ 160 /spl times/ 85 mm was produced and characterized. This center permits one to manufacture micromechanical details having the sizes from 50 /spl mu/m to 5 mm. These details have complex 3D-shape (for example, screw, gear, graduated shaft, conic details, etc.), and are made from different materials, for example, brass, steel, different plastics, etc. We started to investigate and make prototypes of the assembly microdevices controlled by a computer vision system. An example of the proposed technology applications (microfilters) is also described in this paper.",,5,Proceedings of 2002 International Symposium on Micromechatronics and Human Science,"CCADET, National Autonomous University of Mexico, Mexico",iee_rob_be
IEEE Xplore,10060532,10.1109/ICKECS56523.2022.10060532,Conferences,Design of Automatic Packaging Production Line Control System Based on RFID,Zhaojun Zhou; Tongxing Zhang; Haiyun Miao; Yan Zhang; Naveen I G,2022,"With the development of current industrial automation products, RFID technology and manufacturers between competition and cooperation. RFID-based products in addition to its technical personality competitiveness, more important is to meet the level and degree of international standardization. On the one hand, standardization ensures the quality of products, on the other hand, it also makes the products of various manufacturers compatible with each other. According to the standard, RFID technology application environment, anti-interference and other types of RFID products have clear provisions. But the standard is regional unification at present, but cannot achieve global unification, so the development of international standards is an inevitable trend.",,0,2022 International Conference on Knowledge Engineering and Communication Systems (ICKES),"Shandong Labor Vocational and Technical College, China",iee_rob_be
IEEE Xplore,4686289,10.1109/ASEW.2008.4686289,Conferences,Building autonomic components: The SelfLets approach,Silvia Bindelli; Elisabetta Di Nitto; Raffaela Mirandola; Roberto Tedesco,2008,"Autonomic computing is an emergent field aiming at the development of large-scale, self-managing, distributed component-based systems. This paper presents the model and the architecture of an autonomic computing element called SelfLet, which is a building component that can be used to create autonomic systems. SelfLets can be defined by specifying their goal, behaviors, services they need to use and/or provide, and autonomic policies guiding their self-management. The SelfLet architecture has been implemented in Java and offers programming abstractions suitable to implement an application-specific logic as well as autonomic policies. As a case study we have implemented a pervasive autonomic system that manages electrical power balancing in intelligent cooperating buildings.",,8,2008 23rd IEEE/ACM International Conference on Automated Software Engineering - Workshops,"Dipartimento di Elettronica e Informazione, Politecnico di Milano, Milano, Italy",iee_rob_be
IEEE Xplore,9444211,10.1109/LRA.2021.3084877,Journals,Compliant Fins for Locomotion in Granular Media,Dongting Li; Sichuan Huang; Yong Tang; Hamidreza Marvi; Junliang Tao; Daniel M. Aukes,2021,"In this letter, we present an approach to study the behavior of compliant plates in granular media and optimize the performance of a robot that utilizes this technique for mobility. From previous work and fundamental tests on thin plate force generation inside granular media, we introduce an origami-inspired mechanism with non-linear compliance in the joints that can be used in granular propulsion. This concept utilizes one-sided joint limits to create an asymmetric gait cycle that avoids more complicated alternatives often found in other swimming/digging robots. To analyze its locomotion as well as its shape and propulsive force, we utilize granular Resistive Force Theory (RFT) as a starting point. Adding compliance to this theory enables us to predict the time-based evolution of compliant plates when they are dragged and rotated. It also permits more rational design of swimming robots where fin design variables may be optimized against the characteristics of the granular medium. This is done using a Python-based dynamic simulation library to model the deformation of the plates and optimize aspects of the robot's gait. Finally, we prototype and test robot with a gait optimized using the modelling techniques mentioned above.",,25,IEEE Robotics and Automation Letters,"Polytechnic School, Ira A. Fulton Schools of Engineering, Arizona State University, Mesa, AZ, USA",iee_rob_be
IEEE Xplore,4399462,10.1109/IROS.2007.4399462,Conferences,Collective Construction of Environmentally-Adaptive Structures,Justin Werfel; Donald Ingber; Radhika Nagpal,2007,"We describe decentralized algorithms by which a swarm of simple, independent, autonomous robots can build two-dimensional structures using square building blocks. These structures can (1) exactly match arbitrary user-specified designs, (2) adapt their shape to immovable obstacles, or (3) form a wall of given minimum width around an environmental feature. These three possibilities span the range from entirely prespecified structures to those whose shape is entirely determined by the environment. Robots require no explicit communication, instead using information storage capabilities of environmental elements (a form of ""extended stigmergy"") to coordinate their activities. We provide theoretical proof of the correctness of the algorithms for the first two types of structures, and experimental support for algorithms for the third.",,34,2007 IEEE/RSJ International Conference on Intelligent Robots and Systems,"Electrical Engineering & Computer Science, Harvard University, Cambridge, MA, USA",iee_rob_be
IEEE Xplore,10161457,10.1109/ICRA48891.2023.10161457,Conferences,Experimental Workflow Implementation for Automatic Detection of Filament Deviation in 3D Robotic Printing Process,Xinrui Yang; Othman Lakhal; Abdelkader Belarouci; Kamal Youcef-Toumi; Rochdi Merzouki,2023,"Robotic 3D Concrete Printing (3DCP) is a process of additive manufacturing using building materials. The system that performs 3DCP is a complex system consisting of multiple parts that are independent of each other. However, conventional 3DCP workflows usually lack automatic monitoring of print quality which can be easily affected for various reasons. This paper proposes an integrated workflow of automatic detection of filament deviation in a 3DCP process. The deformation of the filament is adopted as the criterion for print quality evaluation. A Deep Learning-morphology-based filament width estimation method is developed, and a filament deviation detection algorithm with presence of parametric uncertainties is proposed. This workflow allows to detect width deviations in the printed filament by considering several parameters of the printing system. The integrated workflow is implemented and tested through on-site printing tests.",,0,2023 IEEE International Conference on Robotics and Automation (ICRA),"CRIStAL, CNRS-UMR 9189, University of Lille, Vil-leneuve d'Ascq, France",iee_rob_be
IEEE Xplore,10502246,10.1109/TCYB.2024.3381639,Journals,An Efficient Robotic Pushing and Grasping Method in Cluttered Scene,Sheng Yu; Di-Hua Zhai; Yuanqing Xia; Yuyin Guan,2024,"Pushing and grasping (PG) are crucial skills for intelligent robots. These skills enable robots to perform complex grasping tasks in various scenarios. These PG methods can be categorized into single-stage and multistage approaches. Single-stage methods are faster but less accurate, while multistage methods offer high accuracy at the expense of time efficiency. To address this issue, a novel end-to-end PG method called efficient PG network (EPGNet) is proposed in this article. EPGNet achieves both high accuracy and efficiency simultaneously. To optimize performance with fewer parameters, EfficientNet-B0 is used as the backbone of EPGNet. Additionally, a novel cross-fusion module is introduced to enhance network performance in robotic PG tasks. This module fuses and utilizes local and global features, aiding the network in handling objects of varying sizes in different scenes. EPGNet consists of two branches dedicated to predicting PG actions, respectively. Both branches are trained simultaneously within a Q-learning framework. Training data is collected through trial and error, involving the robot performing PG actions. To bridge the gap between simulation and reality, a unique PG dataset is proposed. Additionally, a YOLACT network is trained on the PG dataset to facilitate object detection and segmentation. A comprehensive set of experiments is conducted in simulated environments and real-world scenarios. The results demonstrate that EPGNet outperforms single-stage methods and offers competitive performance compared to multistage methods, all while utilizing fewer parameters. A video is available at https://youtu.be/HNKJjQH0MPc.",,10,IEEE Transactions on Cybernetics,"School of Automation, Beijing Institute of Technology, Beijing, China",iee_rob_be
IEEE Xplore,11128654,10.1109/ICRA55743.2025.11128654,Conferences,Robotic Dry-Stacking of Clocháin with Irregular Stones,Yifang Liu; Nils Napp,2025,"This paper explores automated robotic construction of clocháin2, a type of corbelled rock shelter, traditionally crafted by skilled workers. While robots have been employed for simple dry-stacking tasks in the past, such as construction of stone walls or vertical stone towers, the question of whether robots possess the capacity to construct more functional structures remains unanswered. This study presents a significant step forward in robotic dry-stacking of functional structures: the assembly of natural stones into freestanding clocháin structures. We also present a set of stackability measures to aid stone selection, which significantly improves the stability of the planned structures. Our sequential filtering approach, originally designed for planning stone walls, plays a foundational role in achieving stable clochán construction. Experimental results validate the effectiveness of the stackability measures and demonstrate the physical execution of dry-stacking clocháin, The progress demonstrated in this paper opens the door to robotic construction of a wide range of utility structures in unstructured environments.",,0,2025 IEEE International Conference on Robotics and Automation (ICRA),"School of Electrical and Computer Engineering, Cornell University, Ithaca, NY, USA",iee_rob_be
IEEE Xplore,9978873,10.1109/RTUCON56726.2022.9978873,Conferences,Power efficient wireless monitoring system based on ESP8266,Jevgenijs Telicko; Andris Jakovics,2022,"Nowadays, the demand for monitoring in buildings is only growing. Understanding the current situation in buildings is the key to energy efficient building management system control. Unfortunately, at the moment, most buildings are equipped with an insufficient number of measuring points. Due to lack of data, it could be impossible to assess how the dynamics of a building might be improved, and what economic effect might be achieved by supplementing its BMS system, or by installing one. For the study of such objects, a system is necessary that can be quickly installed and adapted to the existing infrastructure. Similar systems are also crucial to understanding the behavior and testing new building materials in experimental buildings. To conduct such monitoring studies, many authors use various wireless monitoring systems. One of the essential criteria for the convenient use of such systems is the autonomous working time of a sensor node. The battery life of the sensors is affected by numerous parameters such as the communication protocol, its speed, current in different modes, operating voltage ranges etc. As a result, many combinations of MCUs and radio communication methods are unsuitable for this purpose due to height energy consumption. Popular solutions for such systems are boards based on Atmega and STM MCUs. However, due to political unrest and the disruption of supply chains for electronic components, most of these solutions in 2022 have become unavailable due to the lack of parts in stock for production. This motivates us to explore other possible solutions that are available. In this study, as a solution, the authors explore the ESP8266 microcontroller under different configurations to achieve longer autonomous time. Several authors have previously used this MCU for similar needs in combination with the MQTT protocol. However, is not clear whether such systems are suitable for longterm monitoring. In this paper, authors experimentally evaluated and optimized the energy efficiency of a sensor node based on ESP8266. During optimization, authors relied on detailed energy profile measurements across different variables such as various sleep mode configurations, as well as different approaches to communication. Measurements indicate that, with a certain configuration, ESP8266 can work autonomously for up to 10 years on an 18650 battery.",,5,2022 IEEE 63th International Scientific Conference on Power and Electrical Engineering of Riga Technical University (RTUCON),"Institute of Numerical Modelling, University of Latvia, Riga, Latvia",iee_rob_be
IEEE Xplore,6385718,10.1109/IROS.2012.6385718,Conferences,Materials and mechanisms for amorphous robotic construction,Nils Napp; Olive R. Rappoli; Jessica M. Wu; Radhika Nagpal,2012,"We present and compare three different amorphous materials for robotic construction. By conforming to surfaces they are deposited on, such materials allow robots to reliably construct in unstructured terrain. However, using amorphous materials presents a challenge to robotic manipulation. We demonstrate how deposition of each material can be automated and compare their material properties, cost, and cost in time in order to evaluate their suitability for developing amorphous robotic construction system.",,23,2012 IEEE/RSJ International Conference on Intelligent Robots and Systems,"Harvard University, Cambridge, MA, USA",iee_rob_be
IEEE Xplore,8462879,10.1109/ICRA.2018.8462879,Conferences,Investigation of a Bipedal Platform for Rapid Acceleration and Braking Manoeuvres,Alexander Blom; Amir Patel,2018,"Rapid acceleration manoeuvres have been avoided by researchers due to the aperiodicity and complexities of this motion. With the recent improvements in optimal control, this paper presents the first examination of a biped completing a time optimal sprint, starting and ending in rest, to provide insight for parameter choices of a robotic platform. In particular, a realistic linkage morphology is used with the limitation of a pre-specified actuator to choose the nominal leg length and gear ratio. Due to the size of the optimisation problem, a brute force approach is used rather than including these parameters as free variables. The results provided unique motion trajectories for time optimal behaviour with the models reaching near steady state motion and performing manoeuvres that are seen in a biped's biological counterpart. We then show that access to a higher mass-specific force does not improve the rapid acceleration manoeuvres, rather the friction coefficient and keeping the feet near the ground act as the limiting factor given sufficiently powerful actuators. A parabolic relationship emerged for sprint time versus linkage lengths providing valuable insight into the parameters to use for the platform design. To the authors knowledge, no prior research has focused on rapid acceleration and braking manoeuvres of a biped in one optimisation problem, let alone providing insight for the physical bipedal robotic platform.",,5,2018 IEEE International Conference on Robotics and Automation (ICRA),"Faculty of Engineering and the Built Environment, University of Cape Town, Cape Town, The Republic of South Africa",iee_rob_be
IEEE Xplore,6301043,,Books,TERMES: An Autonomous Robotic System for Three-Dimensional Collective Construction,Hugh Durrant-Whyte; Nicholas Roy; Pieter Abbeel,2012,"Collective construction is the research area in which autonomous multi-robot systems build structures according to user specifications. Here we present a hardware system and high-level control scheme for autonomous construction of 3D structures under conditions of gravity. The hardware comprises a mobile robot and specialized passive blocks; the robot is able to manipulate blocks to build desired structures, and can maneuver on these structures as well as in unstructured environments. We describe and evaluate the robot's key capabilities of climbing, navigation, and manipulation, and demonstrate its ability to perform complex tasks that combine these capabilities by having it autonomously build a ten-block staircase taller than itself. In addition, we outline a simple decentralized control algorithm by which multiple simultaneously active robots could autonomously build user-specified structures, working from a high-level description as input.",,0,Robotics: Science and Systems VII,,iee_rob_be
IEEE Xplore,885083,10.1109/ICSMC.2000.885083,Conferences,"Mobile robotics for freshman design, research, and high school outreach",R. Avanzato,2000,"Describes the educational activities and outcomes of the Penn State Abington mobile robotics program. The objective of the robotics program is to establish an effective suite of mobile robotic teaching resources, curriculum and experiences to enhance a college freshman engineering design course, undergraduate research opportunities and a high-school outreach program. Key concepts include interdisciplinary design, collaborative learning, rapid prototyping and systems integration. These goals have been achieved by utilizing low-cost and readily-available equipment and tools. Participation in regional and national autonomous robot design competitions has played an integral role in the success of the program. Innovative approaches to robot design involving personal digital assistant (PDA) technology are also introduced.",,14,"Smc 2000 conference proceedings. 2000 ieee international conference on systems, man and cybernetics. 'cybernetics evolving to systems, humans, organizations, and their complex interactions' (cat. no.0","Penn State Abington, USA",iee_rob_be
IEEE Xplore,5998056,10.1109/ICMSS.2011.5998056,Conferences,The Impact of China Industrialization on Higher Education - Based on Investigation to Reality in Inner Mongolia,Ke Chao; Xiaoyan Lv; Wei Qi; Fang Wang,2011,"The book ""China Industrialization Progress Report"" shows that China has entered to middle stage of industrialization. One of the prominent features of the industrialization is development of industry and continuous increasing of employee number for industry in the total employee number. Through relevance study it is proved that mutualism relationship exists between the industrialization development and education. The article mainly analyzes the industrialization takes pushing role to higher education development by taking the Inner Mongolia Autonomous Region as an example.",,0,2011 International Conference on Management and Service Science,,iee_rob_be
IEEE Xplore,10220474,10.1109/icABCD59051.2023.10220474,Conferences,Design of a 45 nm Complementary Metal Oxide Semiconductor Low Noise Amplifier for a 30 GHz Millimeter-Wave Wireless Transceiver in Radar Sensor Applications,Shingirirai M. Chakoma; Kingsley A. Ogudo,2023,"The millimeter-wave (mmWave) frequency band is rapidly becoming utilized in wireless technologies due to its large bandwidth and high data throughput. Wireless technology is increasingly becoming the backbone of the Internet of Things (IoT). This has resulted in increased applications of the radio frequency (RF) spectrum and congestion of the microwave band. This can be solved by utilizing more bandwidth at higher frequency bands. One notable application of IoT pertains to radar sensing, which has experienced increased popularity across various domains such as autonomous vehicles, gesture recognition, drones, and health monitoring. Radar sensors have been employed in these applications to perform tasks including proximity sensing, direction detection, speed measurement, target localization, and capturing physiological indicators such as heartbeat and breathing. Several factors have an impact on the performance of radar sensors, encompassing the maximum range for target detection, measurement precision, capability to differentiate between multiple targets, and ability to operate effectively in environments with high levels of noise. This paper presents the design of a 45 nm complementary metal-oxide-semiconductor (CMOS) low noise amplifier (LNA) for a mmWave Ka-band wireless transceiver for radar sensors. The LNA was designed to operate at 0.6V and 700 μA for low power consumption. The LNA consists of an inductive degenerated common source (CS) and a common gate (CG) diode-connected load. The LNA achieves a power gain of 31.19 dB and a noise figure (NF) of 0.133 dB at 30 GHz consuming 0.42 mW of power.",,1,"2023 International Conference on Artificial Intelligence, Big Data, Computing and Data Communication Systems (icABCD)","Department of Electrical & Electronics Engineering, Faculty of Engineering and The built Environment, University of Johannesburg, Johannesburg, South Africa",iee_rob_be
IEEE Xplore,4743995,10.1109/ITME.2008.4743995,Conferences,Research of CPIT and its supporting system,Yongze Fang; Zhen Zhu; Jianshe Huang,2008,"Information technologies (IT) have exerted a remarkable influence on college education, which is greatly aided by Internet and information system. Although the traditional instructional model is propitious toward a solid basic knowledge for students, it is unpropitious for better learner autonomy and innovation. Currently, there is wide incompatibility between the teaching of college public IT and the development of information society, hence some urgent change is required. Under the guidance of teachers, with an optimized environment and improved learner autonomy, students should not only master the knowledge and skills of IT, but also foster the ability of autonomous learning and better innovation. In order to achieve this aim, this paper endeavors to put forward a corresponding precept and an Internet-based aided learning system for the teaching of college public IT.",,0,2008 IEEE International Symposium on IT in Medicine and Education,"Computer College, Jimei University, Xiamen, China",iee_rob_be
IEEE Xplore,10184276,10.1109/OJAP.2023.3295849,Journals,Airborne Reflector-Based Ground Penetrating Radar for Environmental and Archaeological Studies,Zayed Mohammad; Andrew M. Chrysler,2023,"In this work, a wideband airborne reflector-based ground penetrating radar (GPR) is designed and proposed. The proposed GPR consists of 15 discrete panels, each panel supported by a single multi-rotor unmanned aerial vehicle (UAV). A lightweight, wideband Vivaldi antenna was developed as the feed structure. The antenna operates within the frequency range of 100–500 MHz and has a bandwidth of 387 MHz. The proposed antenna will possess a penetration depth of 2 m. Different panel configurations are studied and it is found that 15 discrete panels each with a dimension of 30 cm by 4 m and separated by 30 cm acts as a reflector antenna with a high gain of 14.25 dBi.",,6,IEEE Open Journal of Antennas and Propagation,"Department of Electrical and Computer Engineering, Idaho State University, Pocatello, ID, USA",iee_rob_be
IEEE Xplore,11118426,10.1109/LCIoT64881.2025.11118426,Conferences,Unmanned Aerial Vehicles Data Model,Pedro Henrique Morgan Pereira; Matheus Dussin Bampi; Maik Basso; Artur Martini da Rosa; Carlos Solon Soares Guimaraes; Edison Pignaton de Freitas,2025,"The growing adoption of unmanned aerial vehicles (UAVs) in diverse sectors, such as agriculture, surveillance, and disaster management, highlights the pressing need for a standardized data model to enable efficient management, integration, and analysis. This paper proposes a simplified and universally applicable data model for UAVs, emphasizing the clear representation of technical specifications, key components, and real-time operational data. The proposed model serves as a digital datasheet, incorporating essential manufacturing information, such as batch number, serial number, manufacturer, and production date, and component specifications, including motors, propellers, sensors, batteries, frames, and wings. Furthermore, it integrates real-time data elements like speed, acceleration, and so on, supporting dynamic monitoring and decision-making processes. By addressing the interoperability challenges, defined as the seamless exchange and understanding of information between systems, this work provides a foundational step toward standardizing UAV data representation, facilitating improved operational efficiency and integration across platforms.",,0,2025 IEEE Latin Conference on IoT (LCIoT),"Competence Center on Digital Agriculture (EMBRAPII / SENAI-RS), São Leopoldo, RS, Brazil",iee_rob_be
IEEE Xplore,1249681,10.1109/IROS.2003.1249681,Conferences,Test arenas and performance metrics for urban search and rescue robots,A. Jacoff; E. Messina; B.A. Weiss; S. Tadokoro; Y. Nakagawa,2003,"In this paper, we discuss the development and proliferation of robot test arenas that provide tangible, realistic, and challenging environments for mobile robot researchers interested in urban search and rescue applications and other unstructured environments. These arenas allow direct comparison of robotic approaches, objective performance evaluation, and can ultimately provide a proving ground for field-able robotic systems such as those used at the World Trade Center collapse. International robot competitions using these arenas require robots to negotiate complex and collapsed structures, find simulated victims, and generate human readable maps of the environment. A performance metric is presented which quantifies several pertinent robot capabilities and produces an overall score used to evaluate and compare robotic implementations. Future directions for the arenas and the competitions are also discussed.",,95,Proceedings 2003 IEEE/RSJ International Conference on Intelligent Robots and Systems (IROS 2003) (Cat. No.03CH37453),"National Institute of Standards and Technology, Gaithersburg, MD, US",iee_rob_be
IEEE Xplore,10684066,10.1109/TICPS.2024.3463613,Journals,Event-Triggered Automatic Parking Control for Unmanned Vehicles Against DoS Attacks,Huarong Zhao; Zhiwei Zhao; Dezhi Xu; Hongnian Yu,2024,"This paper investigates an event-triggered model-free adaptive automatic parking (ET-MFAAP) control strategy for unmanned four-wheeled mobile vehicles, particularly addressing the challenge posed by dual-channel denial-of-service (DoS) attacks. The automatic parking control issue is first reformulated as a vehicle body angle tracking problem. A model-free adaptive automatic parking (MFAAP) method is then designed, utilizing only the front wheel steering angle and the vehicle's orientation angle without needing the vehicle's dynamics information. Furthermore, the MFAAP method is extended to an ET-MFAAP method, incorporating an event-triggering communication mechanism to reduce data transmission frequency and input and output compensation strategies to mitigate the impact of DoS attacks on both forward and feedback channels. Finally, the convergence of the control error is theoretically proven, and the effectiveness of the proposed approaches is validated through simulation studies.",,5,IEEE Transactions on Industrial Cyber-Physical Systems,"Engineering Research Center of Internet of Things Applications Ministry of Education, Jiangnan University, Wuxi, China",iee_rob_be
IEEE Xplore,10908456,10.1109/TMECH.2025.3538093,Journals,SGNet: Robotic Suction Grasp Detection With Multiscale Attention,Di-Hua Zhai; Sheng Yu; Yuyin Guan; Yuanqing Xia,2025,"Suction gripping plays an important role in robot grasping tasks and is widely used in practical scenarios, such as object sorting, handling, and intelligent assembly in industrial settings. However, most existing suction grasping methods face challenges in achieving high efficiency and accuracy simultaneously. To tackle this issue, this article introduces a novel suction grasping detection network called SGNet. By utilizing a new segmentation network, SGNet can predict the grasping position, score, and object's center. These predictions are then mapped to the 3-D space using the point cloud data from the actual scene, enabling the determination of the final grasp pose. The key component of SGNet is the grasping position prediction, which directly influences the success rate and time efficiency of the grasping task. To address variations in object scale and focus on viable grasping positions, we introduce a multiscale attention module. This module enhances the fusion of multiscale information by fully integrating the features and assisting the neural network in accurately predicting the grasping position. Moreover, we propose a new valuation method for grasping position to further enhance accuracy and reliability. We evaluate the performance of SGNet on three datasets: SuctionNet-1Billion dataset, suction grasping dataset, and Dexnet 3.0 dataset. The results demonstrate the superiority of SGNet in terms of its effectiveness. Finally, we conduct experiments involving plane and bin picking on a real Baxter robot, attaining a higher success rate. These experiments validate the practical applicability of SGNet in real-world scenarios.",,4,IEEE/ASME Transactions on Mechatronics,"School of Automation, Beijing Institute of Technology, Beijing, China",iee_rob_be
IEEE Xplore,9781426,10.1109/ACCESS.2022.3177904,Journals,Involvement of Surveillance Drones in Smart Cities: A Systematic Review,Adel Gohari; Anuar Bin Ahmad; Ruzairi Bin Abdul Rahim; A. S. M. Supa’at; Shukor Abd Razak; Mohammed Salih Mohammed Gismalla,2022,"Drones, or unmanned aerial vehicles (UAVs), are among the most beneficial and emerging technologies, with a wide range of applications that can support the sustainability concerns of smart cities and ultimately improve citizens’ quality of life. The goals of this systematic review were to explore the involvement of surveillance drones in smart cities in terms of application status, application areas, proposed models, and characteristics of drones. We conducted this systematic review based on the preferred reporting items for systematic reviews and meta-analyzes (PRISMA) guidelines. We systematically searched the Web of Science and Scopus for journal articles and conference papers written in English and published up to August 2021. Of the 323 records identified, 43 met the inclusion criteria. Findings showed that surveillance drones were used in seven distinct research fields (transportation, environment, infrastructure, object or people detection, disaster management, data collection, and other applications). Air pollution and traffic monitoring were the dominant application areas. The majority of reviewed models were based on the application of rotary-wing single-drones with the camera as the aerial sensor. Reviewed models showed that the adoption of a single or multiple UAVs, either as a stand-alone technology or integrated with other technologies (e.g., internet of things, wireless sensor networks, convolutional neural networks, artificial intelligence, machine learning, computer vision, cloud computing, web applications), can offer efficient and sustainable solutions compared to conventional surveillance methods. This review can benefit academic researchers and practitioners.",,145,IEEE Access,"Department of Geoinformation, Faculty of Built Environment and Surveying, Universiti Teknologi Malaysia, Skudai, Johor, Malaysia",iee_rob_be
IEEE Xplore,11250979,10.1109/TCE.2025.3633796,Journals,Enhancing Trust in Machine Learning via Adversarial Data Attack Detection Using GANs,Sean David Wolf; Nikolaos Pitropakis; Christos Chrysoulas; Jawad Ahmad; Sana Ullah Jan; Ilias Politis,2026,"Intrusion Detection Systems (IDSs) play a key role in the network defence against external as well as internal threats. Moreover, machine learning has proved to be an efficient strategy to improve the capabilities of IDSs. However, not enough light has been shed on the use of Generative adversarial networks (GANs) for developing a robust defence system for detecting network threats. Furthermore, nowadays, the data cannot be fully trusted due to increase in data poisoning attacks, such as label flipping attack. This work is an attempt to fill the gap in terms of applying GAN-based defences for IDSs to detect threats even if the training data has been poisoned by adversarial attacks. To achieve this, a GAN-based defence system has been proposed to identify the adversarial threats using CICIDS2017 dataset. Furthermore, it has been compared with existing defence techniques to prove the efficiency of proposed system. Additional analysis has been performed to test how each of the defence methods performed as the poisoning level increased. The results show that the GAN-based method can be an effective method for detecting adversarial threats to a network under the illegitimate historical data circumstances.",,0,IEEE Transactions on Consumer Electronics,"School of Computing, Engineering and the Built Environment, Edinburgh Napier University, Edinburgh, U.K.",iee_rob_be
IEEE Xplore,11154040,10.1109/TASE.2025.3607959,Journals,Targeted Path Optimization Using RRT-MWOAII: A Hybrid Approach to Enhanced Smoothness in Robotic Path Planning,Izzati Saleh; Mohamad Hazwan Mohd Ghazali; Wan Rahiman,2025,"Path planning in robotics and automation often demands solutions that effectively balance efficiency and path smoothness, particularly in diverse and large-scale environments. To address this, this paper presents the Rapidly Exploring Random Tree-Modified Whale Optimization Algorithm II (RRT-MWOAII), an enhanced version of the previous Rapidly Exploring Random Tree-Modified Whale Optimization Algorithm (RRT-MWOA) approach. The RRT-MWOAII is a hybrid technique that combines the strengths of the RRT path planning method and the MWOAII. It utilizes the RRT path as the initial solution and then applies the MWOAII to improve the smoothness of the RRT path. The key advancement in the RRT-MWOAII algorithm is the incorporation of a targeted global search, where the weakest solution is targeted instead of a random one during the global search phase. This targeted approach helps to efficiently identify and refine the weakest link in the solution, leading to improved overall path optimization. Additionally, the algorithm further refines its local solution by employing a neighborhood search, which allows for fine-tuning of the path. Simulations were conducted and evaluated on seven benchmarks, including RRT, RRT*, Bidirectional RRT (BiRRT), and state-of-the-art optimization methods such as the original Whale Optimization Algorithm (WOA), Improved Whale Optimization Algorithm (IWOA) and Sparrow Search Algorithm (SpSA). Experimental results show that MWOAII consistently produced shorter and smoother paths, outperforming its predecessor with a 31.6% improvement in the initial RRT path smoothness and a 21.05% better average smooth cost across all nine maps. Note to Practitioners—Path planning in robotics and automation often requires solutions that balance efficiency and path smoothness across diverse and sometimes large-scale environments. This work introduces the Rapidly Exploring Random Tree-Modified Whale Optimization Algorithm II (RRT-MWOAII), an advanced path planning technique that addresses these challenges by combining the Rapidly Exploring Random Tree (RRT) method with the Modified Whale Optimization Algorithm II (MWOAII). The algorithm first uses RRT to identify a feasible initial path, then employs MWOA to improve path smoothness in a targeted manner. The RRT-MWOAII brings two significant enhancements over prior approaches: 1) a targeted global search that refines the weakest segment of the current path, reducing redundant computations, and 2) a neighborhood search for local fine-tuning, improving path smoothness and continuity. These improvements result in a substantial gain in path quality, with a 31.6% improvement in the initial RRT path smoothness and a 21.05% better average smooth cost across nine test environments compared to its predecessor.",,5,IEEE Transactions on Automation Science and Engineering,"School of Electrical and Electronic Engineering, Universiti Sains Malaysia, Engineering Campus, Nibong Tebal, Penang, Malaysia",iee_rob_be
IEEE Xplore,10616173,10.1109/OJVT.2024.3436065,Journals,A Systematic Review of the UAV Technology Usage in ASEAN,Adel Gohari; Anuar Bin Ahmad; Lawali Rabiu; Ruzairi Bin Abdul Rahim; A.S.M. Supa'at; Nassrin Ibrahim Mohamed Elamin; Mohammed Salih Mohammed Gismalla; Suhail I. Al-Dharrab; Rozeha A. Rashid; Sophan Wahyudi Nawawi; Nazri Nasir; Mohd Adib Bin Sarijari; Norhadija B. Darwin; Ali H. Muqaibel,2024,"Unmanned aerial vehicles (UAVs) are emerging and have been globally incorporated in wide range of technologies for various purposes due to its advantages over conventional techniques. Nonetheless, the strength of its application areas varies globally. The aim of this paper is to systematically review the literature to provide pertinent information on UAVs’ applications among the association of southeast Asian nations (ASEAN) countries by reviewing 179 documents published from 2012 to the end of 2023. Besides, we also investigated the current state of the relevant policies and regulations among member states. The results of the research demonstrate the state of UAV adoption, application areas, popularity among member states, key aspects that are main drivers for the adoption of UAV technology in the region, and a comparison of UAV policy usage among member states. In particular, the reviewed documents highlighted 12 distinct application areas and 4 major aspects making UAV technology attractive to the region, including geographical, climatic and environmental, ecosystem conservation, and economic factors.",,6,IEEE Open Journal of Vehicular Technology,"Department of Geoinformation, Faculty of Built Environment and Surveying, Universiti Teknologi Malaysia, Johor, Malaysia",iee_rob_be
IEEE Xplore,11174137,10.1109/JSTARS.2025.3612739,Journals,3D Change Detection of Urban Vegetation Using Integrated TLS and UAV Photogrammetry Point Clouds,Osama Bin Shafaat; Heikki Kauhanen; Arttu Julin; Matti T. Vaaja,2025,"Urbanization has brought about notable transformations in urban green areas within cities, affecting both environmental quality and the well-being of inhabitants. As a result, it is essential to monitor variations in urban vegetation through remote sensing methods. This research aims to overcome the shortcomings of conventional remote sensing approaches by integrating terrestrial laser scanning (TLS) with UAV-based photogrammetry for effective vegetation monitoring using change detection methods. For instance, the traditional remote sensing limitations include cloud coverage in remote sensing images, illumination issues, vertical shadows, and sensor-specific issues such as geometric and radiometric distortions that restrict the spatiotemporal availability of the ground surface information and limit the change detection analysis. This research focuses on detecting changes in the Malminkartano area of Helsinki during the leaf-off and leaf-on periods of 2022. 2D point cloud data were analyzed using the Multiscale Model-to-Model Cloud Comparison algorithm. The findings demonstrate the method’s capability to identify growth in urban vegetation up to 2.8 m. Additionally, accuracy evaluations indicated that the 95% confidence interval corresponded to a difference of approximately 4 cm for both TLS and UAV photogrammetric datasets. The study highlights processing-related uncertainties, including point density, alignment, vertical accuracy, and scale variation. Addressing these sources of error in future studies is essential for reliable estimation of tree attributes.",,4,IEEE Journal of Selected Topics in Applied Earth Observations and Remote Sensing,"Department of Built Environment, School of Engineering, Aalto University, Espoo, Finland",iee_rob_be
IEEE Xplore,11205469,10.1109/ACCESS.2025.3622500,Journals,5G Unmanned Aerial Vehicle Placement for Mountainous Environment Using Deep Reinforcement Learning,Shujat Ali; Asma Abu-Samah; Nauman Saqib; Nadhiya Liyana Mohd Kamal; Nor Fadzilah Abdullah,2025,"Unmanned Aerial Vehicle-mounted Base Stations (UAV BSs) have emerged as a flexible and cost-effective solution for delivering wireless coverage in geographically challenging regions such as mountainous terrains, where existing terrestrial networks frequently fall short. UAV BSs possess essential mobility that enables adaptive repositioning in three-dimensional (3D) space to meet dynamic user demands; however, optimizing their 3D placement is an NP-hard problem, especially in environments with complex topography and obstruction-induced shadowing. This study presents a reinforcement learning (RL)-based optimization framework employing Q-Learning (QL) and Deep Q-Network (DQN) agents, guided by a received signal strength (RSS) reward function, to optimize UAV BS deployment in mountainous environments with mobile user equipment (UE). A high-resolution ray-tracing (RT)-based RSS channel model is employed to be integrated into the RL environment and compared against conventional analytical Air-to-Ground (A2G) LOS and NLOS models to evaluate differences in learning performance and deployment efficiency. The framework allows dynamic adjustment of UAV altitude and positioning in real time to maximize coverage and signal quality. Simulation results reveal that the RT-based RSS model achieves 20–30% faster convergence and 40–50% higher reward stability than conventional A2G LOS and NLOS models in complex terrain scenarios. With a moderate learning rate ( $\alpha $  = 0.0008), the DQN agent trained under this model maintains smooth policy convergence and up to 15–20% improvement in average signal coverage. These outcomes confirm the RT-based RSS framework as the most robust and terrain-adaptive solution for UAV base-station deployment in mountainous environments.",,1,IEEE Access,"Department of Electrical, Electronic and Systems Engineering, Faculty of Engineering and Built Environment, Universiti Kebangsaan Malaysia, Bangi, Selangor, Malaysia",iee_rob_be
IEEE Xplore,8685000,10.1109/ICCSCE.2018.8685000,Conferences,The Accuracy Evaluation of Unmanned Aerial Vehicle Technology for Different Coastal Terrain Mapping,Norhadija Darwin; Anuar Ahmad; Zulkarnaini Mat Amin; Zulkepli Majid; Mohd Farid Mohd Ariff; Khairulnizam M Idris; Mohd Azwan Abbas; Khairulazhar Zainuddin,2018,"Due to its societal impact, coastal area is one of the most important parts in a developing country. The low cost Unmanned Aerial Vehicle (UAV) system can be used for various applications including mapping of coastal area. The aim of this study is to evaluate the accuracy of Digital Elevation Model (DEM) and orthophoto accuracies obtained from UAV system based on different coastal terrain. In this study, a micro fixed wing UAV attached with a camera digital were used for digital aerial images acquisition on two different coastal terrains (i.e. cliff and sandy) at flying altitude of 300m. The root mean square error (RMSE) analysis was used to assess the planimetric accuracy of orthophoto based on Northing and Easting coordinates and height accuracy of DEM. In this study, the average of Easting and Northing RMSE value for Crystal Bay, Alai Melaka and Kampung Seri Pantai, Mersing Johor are ±0.024m and ±0.076mrespectively. Meanwhile RMSE values for height are ±0.132m and ±0.390m for both study area. It shows that Crystal Bay, Alai Melaka show the smallest RMSE value for both average Easting and Northing and height coordinates which indicates that it is the best coastal terrain (sandy) for accurate orthophoto and DEM. In conclusion, these results from the UAV system are sufficient for most civil engineering project according to map standard published by American Society for Photogrammetry and Remote Sensing.",,0,"2018 8th IEEE International Conference on Control System, Computing and Engineering (ICCSCE)","Geospatial Imaging and Information Research Group, Faculty of Built Environment and Surveying, Universiti Teknologi Malaysia, Skudai, Johor, Malaysia",iee_rob_be
IEEE Xplore,9529283,10.1109/MT-ITS49943.2021.9529283,Conferences,Computationally efficient dynamic assignment for on-demand ridesharing in congested networks,Ze Zhou; Claudio Roncoli,2021,"On-demand ridesharing service has been recognized as an effective way to meet travel needs while significantly reducing the number of required vehicles. However, most previous studies investigating dynamic assignment for ridesharing systems overlook the effects on travel times due to the assignment of requests to vehicles and their routes. To better assign the ridesharing vehicles while considering network traffic, we propose a framework that incorporates time-dependent link travel time into the request-vehicle assignment. Furthermore, we formulate an optimal assignment problem that considers multiple path options and that accounts for the congestion potentially caused by assigned routes. A set of simulations reveals that using an appropriate congestion avoidance ridesharing strategy can remarkably reduce passenger average travel and waiting time by alleviating traffic congestion in the network.",,3,2021 7th International Conference on Models and Technologies for Intelligent Transportation Systems (MT-ITS),"Department of Built Environment, Aalto University, Espoo, Finland",iee_rob_be
IEEE Xplore,11007655,10.1109/ACCESS.2025.3571710,Journals,Revolutionizing Marine Stability: A Review of Cutting-Edge Gyro Stabilizer Designs and Techniques for Vessels,Wan Rahiman; Mohamad Hazwan Mohd Ghazali; Iskandar Al-Thani Mahmood,2025,"Advancements in marine vessel stabilization technologies have greatly improved the safety and comfort for crews, cargo, and passengers, while also lowering the risk of capsizing. Marine vessels operating in open waters experience disturbances from unpredictable waves and strong winds, leading to instability and potential accidents. To mitigate these risks, stabilizers are integrated into ships to maintain stability, safety, and seaworthiness. As modern vessels evolve, stabilizers play an increasingly vital role, with gyro stabilizers emerging as a highly effective solution for mitigating roll motion without external appendages. This paper provides a comprehensive review of gyro stabilizer designs and techniques, covering their historical development, mathematical modeling, advantages, limitations, and case studies. A review of current research highlights a strong emphasis on simulating gyro stabilizer control systems, demonstrating their potential in enhancing vessel stability. However, key challenges persist, including accurate wave moment prediction during the design phase and gyroscopic drift, which can impact long-term performance and efficiency. Despite these challenges, recent advancements in control algorithms and optimization techniques have improved gyro stabilizer adaptability under varying sea conditions. By exploring the latest developments, this review serves as a valuable reference for researchers, engineers, and maritime professionals seeking to advance marine stabilization technologies. The findings underscore the potential of next-generation gyro stabilizers, including fiber optic gyros, in achieving higher precision, stability, and operational efficiency.",,3,IEEE Access,"School of Electrical and Electronic Engineering, Faculty of Engineering and Built Environment, Universiti Kebangsaan Malaysia, Penang, Malaysia",iee_rob_be
IEEE Xplore,8261122,10.1109/RoboMech.2017.8261122,Conferences,Design tool for development and performance analysis of omni-directional AGVs,Alex Macfarlane; Theo van Niekerk,2017,"This document serves to discuss the creation, and use of software targeted at designing and optimising swerve drive AGVs. Specifically relating to design calculations such as drive train design, suspension design and power systems requirements to fast track implementation of task specific AGVs. It is hoped that software such as this can be implemented in the design process to streamline design tasks and eliminate “by hand” iterative calculations so as to significantly reduce design time.",,2,2017 Pattern Recognition Association of South Africa and Robotics and Mechatronics (PRASA-RobMech),"Engineering, Built Environment & IT, Nelson Mandela University, Port Elizabeth, South Africa",iee_rob_be
IEEE Xplore,9040993,10.1109/SAUPEC/RobMech/PRASA48453.2020.9040993,Conferences,Low Cost PLC Uninterrupted Power Supply for use on AGVs with a Removable Battery Banks,Alexander B.S. Macfarlane; Theo van Niekerk; Udo Becker,2020,"When it comes to electrical AGVs, downtime due to charging batteries is a significant hurdle. This is often dealt with in numerous ways; including opportunistic charging, mobile charging, quick charging, etc. This paper will focus on the difficulties of using exchangeable “power units”, which entails making the entire battery system (including the battery management system) removable from the host machine. This eliminates downtime, due to charging, as the entire power plant is replaced with a “fresh” one. The depleted power unit can then be recharged at a sustainable (from a battery lifespan perspective) rate. The major disadvantage of this strategy is that with the power plant removed from the AGV, all control systems are unpowered thus deactivated. Hence the focus of this paper on creating a “control system UPS” to keep the control systems powered even when the main power unit is down and thus solving one of the major problems with a removable battery system.",,0,2020 International SAUPEC/RobMech/PRASA Conference,"EBEIT (Engineering Built Environment & IT), Nelson Mandela University, Port Elizabeth, South Africa",iee_rob_be
IEEE Xplore,11300404,10.1109/ISTM67926.2025.00021,Conferences,"Optimising Tsetlin Machine for Traffic Sign Recognition: A Study of Image Pre-processing, Booleanisation and Ensemble Methods",Anatoliy Gorbenko; Oleksandr Gordieiev; Olga Tarasyuk; Rishad Shafik; Alex Yakovlev; Artem Akulynichev,2025,"This paper investigates the performance of the Tsetlin Machine (TM) on the German Traffic Sign Recognition Benchmark (GTSRB), a real-world dataset collected under diverse weather and lighting conditions. We examined the efficiency of different image Booleanisation techniques and ensembling methods, evaluating their impact on TM performance. Leveraging the regular structure of traffic signs, the TM demonstrated strong pattern recognition capabilities in noisy environments. Using adaptive mean thresholding for Booleanisation, a TM with only 100 clauses per class achieved 91.89% test accuracy and over 34,000 predictions per second, without GPU acceleration. Further improvements were achieved through ensemble learning across three data modalities: thresholded images, HOG descriptors, and Haar features, boosting accuracy to 96.34%, all without data augmentation. While the primary focus of the paper was not to achieve maximum accuracy, the results highlight TM’s practical viability for efficient, interpretable, and scalable visual classification and pattern recognition.",,0,2025 International Symposium on the Tsetlin Machine (ISTM),"School of Built Environment, Engineering and Computing, Leeds Beckett University, Leeds, UK",iee_rob_be
IEEE Xplore,10993015,10.1109/ICOIN63865.2025.10993015,Conferences,"Exploring the Effects of Glasses on mmWave: Attenuation, Thermal Impact, and Implications for 5G and Beyond Mobile Technologies",Md Jannatul Rakib Joy; Negin Foroughimehr; Ali Yavari,2025,"The growing demand for higher bandwidth has pushed mobile carrier frequencies into the millimeter-wave (mmWave) spectrum such as high-band 26 GHz, to meet the requirements of 5G networks and advanced communication technologies. While mmWave frequencies provide the necessary bandwidth for high-speed data transmission, they pose significant challenges, especially in urban environments where signals interact with common building materials like glass. This study focuses on the effects of 26 GHz mm Wave propagation through various glass types commonly found in modern urban architecture. Our experiment measured electric field (E-field) strength loss, attenuation, and temperature variations as the waves passed through different glass samples. Results show that highly reflective and coated glass types, such as Low-E and silver reflective glass, caused significant E-field strength reduction reaching up to ${9 3 \%}$. The experiment also revealed a noticeable temperature increase in some glass samples, further influencing signal degradation. These findings underline the importance of consideration of the glass materials as they can cause signal loss, impacting reliability of the 5G and beyond connectivity in urban environments.",,0,2025 International Conference on Information Networking (ICOIN),"6G Research and Innovation Laboratory School of Science, Computing and Engineering Technologies, Swinburne University of Technology, Melbourne, Australia",iee_rob_be
IEEE Xplore,5508037,10.1109/OPEE.2010.5508037,Conferences,Innovative education activities with vision based robot navigation system,Li Xuemei; Chen Jiashu; Lv Jinhu; Xu Gang,2010,"Mobile robotics has been used widely in education as a learning tool, as it provides a motivating and interesting tool to perform laboratory experiments within the context of mechatronics, electronics, computer, and control. The robot innovative platform made it possible for the students to practice and learn many necessary skills. A tracing algorithm about machine vision intelligent tracing System based on CCD camera was described. The proposed system is comprised of a modular robot and the microcontroller XS128 as tools to design and implement the intelligent tracing system. The objective of this machine vision system is to implement an intelligent tracing system, which can track a black line as fast and stable as possible. It is student-oriented and career-oriented. The encouraging results demonstrate that students learn to design and give creative solution to given problems from an interdisciplinary point of view.",,1,"2010 International Conference on Optics, Photonics and Energy Engineering (OPEE)","Institute of Built Environment and Control, Zhongkai University of Agriculture and Engineering, Guangzhou, China",iee_rob_be
IEEE Xplore,8384650,10.1109/ICCAR.2018.8384650,Conferences,Sliding window bag-of-visual-words for low computational power robotics scene matching,Daniel Ginn; Alexandre Mendes; Stephan Chalup; Zhiyong Chen,2018,"In this paper, we introduce a new method, based on a sliding window geometrical extension to Bag-of-Visual-Words (called swBOVW) intended for application to low computational power robots. Benchmarked against RANSAC as a geometric validator to BOVW, three implementations of this technique are presented to improve either the performance or the computational cost. The three implementations are: as a replacement to RANSAC as a geometric validator; as a supplement to RANSAC; and as a replacement to traditional BOVW when the number of images in the database can be reduced. Seeking to utilise some of the geometric information ignored by traditional BOVW, this technique is developed from the use of sub-regions in Spatial Pyramids, and applied to the matching of whole images. This technique is applied in the context of humanoid robotic soccer to the problem of field end symmetry, and provides geometric validation along the horizontal axis of images. When applied, the technique has been able to either halve the cases of unresolved image queries, or halve the computational cost required to achieve comparable results to the benchmark.",,1,"2018 4th International Conference on Control, Automation and Robotics (ICCAR)","Faculty of Engineering and Built Environment, University of Newcastle, Newcastle, Australia",iee_rob_be
IEEE Xplore,8675287,10.1109/ACCESS.2019.2906555,Journals,A Collision-Free Graph Coloring MAC Protocol for Underwater Sensor Networks,Faisal Abdulaziz Alfouzan; Alireza Shahrabi; Seyed Mohammad Ghoreyshi; Tuleen Boutaleb,2019,"Employing contention-based medium access control (MAC) protocols in underwater sensor networks (UWSNs) is typically costly. This is due to the unique characteristics of underwater acoustic channels, such as long propagation delay, limited bandwidth, and high bit error rate. As a consequence, the contention-based (handshaking and random access-based) MAC protocols do not perform as efficiently as expected. The collision-free approach is therefore considered to achieve high performance by avoiding the collisions at the MAC layer in order to improve energy efficiency, throughput, and fairness. In this paper, we propose, inspired by the graph coloring techniques, a novel energy-conserving and collision-free reservation-based MAC protocol, called GC-MAC, for UWSNs. GC-MAC employs time-division multiple access (TDMA)-like approach by assigning separate time-slots, colors, to every individual sensor node in every two-hop neighborhood. Sensors with the same colors can thus transmit at the same time with no chance of collision. GC-MAC is also able to address the near-far effect, spatial-temporal uncertainty, and hidden/exposed node problems, without requiring code-division multiple access (CDMA) or power adjustment for collision avoidance. The network coverage and connectivity is then discussed to show the effectiveness of using cubes to cover a 3D underwater environment. Our extensive performance study shows that GC-MAC performs well by avoiding collisions to achieve better throughput and energy-efficiency performance compared with those of contention-based protocols. There is also a significant improvement in terms of packet delivery ratio and fairness among the nodes under different operational conditions.",,50,IEEE Access,"School of Computing, Engineering and Built Environment, Glasgow Caledonian University, Glasgow, U.K.",iee_rob_be
IEEE Xplore,10576412,10.1109/ISCAIE61308.2024.10576412,Conferences,A YOLO Benchmarking Experiment For Maritime Object Detection In Foggy Environments,Defu Yang; Mahmud Iwan Solihin; Yawen Zhao; Bingyu Cai; Chaoran Chen; Slamet Riyadi,2024,"The maritime object detection in foggy conditions has been a major challenge in the field of computer vision due to its harsh environment. Compared to automatic detection in other domains, progress in this field has been slow, primarily due to the lack of benchmarking studies. In this study, we propose a benchmark study for maritime obj ect detection in foggy environments by combining the modified ABOships dataset and the efficient YOLO (You Only Look Once) model. We simulate foggy conditions using the principle of dark channel prior and modify the original dataset through class balancing and data augmentation techniques. Furthermore, through training and analysis, we select the state-of-the-art YOLOv5n model as the base model. The experimental results are encouraging, as the YOLO model trained using modified dataset demonstrates a notable improvement in mAPO.5 by 15.82% and mAPO.5:0.95 by 16.6%, respectively. Moreover, the proposed base model demonstrates superior stability compared to other models, achieving an mAPO.5 of 64.4% while requiring only 3.64 million parameters and 4.3 GFLOPs (Giga Floating Point Operations Per Second) of computational cost. This effectively demonstrates that the proposed methodology can be used as a reproducible basis for comparative evaluation in foggy maritime object detection, thereby advancing research in smart transportation services.",,8,2024 IEEE 14th Symposium on Computer Applications & Industrial Electronics (ISCAIE),"Faculty of Engineering, Technology and Built Environment UCSI University, Kuala Lumpur, Malaysia",iee_rob_be
IEEE Xplore,1270567,10.1109/ITRE.2003.1270567,Conferences,Media processing ecologies,V.M. Bove,2003,"Research in the MIT Media Laboratory's Object-Based Media Group is looking to solve multimedia signal processing problems through the creation of ecosystems of intelligent devices that organize themselves to distribute information and to divide large tasks. This paper examines the technological trends that make this approach possible and desirable, and briefly introduce three example systems.",,0,"International Conference on Information Technology: Research and Education, 2003. Proceedings. ITRE2003.","Media Laboratory, Massachusetts Institute of Technology, Cambridge, MA, USA",iee_rob_be
IEEE Xplore,11020963,10.1109/RoboSoft63089.2025.11020963,Conferences,Anisotropic 3D-Knitted Sleeves as Inverse Pneumatic Artificial Muscles for Soft and Wearable Robotics,Thomas P. Dean; Joshua Davy; Jane Scott; Pietro Valdastri; James H. Chandler,2025,"Inverse Pneumatic Artificial Muscles (IPAMs) have emerged as an alternative to traditional artificial muscle approaches due to their exhibited high deformations. However, existing IPAM designs often require complex fabrication processes involving fiber winding or embedding around inflatable components, limiting adaptability and scalability. In this study, we present a novel approach to IPAM design using digitally designed 3D-knitted sleeves as seamless external shells. These sleeves, made from a combination of Elastane and cotton threads, exhibit tailored anisotropic strain properties to achieve high axial strain of up to 117% and force output up to 3.2 N while minimizing radial expansion. Our method simplifies assembly by eliminating the need for bonding or mechanical tensioning between the sleeve and the inflatable bladder, enhancing modularity and ease of modification. We compare three sleeve designs created through digital knitting to demonstrate the versatility of this technique. The optimal design is further characterized for repeatable strain and blocked force performance, and we show how minor structural modifications enable programmable shape formation. This work establishes a foundation for scalable, cost-effective production of adaptable IPAMs, suitable for soft robotics and wearable technology applications.",,0,2025 IEEE 8th International Conference on Soft Robotics (RoboSoft),"STORM Lab, Institute of Autonomous Systems and Sensing (IRASS), School of Electronic and Electrical Engineering, University of Leeds, Leeds, UK",iee_rob_be
IEEE Xplore,9571052,10.1109/AIRPHARO52252.2021.9571052,Conferences,A High Payload Aerial Platform for Infrastructure Repair and Manufacturing,Lachlan Orr; Brett Stephens; Basaran Bahadir Kocer; Mirko Kovac,2021,"The use of aerial robots in construction is an area of general interest in the robotics community. Autonomous aerial systems have the potential to improve safety, efficiency and sustainability of industrial construction and repair processes. Several solutions have been deployed in this domain focusing on problems in aerial manipulation and control using existing aerial platforms which are not specialised for the specific challenges in operating on a construction site. This paper presents a new compact, high thrust aerial platform that can act as a modular, application agnostic base for demonstrating a wide variety of capabilities. The platform has been built and tested flying both with manual controls and autonomously in a motion tracking arena while carrying a payload of up to 7.3 kg with a maximum flight time between 10–34 mins (payload dependent). In the future, this platform will be combined with vision based tracking sensors, manipulators and other hardware to operate in and interact with an outdoor environment. Future applications may include manipulation of heavy objects, deposition of material and navigating confined spaces.",,12,2021 Aerial Robotic Systems Physically Interacting with the Environment (AIRPHARO),"Aerial Robotics Laboratory, Imperial College London, London, UK",iee_rob_be
IEEE Xplore,852557,10.1109/UT.2000.852557,Conferences,Design of submersible vehicles in sandwich composites,Liu Tao; Xu Qinan; Chen Jianping; Qian Min,2000,"Submersible vehicles in composites have higher efficiency (low weight-to-displacement ratio) than vehicles in metal materials. The sandwich shell has a high buckling resistance load due to its high stiffness. The material failure strength is predicted by applying the Cai-Wu failure criterion, and the buckling load is calculated by applying the buckling theory considering of the effects of shear deformation. The paper introduces the research of the effects of the lamination configuration and the thickness of sandwich cores on the collapse depth and also analyzes the influences of the thickness of sandwich faceplates and thickness of sandwich cores on the collapse depth. The conclusion drawn from the paper can be applied for the design of submersible vehicle.",,1,Proceedings of the 2000 International Symposium on Underwater Technology (Cat. No.00EX418),"China Ship Scientific Research Center, Wuxi, Jiangsu, China",iee_rob_be
IEEE Xplore,11450792,10.1109/EmergIN67762.2025.11450792,Conferences,AI-Driven Multi-Criteria Material Selection and Safety Analysis for Sustainable Building Design in India,Jas Wadhwa; Sujeet Singh Bhadouria; Pooja Kumari,2025,"This paper presents an AI-driven multi-criteria framework for selecting sustainable building materials in the Indian context, integrating environmental and safety considerations. We develop a hybrid model that combines embodied carbon (CO2) impacts, occupant evacuation safety, and seismic/soil resilience into a composite material suitability score. The model utilizes a multi-layer perceptron (MLP) classifier trained on a dataset of Indian construction scenarios (materials: concrete, steel, timber, fly-ash bricks, etc.). Features include material properties (e.g., embodied energy/carbon from the IFC India database), site seismic zone and soil type, building occupancy and height, and simulated evacuation times. We present three data tables: material properties (energy, carbon, strength), example scenario parameters, and classification performance metrics. The paper provides a full runtime/complexity analysis of each model component (linear regression for evacuation prediction, neural network for scoring, and a genetic algorithm-based optimization module). We benchmark our hybrid model against baseline ML classifiers (logistic regression, random forest) and a simple rule-based classifier using accuracy, precision, recall, F1, and ROC/AUC. Our hybrid model achieves near-perfect accuracy (≈0.98–0.99) and AUC≈1.0, outperforming baselines on the test set. These results demonstrate the effectiveness of integrating multi-criteria data in an AI model for sustainable material selection. Future work will extend this approach with sensor fusion and autonomous systems (e.g., IoT building sensors, robotic inspectors) and examine generalization to diverse climates and usage patterns.",,0,2025 International Conference on Emerging Technologies and Innovation for Sustainability (EmergIN),"Department of Computer Science and Engineering (M.Tech Integrated), Noida Institute of Engineering and Technology, Greater Noida, India",iee_rob_be
IEEE Xplore,583117,10.1109/IROS.1993.583117,Conferences,"Remote intervention, robot autonomy, and teleprogramming: generic concepts and real-world application cases",G. Giralt; R. Chatila; R. Alami,1993,"The authors consider the class of intervention robots that have to perform tasks in remote environments which may impose painful, harsh or utterly dangerous conditions to humans. They informally characterize this class of problems and briefly discuss several basic concepts which underlie the current approaches. The remote autonomous robot concept that they have developed fulfills the requirements deduced of these basic ideas. The authors illustrate the real world possibilities of the concept by describing the features of two application projects (AMR, VAP) that they believe to be significant and demonstrative. The last section is devoted to the description of a generic experiment carried on with ADAM, an all-terrain full size rover. It includes the system architecture implementation and some of the experimental results.",,12,Proceedings of 1993 IEEE/RSJ International Conference on Intelligent Robots and Systems (IROS '93),"LAAS CNRS, Toulouse, France",iee_rob_be
IEEE Xplore,10838777,10.1109/WSC63780.2024.10838777,Conferences,Optimizing the Automation in Construction Site Logistics: Problems and Propsed Modell Library for Materials Flow Simulation,Alexander Schlosser; Martin Barth; Peter Schuderer; Jörg Franke,2024,"The construction industry is currently facing challenges such as skilled labor shortages, limited automation, and inadequate digitalization, particularly for small and medium-sized enterprises (SME), amidst rising interest rates and decreasing subsidies for builders. To address these challenges, a simulation model library for construction is being established. The Plant Simulation System is used to map construction site systems with various model components, enabling digital simulation of the environment and supply chains. Customized simulation parameters are used to simulate specific construction requirements. This paper describes the use of masonry robots and transportation in wall and floor construction and their impact on site performance. The simulation model library REMUS is important for digitalizing construction sites, allowing for the assessment of innovative systems before construction and estimation of investment returns. Simulations can be used to evaluate investments and future concepts.",,0,2024 Winter Simulation Conference (WSC),"Institute for Factory Automation and Production Systems, Friedrich-Alexander-Universität Erlangen-Nürnberg, Erlangen, Germany",iee_rob_be
IEEE Xplore,11474576,10.1109/MCOMSTD.2026.3677760,Early Access Articles,AI-Enabled KPM Granularity Control xApp for O-RAN Digital Twins,Khayal Huseynov; Mehmet Ali Erturk; Mehmet Ozdem; Berk Canberk,2026,"6G networks promise ultra-low latency and high throughput which rely on service-layer applications that utilize Artificial Intelligence (AI) and machine learning (ML) for predictive what-if analysis and autonomous decision-making. In next-generation wireless systems, Digital Twins (DTs) have emerged as an enabling technology for this by providing a synchronized virtual replica of the physical network. However, obtaining timely and accurate network data at scale for DTs is challenging due to the massive number of devices and stringent latency constraints. This necessity creates an inherent trade-off in DT communication between synchronization accuracy and the consumption of computation, communication, and storage resources. Furthermore, existing sampling approaches for User Equipment (UE) DTs have not considered the unique constraints of the Open Radio Access Network (O-RAN) standardization efforts where telemetry is generated per-UE based on a pre-defined granularity period. Therefore, in this paper, we propose an xApp that leverages Reinforcement Learning (RL) to dynamically control the per-UE measurement granularity period. This is achieved by interacting with the RAN through standardized E2 service models, specifically E2SM-KPM and E2SM-RC. The resulting three-layered architecture incorporates the O-RAN nodes at the Physical Layer, a distributed message ingestion, processing, and storage system at the DT Layer, and use-case applications at the Service Layer. Experimental results confirm that the proposed methodology balances the trade-off between the fidelity of the twin’s virtual replica and the communication cost required to gather telemetry from the physical network when compared to fixed and heuristic data collection strategies.",,0,IEEE Communications Standards Magazine,"School of Computing, Engineering and Built Environment, Edinburgh Napier University, Edinburgh, U.K.",iee_rob_be
IEEE Xplore,5244958,10.1109/ICMA.2009.5244958,Conferences,A biologically inspired miniature biped climbing robot,Chuanwu Cai; Haifei Zhu; Li Jiang; Yisheng Guan; Xianmin Zhang; Hong Zhang,2009,"Inspired by the motion patterns of inchworms, a miniature biped climbing robot is developed with modularization method for some tedious and dangerous high-rise tasks. This inchworm-like mini-robot consists of several modules including I-typed joint modules, T-typed joint modules, and gripper modules, which are all driven by small RC servo motors. In this paper, the development of the robot prototype with biomimetic and modular methods is presented, and two feasible gaits of the mini-robot are proposed for climbing poles, trees and trusses. The climbing ability of such biped robot is verified through simple experiments. It is shown that the locomotion function of some biped climbing animals such as inchworms can be easily implemented by simple mechatronic systems.",,6,2009 International Conference on Mechatronics and Automation,"Biomimetic and Intelligent Robotics Laboratory (BIRL), School of Mechanical and Automotive Engineering, South China University of Technology, Guangzhou, Guangdong, China",iee_rob_be
IEEE Xplore,9915685,10.1109/ROMA55875.2022.9915685,Conferences,Interference Mitigation Techniques For The Operation Of Unmanned Aerial Vehicle (Uav),Fung Kim Hee; Mastaneh Mokayef,2022,"The unmanned aerial vehicles (UAVs) have turned to the emerging topic in both industry and academia era. Package delivery, agriculture, surveillance, search and rescue are now combined with the UAV connectivity that promise to change the current lifestyle. As such, the mitigation techniques have significant impact on the performance of the UAVs. To tackle the interference issue, this paper presents the in-depth investigation on the interference caused by the unmanned aerial vehicle (UAV) to the existing Long-Term Evolution (LTE) network. The total of three different mitigation techniques are investigated and the qualitative comparison between the techniques resulted from the simulation by SEAMCAT software, is presented accordingly. In particular, the obtained results from beamforming and CoMP techniques in LOS and NLOS conditions show the interference reduction of 13 to 15 dBm in LOS condition.",,1,2022 IEEE 5th International Symposium in Robotics and Manufacturing Automation (ROMA),"Department of Faculty of Engineering, Technology & Built Environment (FETBE), UCSI University Kuala Lumpur, Malaysia",iee_rob_be
IEEE Xplore,11313898,10.1109/IGARSS55030.2025.11313898,Conferences,Detection of Giant Rat Tail Grass Invasion Using Uav Imaging and Machine Learning,Debanjan Chowdhury; Dipankar Mandal; Kevin McDougall; Bikram Banerjee,2025,"The eradication of Giant Rat Tail (GRT) grass (Sporobolus natalensis and Sporobolus pyramidalis) in southeastern and central Queensland is essential for maintaining agricultural productivity. These invasive weeds significantly deplete soil nutrients, thereby rendering the land unsuitable for crop cultivation. Moreover, their high silica, phenolic compound, and lignin content make them unpalatable to livestock, further diminishing the utility of infested pastures. This study proposes a novel methodology that integrates drone-based imaging with machine learning techniques to classify and manage GRT grass infestations. Highresolution RGB imagery of pastureland was captured using a DJI Phantom 4 Pro UAV. The collected data were subjected to square patch segmentation, resulting in over 315574 image segments categorized into GRT and non-GRT classes. For each segment, an extensive set of 37 features, encompassing texture, radiometric, runlength characteristics and color, was extracted. Subsequent data pre-processing included the removal of tiles having no data value and the partitioning of the dataset into training and testing subsets. Five tree based machine learning classifiers-Decision Tree Classifier, Random Forest Classifier, AdaBoost Classifier, XGBoost Classifier, and XGBoost Random Forest Classifier-were developed and assessed. The classification performance was optimized by retraining the XGBoost classifier using the top 21 features identified based on their importance as determined by the already trained XGBoost classifier. Among the evaluated models, the XGBoost classifier with top 21 features achieved the highest accuracy (95.5 %), along with robust performance metrics for GRT classification, including a precision of 95.3 %, recall of 94.2 %, and $F 1$ score of 94.7 %. These findings underscore the potential of UAV-assisted remote sensing, coupled with advanced machine learning methodologies, as a scalable and costefficient solution for the precise detection of invasive weed species, thereby facilitating their effective management and enhancing agricultural sustainability.",,0,IGARSS 2025 - 2025 IEEE International Geoscience and Remote Sensing Symposium,"Amity Institute of Biotechnology Amity University Haryana, Gurugram, India",iee_rob_be
IEEE Xplore,11243247,10.1109/IGARSS55030.2025.11243247,Conferences,Mapping and Classification of Invasive Tree Species Chinese Celtis in Riparian Ecosystems,Aranya Jha; Armando Apan; Bikram Pratap Banerjee,2025,"Chinese Celtis are tree species that have, over time, become a threat to the flora and faunal habitat of native Australian species in New South Wales and Queensland. Early detection has become essential for monitoring its spread and implementing targeted management strategies for the conservation of native ecosystems. Observing the distribution of this weed is made easier by data collected and processed using remote sensing methods. Furthermore, high-resolution images are favoured since they are more likely to differentiate Chinese Celtis from other native grasses and trees. In this research project, we investigate the use of UAV-acquired very high-resolution multispectral imagery to map the spatial distribution of invasive trees in a relatively small region along the Brisbane River. The spectral details of the vegetation were emphasised by calculating vegetation indices like NDVI and NDWI, while spatial patterns were quantified by extracting texture-based features. Several machine-learning models were then trained for classification using these features as input. AutoML tool in ArcGIS Pro was employed to automate model selection and tuning, helping streamline the workflow. Metrices such as confusion matrix, precision, recall and f1-score were used for model evaluation. Among the tested models, LightGBM (Light Gradient Boosting Machine) achieved the best classification performance of 96.64%. While UAVs are limited in large-scale coverage, their use in localised or high-priority areas provides an efficient and cost-effective option for detailed ecological monitoring. Future research could combine UAV imagery with images from other sensors, like LiDAR or hyperspectral, to improve classification accuracy in case of larger regions and address similar issues occurring in the environment.",,0,IGARSS 2025 - 2025 IEEE International Geoscience and Remote Sensing Symposium,"Faculty ITC, University of Twente, Enschede, Netherlands",iee_rob_be
IEEE Xplore,11505301,10.1002/9781394311767.ch28,Books,Deep Neural Architectures for Proactive Collision Avoidance in Automated Vehicular Networks,Metta Vidhaya Datta Reddy; A. T. Mithul Raaj; M. Vinodhini; Sujatha Rajkumar; Hamid Abdi; A. Anuja; S. Niranjan Kumar,2026,"Summary <p>Recent advancements in autonomous vehicles have demonstrated significant achievements in the transportation field. The integration of deep learning technologies, specifically convolutional neural networks, has empowered vehicles to accurately perceive their surroundings and detect potential obstacles, a crucial aspect of autonomous driving. This research presents a novel semantic segmentation model that outperforms existing architectures, including the previously dominant Dense Plus U&#x2010;shaped network. The proposed automated vehicular network incorporates deep convolutional architectures to enable real&#x2010;time object detection for autonomous driving through semantic segmentation. A hybrid approach combining a U&#x2010;shaped network and efficient network architectures forms the foundation of this model. The model's efficacy is validated by comparing its predictions with ground truth data, demonstrating its ability to accurately identify and classify objects in the vehicle's surroundings. The present work compares the three deep architectures including U&#x2010;shaped architecture, efficient network and U&#x2010;shaped network encoder architecture, and efficient network encoder architecture for autonomous driving. The proposed model achieved remarkable accuracy rates, reaching 91.11% with the U&#x2010;shaped network architecture, 92.14% with the efficient neural network and U&#x2010;shaped network encoder, and 93.98% with the efficient&#x2010;network encoder architecture. These results highlight the significance of combining efficient network architectures with U&#x2010;shaped networks for achieving superior performance in semantic segmentation tasks.</p>",,0,"Integrated Systems: Embedded, Signal Processing, and Communication","School of Electronics Engineering, Vellore Institute of Technology, Vellore, India",iee_rob_be
IEEE Xplore,6518945,10.1109/TDEI.2013.6518945,Journals,Application of K-Means method to pattern recognition in on-line cable partial discharge monitoring,Xiaosheng Peng; Chengke Zhou; Donald M. Hepburn; Martin D. Judd; W. H. Siew,2013,"On-line Partial Discharge (PD) monitoring is being increasingly adopted in an effort to improve asset management of the vast network of MV and HV power cables. This paper presents a novel method for autonomous recognition of PD patterns recorded under conditions in which a phase-reference voltage waveform from the HV conductors is not available, as is often the case in on-line PD based insulation condition monitoring. The paper begins with an analysis of two significant challenges for automatic PD pattern recognition. A methodology is then proposed for applying the K-Means method to the task of recognizing PD patterns without phase reference information. Results are presented to show that the proposed methodology is capable of recognising patterns of PD activity in on-line monitoring applications for both single-phase and three-phase cables and is also effective technique for rejecting interference signals.",,82,IEEE Transactions on Dielectrics and Electrical Insulation,"School of Engineering and Built Environment, Glasgow Caledonian University, Glasgow, UK",iee_rob_be
IEEE Xplore,10486682,10.1109/IC2PCT60090.2024.10486682,Conferences,Mobile Security Edge Computing Application Using Blockchain Technology,Saksham Sood,2024,"This research explores the synergistic utilization of LiDAR technology with the Robot Operating System (ROS) for transformative applications in both efficient building construction floor measurement and the operation of autonomous mobile robots in the construction environments. The proposed system involves mounting LiDAR sensors on mobile robots controlled by ROS, enabling autonomous or remote navigation through spaces. This integration facilitates the creation of accurate 3D models of floor surfaces, enhancing precision and efficiency in construction processes. The structural components, including Raspberry Pi, LiDAR sensor, L298 Motor Driver, MPU 9250, and 12V Lithium-ion Battery, form a robust foundation. Python, employing object-oriented programming, governs robot behaviour, sensor interfacing, and LiDAR data processing. The system’s advantages encompass precision, efficiency, real-time information, safety, and flexibility, with applications ranging from floor planning and construction progress monitoring to quality control and safety enhancement. The floor measurement system integrated with the ROS SLAM helps in autonomous functioning of the system. This helps the elimination of man power in sensitive and dangerous areas.",,0,"2024 IEEE International Conference on Computing, Power and Communication Technologies (IC2PCT)","Centre for Interdisciplinary Research in Business and Technology, Chitkara University Institute of Engineering and Technology, Chitkara University, Punjab, India",iee_rob_be
IEEE Xplore,9739713,10.1109/ACCESS.2022.3161446,Journals,Cluster-Based Routing Protocols for Flying Ad Hoc Networks (FANETs),Omer T. Abdulhae; Jit Singh Mandeep; Mt Islam,2022,"Flying Ad-Hoc Network (FANET) is a set of Unmanned Aerial Vehicles (UAVs) inter-connected wirelessly. FANETs self-organize and provide low-cost, adaptable, and simple-to-implement flying nodes, enabling them to complete complicated tasks more quickly and collectively. The high mobility of nodes and the highly dynamic topology pose challenges to communication design, particularly when creating a routing protocol for UAV networks; this has inspired researchers to contribute and develop this technology. Hierarchical routing technique known as clustering is necessary to offer scalability, survivability, and distribute payload among UAVs to maintain the performance. This study has proposed a comprehensive survey of the cluster-based routing protocols (CBRPs) in terms of their strengths, weaknesses, specific applications, method, number of nodes, and future improvements for serving FANETs. Moreover, 21 CBRPs based FANETs were reviewed in terms of their topology, challenges, scalability, characteristics, clustering strategy, outstanding features, cluster head (CH) selection, routing metrics, and performance measures. In addition, open issues that need to be addressed in future studies in the field of routing protocols for UAV networks were also debated.",,83,IEEE Access,"Department of Electrical, Electronic and System Engineering, Faculty of Engineering & Built Environment (FKAB), Universiti Kebangsaan Malaysia (UKM), Selangor, Bangi, Malaysia",iee_rob_be
IEEE Xplore,10776962,10.1109/ACCESS.2024.3511494,Journals,Technical Advancements Toward RIS-Assisted NTN-Based THz Communication for 6G and Beyond,Oluwatosin Ahmed Amodu; Rosdiadee Nordin; Nor Fadzilah Abdullah; Sherif Adeshina Busari; Asma' Abu-Samah; Ifiok Otung; Muhammad Ali; Mehran Behjati,2024,"The world is experiencing an explosion in demand for ultra-high data rates with far greater expectations in the next few years. These expectations, given the bandwidth-demanding applications such as augmented and virtual reality and other beyond-5G applications, motivate the exploration of higher-frequency communication in the terahertz (THz) bands. However, THz communication is faced with many technical challenges, primarily due to the high susceptibility to blockages that limit its applications. Here, reconfigurable intelligent surfaces (RIS) provide alternative paths to circumvent such blockage effects and ensure reliable, spectral, and energy-efficient communication, thus advancing the THz-RIS technology concept. However, the ambitious targets of ubiquitous and global connectivity can only be satisfied by many technologies extending to multiple domains, from terrestrial networks to non-terrestrial network (NTN) domains. The use of airborne and spaceborne networks is considered a potential solution for addressing these challenges due to their dynamism, coverage, and ability to leverage their altitude for achieving line-of-sight communication for enhanced signal quality and network performance. Therefore, unmanned aerial vehicles, high-altitude platform stations, and satellites are poised to use flying THz-based RISs to improve air-to-ground and space-to-ground communication reliability while exploiting novel RIS architectures, techniques and enablers to address the issues regarding the propagation conditions, hardware limitations, network complexity and system performance. The aim in this paper is to present the discussion and a survey on the technical advances on THz-RIS NTNs, in addition to outlining potential applications, architectural variants, influencing properties, as well as its prospects, associated challenges, open issues and future directions towards high-data rate THz-RIS NTN communication for 6G and beyond.",,19,IEEE Access,"Department of Electrical, Electronic, and Systems Engineering, Faculty of Engineering and Built Environment, Universiti Kebangsaan Malaysia (UKM), Bangi, Malaysia",iee_rob_be
IEEE Xplore,10343150,10.1109/ACCESS.2023.3339533,Journals,Reinforcement-Based Clustering in Flying Ad-Hoc Networks for Serving Vertical and Horizontal Routing,Omer T. Abdulhae; Jit Singh Mandeep; M. T. Islam; Md. Shabiul Islam,2023,"Unmanned aerial vehicles (UAVs) are receiving increasing attention due to their wide range of applications. Flying ad-hoc networks (FANETs) enable inter-communication between UAVs, but their dynamics and fast changes in mobility and topology make it challenging to achieve stable routing. Clustering based FANETs provide a self-organizing approach for routing, but clustering is a decentralized process based on different utilities that can affect performance. In this work, we propose a centralized agent placed in a remote ground station to adjust the role of each utility in the cluster-head arbitration. Our approach uses six utilities, including node centrality, residual energy, link holding time, velocity similarity, buffer occupancy, and diversity. The developed reinforcement learning (RL)-clustering approach enables routing over multiple planes, with each plane representing a network cell with a different coverage radius of nodes, including Femto, Pico, and Micro planes. We propose a novel reward formulation for effective learning of agents that includes indicators of stability based on role change, energy consumption, and confirmation message through the selected node. For evaluation, the developed RL based agent was evaluated on three types of agents, namely, Q-learning, DQN, and DDPG and it was compared with random agent. Results have shown the superiority of our developed RL based clustering in terms of stability, energy consumption and most network metrics.",,9,IEEE Access,"Department of Electrical, Electronic and System Engineering, Faculty of Engineering and Built Environment (FKAB), Universiti Kebangsaan Malaysia, Bangi, Selangor, Malaysia",iee_rob_be
IEEE Xplore,9974155,10.1109/SCOReD57082.2022.9974155,Conferences,A Review of 6G Enabler: Vertical Heterogeneous Network (v-HetNet),Shujat Ali; Asma Abu-Samah; Nor Fadzilah Abdullah; Nadhiya Liyana Mohd Kamal,2022,"Unmanned aerial vehicles (UAVs), commonly referred to as drones, are the added element for the beyond 5G quality of service (QoS), capacity, and reliable connection enhancement. UAVs are an effective tool in bridging gaps between terrestrial base stations by increasing band capacity due to the free mobility features and their reliable line-of-sight communication. The widespread usage of UAV have potential but also new challenges such as the constantly changing network topology, and vertical height variations that caused changes in their geometry. UAVs' energy efficiency, 3D deployment, and security have shown to be bottlenecks in various applications together with the satellite, aerial and terrestrial layers that constitute the vertical Heterogeneous Network (v-HetNet). Scholars have studied the different aspects of UAV's aerial network as an extension of the terrestrial network, but few have developed the management of the various layers together. In this paper, we review works on the v-HetNet as an important enabler of 6G mobile networks. This study reviews works surrounding the concept, future opportunities as well as challenges in the coexistence of terrestrial and aerial layers. This survey aims to provide guidelines and motivations for additional studies for upcoming 6G communications system development and research in v-HetNet.",,7,2022 IEEE 20th Student Conference on Research and Development (SCOReD),"Universiti Kebangsaan Malaysia, Faculty of Engineering and Built Environment, Bangi, Malaysia",iee_rob_be
IEEE Xplore,9744441,10.1109/TAES.2022.3163111,Journals,Analytical Evaluation of Power-Amplifier-Based Charging Methodology and Energy Efficiency Optimization Framework for Aerial Base Stations,Archiman Lahiry; Khoa N. Le; Vo Nguyen Quoc Bao; Vivian W.Y. Tam,2022,"In this article, a radio-frequency (RF) power-amplifier (PA) system configuration for the on-board energy conversion is proposed for unmanned aerial vehicle base station’s (UAV-BS’s) battery charging. First, the PA system utilizes the internal RF source for energy conversion so that perpetual battery charging is possible without external power sources. Therefore, a continuous battery charging of the UAV-BS is possible while providing wireless network coverage by hovering over the target location. In addition, the proposed PA system offers a higher RF power control resolution than the existing PA works, which is desirable for precise power control of the UAV-BS. The objective of simultaneous RF power control and battery charging by the PA system is achieved by activating one Wilkinson power divider (WPD) with a specific power splitting ratio in the power divider bank. The simulations show that the dynamic activation of ten distinct unequal split WPDs of the proposed PA system improves the RF power control resolution by $157$ and $396{\,}\%$ compared to the existing PAs. Additionally, the simulations show that the PA’s power added efficiency fluctuation is reduced by $54$ and $82{\,}\%$ compared to the existing PAs. In addition, it will be shown that the proposed on-board battery charging increases the hovering time by $7.4{\,}\%$. Furthermore, an energy-efficiency optimization framework for UAV-BS’s is proposed considering real-world communication system’s hardware imperfections, and the proposed result suggests that UAV-BS’s flight time may decrease by $50{\,}\%$ depending upon the type of UAV-BS RF components.",,4,IEEE Transactions on Aerospace and Electronic Systems,"School of Engineering, Design and Built Environment, Western Sydney University, Kingswood, NSW, Australia",iee_rob_be
IEEE Xplore,11079920,JMM/JMM.2013.11079920,Journals,Recognizing Landscapes: Can we Change the Point of View of Geographic Data?,Luigi Barazzetti; Raffaella Brumana; Daniela Oreni; Fabio Roncoroni,2013,"This paper presents a methodology able to handle georeferenced panoramas (GeoPans) projected on 3D models for the integration of landscapes into digital environments. This is not a simple task because the typical visualization (say vertical point of view) through geographic data and GIS software does not fulfil a fundamental request: the virtual reproduction of the human eye at head height. This means that a transition from aerial images to ground (terrestrial) data is mandatory. In addition, an improvement of SDI able to generate innovative typologies of representation is needed. In this work a methodological approach aimed at rediscovering and correlating 3D reconstructions of landscapes with the typical human vision is illustrated. This contribution investigates the potential of panoramic view reconstruction and simulation from images acquired by RCIUAV and by multi-sensor terrestrial platforms (photoGPS) along with existing cartographic data. The main aim is the generation of multiple visual models able to simulate real scenarios at head height (or low altitude above ground). Examples and case studies are illustrated and discussed to prove the complexity of the problem, which requires not only new algorithms and procedures for data acquisition and processing, but also a modification of the traditional 2.5D representation of geographic data.",,0,Journal of Mobile Multimedia,"Department of Architecture, Built Environment and Construction Engineering, Politecnico di Milano, Milan, Italy",iee_rob_be
IEEE Xplore,11079922,JMM/JMM.2013.11079922,Journals,Thermographic Analysis from UAV Platforms for Energy Efficiency Retrofit Applications,Mattia Previtali; Luigi Barazzetti; Raffaella Brumana; Fabio Roncoroni,2013,"Thermal efficiency of building is a fundamental aspect in different countries to reach energy consumption reduction. However, even if a great attention is paid to build new “zero-energy” buildings, low attention is paid to retrofit existing ones. A fast analysis of existing buildings with Infrared Thermography (IRT) has proved to be an adequate and efficient technique. Indeed, IRT can be used to determine energy efficiency and to detect defects like thermal bridges and heat losses. However, both surface temperature and geometry are needed for a reliable evaluation of thermal efficiency, where spatial relationships are important to localize thermal defects and quantify the affected surfaces. For this reason, integration between Building Information Models (BIMs) and Infrared Thermography (IRT) can be a powerful tool to combine geometric information with thermal data in the same model. In this paper a methodology for automated generation of 3D model of buildings from laser data and integration with thermal images is presented. The developed methodology allows also fusion of thermal data acquired from different cameras and platforms. In particular, this paper will focus on thermal images acquired by an Unmanned Aerial Vehicle (UAV). The proposed methodology is suitable for fast building inspections aimed at detecting the thermal anomalies in a construction. Its applicability was tested on different buildings demonstrating the performance of the procedure and its valid support in thermal surveys.",,0,Journal of Mobile Multimedia,"Department of Architecture, Built Environment and Construction Engineering, Politecnico di Milano, Milan, Italy",iee_rob_be
IEEE Xplore,11159749,10.1109/ICSGRC65918.2025.11159749,Conferences,Maximum Likelihood Classifier Analysis of UAV Image Classification Post-Fire Area Estimation,Nazirah Binti Md Tarmizi; Afiqah Zahidah Binti Anwarzaini; Mas Farihin Binti Mohd Fisol,2025,"Forest fire incidents are a prevalent hazard in Malaysia and globally. The repercussions of this situation are significant for all stakeholders, and they will have a profoundly adverse impact on nature, the environment, and the nation in particular. Numerous prior studies have employed space-borne or airborne multi-spectral imagery to assess the burned area; however, this approach incurs significant costs. This study employs supervised classification for image classification to estimate the burned area. The maximum likelihood classifier was selected for its superior accuracy in image classification and was chosen for use in this study. Two distinct software applications were used in estimating the burned area results. An analysis of the two software programs reveals that they yield nearly identical outcomes when classifying the same burned area. The findings indicate that both programs utilizing the same classification method are capable of estimating the burned area. Therefore, we can assess the damage incurred by the fire in the area, implement measures to mitigate this loss in targeted locations, and strive to prevent future incidents from happening.",,0,2025 IEEE 16th Control and System Graduate Research Colloquium (ICSGRC),"Surveying Science and Geomatics Studies, Faculty of Built Environment UiTM Perlis Branch, Malaysia",iee_rob_be
IEEE Xplore,10505758,10.23919/SICEISCS60954.2024.10505758,Conferences,Towards a Safer Built Environment Industry with Inverted Perching Aerial Robots,Shawndy Michael Lee; Jer Luen Chien; Mario Josué Pérez Cruz; Shaohui Foong; Photchara Ratsamee,2024,"This paper presents an inverted perching mechanism designed for an unmanned aerial vehicle (UAV) intended for fluid spraying applications in the construction industry. The perching mechanism incorporates rotary and prismatic joints, enabling the UAV to change its body orientation while in a perched state. To ensure the effective operation of the inverted perching approach, several challenges including impact absorption, thrust control, and UAV body rotation need to be addressed. To tackle these challenges, the paper proposes the utilization of a Fuzzy Logic Control (FLC) thrust controller and an optimization-based UAV positioning strategy. The combined operation of these control strategies with the perching mechanism improves the UAV’s ceiling approach performance. Simulation and experimentation results demonstrate a relative increase in ±5° body rotation capability and a notable 17.65% improvement in impact absorption.",,1,2024 SICE International Symposium on Control Systems (SICE ISCS),"Engineering Product Development Pillar, Singapore University Technology and Design, Singapore",iee_rob_be
IEEE Xplore,4339548,10.1109/TRO.2007.907488,Journals,Approximate Algorithms for a Collaboratively Controlled Robotic Camera,Dezhen Song; Kenneth Y. Goldberg,2007,"Deployed as a natural environment observatory or a surveillance device, a remote networked robotic pan-tilt-zoom camera needs to be controlled by simultaneous frame requests from both online users and in situ sensors such as motion detectors. This paper presents algorithms that are capable of finding a camera frame that optimizes a measure of total satisfaction over all requests, which is a generalized version of the single frame-selection problem proposed by Song et al. in 2006.We present a lattice-based approximation algorithm; given n requests and approximation bound ∈, we analyze the tradeoff between solution quality and the corresponding computation time, and prove that the algorithm runs in O(n/∈3) time. We also develop a branch-and-bound-like implementation that reduces the constant factor of the algorithm by more than 70%. We have implemented the algorithms, and numerical experiment results conform to our analysis. Field experiments of the proposed algorithms have been conducted in the past three years. The proposed algorithms have been deployed successfully in a variety of real world applications including natural environment observation, building construction monitoring, and the surveillance of public space.",,19,IEEE Transactions on Robotics,"Department of Computer Science, Texas A and M University, College Station, TX, USA",iee_rob_be
IEEE Xplore,4144609,10.1109/FTDCS.2007.29,Conferences,Reaching Semantic Interoperability through Semantic Association of Domain Standards,Hung-Ju Chu; Randy Y.C. Chow,2007,"The vision of semantic interoperability has led much research on ontology matching. Research in this area primarily focuses on discovering similarity between entities of ontologies. The performance of proposed approaches relies on the existence of such similarity relationship and sufficient data for inferring it. However, in reality, many distributed systems do not have such presumptions. This paper addresses this challenge by associating the entities through affinity semantic (to what degree they are related in their application context). Through the analysis of a motivating example in building construction industry, this paper formally defines semantic association based on multiple-perspective domain standards. This paper hypothesizes that the establishment and the use of such standards can practically serve as a framework for reaching semantic interoperability between autonomous information systems. This paper also shows that such framework has the potential to make revolutionary impacts on workflow automation, information retrieval, and ontology matching research areas",,1,11th IEEE International Workshop on Future Trends of Distributed Computing Systems (FTDCS'07),"Computer and Information Science and Engineering, University of Florida, Gainesville, FL, USA",iee_rob_be
IEEE Xplore,9068090,10.1109/ICSPC47137.2019.9068090,Conferences,Design of Portable Industrial Automation Education Training Kit Compatible for IR 4.0,Ahmad Rafiq Mohd Khairudin; Asma' Abu-Samah; N. Aimi Syaqilah Aziz; M. Amirul Faiz M. Azlan; M. Hanif Abdul Karim; Norhaslina Mat Zian,2019,"A myriad of existing education training kits are easily accessible, however lacks practicality as they require a large space to operate. This calls for a more portable and smaller training kit to facilitate the teaching and learning experiences. It is also necessary to ensure that the new design meets the requirement of the fourth Industrial Revolution besides assisting teaching and learning. A study was conducted using the results of students undertaking Industrial Automation Course in UNITEN. The data was obtained from assessment results when only simulation software was used, and simulation software is complimented by a training kit. The results indicated 1.6% and 18.0% increment in the number of students obtaining A+ respectively. This shows that students who are exposed to both simulation and also sensors and actuators wiring learnt better compared to the control group. Ultimately, this paper presents the development of a portable programmable logic controller (PLC)-based training kit for industrial automation course. This portable PLC training kit is only 470 × 370 × 270 mm in dimension, which is equivalent to a cabin size baggage, and weigh below 10 kg, making it the most suitable to teach smart sensor application for IR 4.0.",,2,"2019 IEEE 7th Conference on Systems, Process and Control (ICSPC)","Department of Engineering Foundation and Diploma Studies, College of Engineering, Universiti Tenaga Nasional, Selangor, Malaysia",iee_rob_be
IEEE Xplore,8703596,10.1109/ICEESE.2018.8703596,Conferences,Simultaneous Multi-Objective Optimisation for Low-Power Real-Time Networks-On-Chip,M Norazizi Sham Mohd Sayuti,2018,"Simultaneous configuration of task mapping and network routing is a way to address the schedulability issues in the Networks-On-Chip embedded hard real-time systems. The approach provides alternative routes as a way to reduce interferences from high-priority messages, but without a guarantee that the network routes produced are low in power dissipation. This drawback is due to the lack of insight on the power dissipated by the Networks-On-Chip. We propose a multi-objective optimisation technique with a macromodel to minimise power dissipation while maintaining the schedulability of the systems. The results from the experimental work show that the proposed technique could find a good trade-off between the two objectives.",,1,"2018 4th International Conference on Electrical, Electronics and System Engineering (ICEESE)","Faculty of Engineering and Built Environment (FKAB), Universiti Sains Islam Malaysia (USIM), Nilai, Malaysia",iee_rob_be
IEEE Xplore,8794148,10.1109/ICRA.2019.8794148,Conferences,Open-Loop Collective Assembly Using a Light Field to Power and Control a Phototaxic Mini-Robot Swarm,Adam Bignell; Lily Li; Richard Vaughan,2019,"We propose a novel scheme that jointly addresses the problems of powering and coordinating a population of mini-robots for collective construction. In our setting, a population of simple mobile robots must push blocks into desired polygonal shapes. Each robot performs only simple phototaxis. Coordination is purely open-loop: a global light field guides and powers the robots. We demonstrate this concept in simulation and explore a series of dynamic light field design strategies that robustly result in assembled shapes including nonconvex polygons.",,1,2019 International Conference on Robotics and Automation (ICRA),"Autonomy Lab, Simon Fraser University",iee_rob_be
IEEE Xplore,7833010,10.1109/COMST.2017.2657881,Journals,Void-Handling Techniques for Routing Protocols in Underwater Sensor Networks: Survey and Challenges,Seyed Mohammad Ghoreyshi; Alireza Shahrabi; Tuleen Boutaleb,2017,"From the view of routing protocols in underwater sensor networks (UWSNs), the presence of communication void, where the packet cannot be forwarded further using the greedy mode, is perhaps the most challenging issue. In this paper, we review the state of the art of void-handling techniques proposed by underwater geographic greedy routing protocols. To this, we first review the void problem and its negative impact on the category of the geographic greedy routing protocols, which does not entail any void recovery technique. It is followed by a discussion about the constraints, challenges, and features associated with the design of void-handling techniques in UWSNs. Afterward, currently available void-handling techniques in UWSNs are classified and investigated. They can be classified into two main categories: 1) location-based and 2) depth-based techniques. The advantages and disadvantages of each technique along with the recent advances are then presented. Finally, we present a qualitative comparison of these techniques and also discuss some possible future directions.",,138,IEEE Communications Surveys & Tutorials,"School of Engineering and Built Environment, Glasgow Caledonian University, Glasgow, U.K.",iee_rob_be
IEEE Xplore,11523521,10.1109/TCSVT.2026.3694600,Early Access Articles,Fusing Quality-Aware Model and Large Language Model for Industrial Image Quality Assessment,Hongyan Liu; Shu Jin; Ke Gu; Xue Shen; Lai-Kuan Wong; Weisi Lin; Guangtao Zhai; Wenjun Zhang,2026,"Industrial vision technology, as a core driving force in intelligent manufacturing, highly depends on the acquisition of high-quality image data, and thus it is strongly needed to devise an effective image quality assessment method for monitoring the quality of industrial image data.We can view industrial images as the compounds of natural-scene images that are commonly seen in our surrounding living environment and industrial elements that are hardly seen in our surrounding living environment but easily found from the internet. To this end, this work fuses the quality-aware model (QAM), which is developed to capture the difference of details and semantics based on the inspiration of quality assessment methods for natural-scene images, and the large language models (LLMs), which can acquire and analyze huge amounts of industrial images from the internet to assist in capturing the difference of the attributes of industrial elements, to propose a new method for assessing the quality of industrial images, referred to as QL-I2QA. First, this work devises a dualchannel QAM from two complementary viewpoints, including a “vision” channel that measures the difference of details between the reference and distorted images and a “brain” channel that measures the difference of semantics between the reference and distorted images. Second, this work constructs an “LLM” channel to measure the difference of the attributes of industrial elements between the reference and distorted images through elaborately designing the prompting method and response rules tailored to industrial attributes, thus to further improve the performance of the aforesaid QAM. Using two dedicated industrial image quality assessment databases, we tested and compared the proposed QL-I2QA method with more than two dozen classical and state-of-the-art competitors, and experimental results demonstrated that our QL-I2QA method achieved superior performance, markedly outperforming all the competitors.",,0,IEEE Transactions on Circuits and Systems for Video Technology,"School of Artificial Intelligence, Engineering Research Center of Intelligent Perception and Autonomous Control of Ministry of Education, China",iee_rob_be
IEEE Xplore,337207,10.1109/ICAR.1993.337207,Conferences,Some considerations on robotics for environmental friendliness,F.G. Pin,1993,"This paper presents a series of considerations regarding the use and potential of robotic devices for supporting humans in a variety of tasks, while maintaining, if not improving, environmental friendliness. One of the main considerations brought forward here relates to the type of human-support functions which the robots are, or will be, expected to perform, and from this, a clear differentiation appears between robots designed to replace humans in environments that were engineered in the past for best human functionality, and robots designed to take functions in the future, in environments which could be better engineered for large-scale human-robot synergy. Other considerations discussed involve the ""life-cycle"" cleanliness of robotic systems, including the materials needs for their construction, their operation, their disposal and, more importantly, their energy consumption which will impact the cycle of natural resources utilization. These considerations are discussed using a variety of possible robotic systems applications in contexts varied as manufacturing, energy recovery and production, emergency situations handling, traffic improvement, waste management, agriculture, and space exploration. In all these applications, the operation costs and complexity of the robots seem to vary in inverse proportion to the amount of engineering that is feasible to make the task environment more robot-friendly, but with no seemingly direct impact on the potential for environmental friendliness of the robots.<>",,0,Proceedings of 1993 IEEE/Tsukuba International Workshop on Advanced Robotics,"Autonomous Robotic Systems Group, Oak Ridge National Laboratory, Oak Ridge, TN, USA",iee_rob_be
IEEE Xplore,8967951,10.1109/IROS40897.2019.8967951,Conferences,Self-Organized Adaptive Paths in Multi-Robot Manufacturing: Reconfigurable and Pattern-Independent Fibre Deployment,Catriona Eschke; Mary Katherine Heinrich; Mostafa Wahby; Heiko Haman,2019,"Using multi-robot systems for autonomous construction allows for parallelization and scalability. Swarm construction furthermore exploits robot interactions and collaboration, such that the robot swarm collectively constructs artifacts beyond what a single comparable robot could achieve. Here we present an alternative concept of swarm construction that is distinct because it uses continuous building material. Our approach is unique in its use of braiding techniques for construction. We deploy fibres that potentially allow for structures that are not possible with building blocks. To achieve maximal scalability we restrict ourselves to a decentralized approach. The main challenges are the local coordination of the robot teams, self-organized task allocation, and the dynamic reconfiguration of the braiding scheme at runtime. We successfully validate our approach in multi-robot experiments that show both braiding and branching of the braid. In addition, we show options for implementing an open system—that is robots can join and leave the braiding process on the fly.",,5,2019 IEEE/RSJ International Conference on Intelligent Robots and Systems (IROS),"Eschke is currently with the Division Metallic Biomaterials, Institute of Materials Research, Helmholtz-Zentrum Geesthacht, Geesthacht, Germany",iee_rob_be
IEEE Xplore,10068884,10.1109/ICETECC56662.2022.10068884,Conferences,Serverless Video Analysis Pipeline for Autonomous Remote Monitoring System,Mohammad Rohan; Shurjeel Ahmed; Mohammad Kaleem; Sajid Nazir,2022,"Cloud computing is the delivery of computing services including servers, storage, databases, networking, software, and analytics over the Internet. The businesses can store the data and run applications in the cloud with a high availability, accessibility from anywhere with a web browser, and on pay-per-use basis. Public cloud platforms make it possible for anyone to deploy end-to-end applications easily and economically. The cloud hosting for business applications provides the additional benefits of security, elasticity, and logging compared to an in-house private cloud.In this paper, we describe the implementation of a serverless remote video monitoring solution on the Amazon Web Services (AWS) cloud. It can provide surveillance of an area against unauthorized access, identification of objects in the scene, and investigating security incidents. This autonomous prototype application provides a frame-by-frame object detection of the live video. A Short Message Service (SMS) notification alert is generated and sent to the third-party on detecting an object of interest. It provides a flexible and economical solution for remote monitoring.",,3,"2022 International Conference on Emerging Technologies in Electronics, Computing and Communication (ICETECC)","Department of Electrical and Computer Engineering, COMSATS University, Islamabad, Pakistan",iee_rob_be
IEEE Xplore,812370,10.1109/ICSMC.1999.812370,Conferences,Collaborative framework for building design,W. Dai; R. Drogemuller,1999,"Software agents are autonomous decision-making systems, designed to serve specific purposes. They sense and act in suitable software environments through their reactive, proactive and deliberative capabilities. We present an agent-based software system to support collaborative design for buildings. This has been achieved through a collaborative framework specification where agent technologies can be effectively incorporated. The framework encourages modular software component interaction, and has an open and dynamic architecture accommodating various software technologies and tailoring to users' requirements. The collaborative framework aims to automate the isolated and passive nature of each aspect of building design services through agent activities. It provides distributed access for a range of building designers who are represented by their respective agents to link the domain requirements to available services of real interest within the framework. We use the domain activities of building compliance checking and building cost analysis to demonstrate how collaborative building design may be achieved. The work presents preliminary experience on the use of cutting-edge information technologies for building industries.",,2,"IEEE SMC'99 Conference Proceedings. 1999 IEEE International Conference on Systems, Man, and Cybernetics (Cat. No.99CH37028)","Artificial Intelligence Laboratory, Division of Building, Construction and Engineering Commonwealth Scientific and Industrial Research Organisation, Highett, VIC, Australia",iee_rob_be
IEEE Xplore,11107063,10.1109/MetroLivEnv64961.2025.11107063,Conferences,Innovative Energy Retrofit Methodologies for the Existing Building Stock: an Integrated Approach,Marianna Rotilio; Alessandro Marucci; Pamela Maiezza; Maria Alicandro; Chiara Marchionni; Maurizio Pollino,2025,"Today one of the main barriers to the digital transition of the built environment is the fragmentation of data related to it and to the entire supply chain (technology manufacturers, service providers, municipalities). Alongside this, technological, process and regulatory gaps remain. The main objective of this research is to promote the digital transition of the public administration through the development of digital platforms, with reference to public energy infrastructures, to make digital infrastructures interoperable. The research enabled the definition of processes and methodologies for the energy efficiency of the existing building stock, based on documentary, visual and non-destructive surveys. The latter includes thermographic and thermoflowmetric analysis, also supported by new technological systems such as the Unmanned Aerial Vehicle for the survey campaign, as well as Building Information Modeling to support information cataloguing and management.",,0,2025 IEEE International Workshop on Metrology for Living Environment (MetroLivEnv),"Department of Civil, Construction-Architectural and Environmental Engineering, University of L'Aquila, L'Aquila, Italy",iee_rob_be
IEEE Xplore,5979634,10.1109/ICRA.2011.5979634,Conferences,Load balancing for multi-robot construction,Nils Napp; Eric Klavins,2011,"In distributed multi-robot construction it is important to set the relative rates at which different construction sites receive raw building materials. Otherwise, subtasks finish at different times introducing unnecessary delays. We present a feedback algorithm to achieve robust load balancing in routing building materials for stochastic, distributed, multi-robot construction systems. We express global behavior in terms of local reactive behavior via Guarded Command Programming with Rates and prove correctness of the load-balancing controller for a wide range of conditions. We adapt a proof from earlier work on controlling Stochastic Chemical Kinetic systems and illustrate the algorithm on the Factory-Floor robotic testbed [1].",,5,2011 IEEE International Conference on Robotics and Automation,"University of Washington, Seattle, WA, USA",iee_rob_be
IEEE Xplore,9364630,10.1109/ICSC50631.2021.00070,Conferences,Characterization of Physical Parameters of an Agricultural Electric Vehicle based on the Dynamic Analysis in a Simulated Environment,Yan C. Alegre; Tailon A. Podewils; Elmer A. G. Peñaloza; Sigmar de Lima; Luciano A. Leston,2021,"One of the main challenges of agriculture 4.0 is the development of autonomous vehicles that manage to carry out complex tasks in agricultural environments with greater efficiency and energy autonomy. Additionally, electric vehicles in agriculture must meet the demands of mechanization and robustness that irregular topography and heavy work involved in agricultural processes. Therefore, carry out preliminary studies that allow obtaining, in a simulated way, the physical parameters, i.e., geometric dimensions, construction materials, weight, engine torques, maximum and minimum current and voltage values of the batteries, etc., necessary for the construction of electric agricultural vehicles efficiently is more and more necessary in engineering projects. This paper, presents the development and implementation of a simulation environment that allows obtaining the physical parameters through different dynamic testing conditions. Thus, starting from the semantic and computational basis, the kinematic and dynamic models used for the construction of the simulation environment of the agricultural vehicle and the methodological development for its construction, are presented. A comprehensive analysis of the results and their implication in the actual construction of an efficient electric vehicle is also presented.",,2,2021 IEEE 15th International Conference on Semantic Computing (ICSC),"Control and Automation Department, Federal University of Pelotas, Engineering Center, Pelotas, RS, Brazil",iee_rob_be
IEEE Xplore,11361587,10.1109/ICIR68135.2025.11361587,Conferences,SynthConstruct: Large-Scale 3D Simulation Dataset for Embodied AI in Construction Sites,Mahdi Bonyani; Maryam Soleymani; Chao Wang,2025,"Current embodied AI datasets focus primarily on indoor settings or autonomous driving, leaving a significant gap for AI applications in dynamic, unstructured construction sites. This paper presents SynthConstruct, the first large-scale synthetic dataset specifically generated for embodied AI research in construction environments, which addresses this gap by providing diverse construction scenarios with various objects and realistic environmental conditions. SynthConstruct is developed by using NVIDIA's Isaac Sim, Replicator, and Blender. The dataset includes 15 master construction sites, 543 small tools, 102 construction equipment, 310 construction waste, and 22 types of heavy machinery in 120 km2 of navigable space. SynthConstruct achieves high navigation complexity (17.83) and scene clutter (4.83) scores, exceeding existing datasets in other domains. The experiments for evaluation of sim-to-real transfer demonstrate that object detection models trained on SynthConstruct general-ize effectively to real-world construction datasets, achieving up to 95.41 % mAP. By offering a comprehensive simulation environ-ment, SynthConstruct aims to accelerate research in construction automation, safety monitoring, and robotic perception.",,0,2025 IEEE 4th International Conference on Intelligent Reality (ICIR),"Bert S. Turner Department of Construction Management, Louisiana State University, Baton Rouge, LA, USA",iee_rob_be
IEEE Xplore,11316466,10.1109/ACCESS.2025.3648832,Journals,Contact Force Minimization for Space Robot Manipulators Using Optimized Sliding Mode Controller,Yeshurun Alemayehu Adde; Yury N. Razoumny; Araya Abera Betelie,2026,"Space exploration involves activities such as inspection, refueling, upgrading, repairing worn space objects, rescuing damaged satellites, removing orbital debris, building and maintaining orbital assets, infrastructures, or maintenance assistance, conducting scientific experiments in space, and missions for planetary explorations. To accomplish such complex tasks in the space environment, space robots are preferred for these activities. The end effector of a space robot is usually associated with a contact force when manipulating or capturing objects in space. Researchers have reported that the excess contact force between the space robot and the captured target object causes damage to both the robot and the target object. The successful manipulation of such objects by robotic systems is crucial for ensuring the safety of the robot and the object in space. This article introduces a novel approach to minimize contact forces during space robot captures by employing a hybrid method that combines configuration optimization techniques with desired trajectory planning and the advanced control method of sliding mode control (SMC). This study aims to enhance the efficiency and safety of object manipulation in a challenging space environment. A holistic and modern particle swarm optimization (PSO) algorithm is employed for the contact force minimization. Extensive numerical simulations in MATLAB were performed for the proposed method.",,1,IEEE Access,"School of Mechanical and Industrial Engineering, College of Technology and Built Environment, Addis Ababa Institute of Technology (AAiT), Addis Ababa University, Addis Ababa, Ethiopia",iee_rob_be
IEEE Xplore,7380820,10.1109/ELECSYM.2015.7380820,Conferences,Design and development of an indoor avatar robot,Abdul Radhi Azli Ali; Mohamad Hanif Md Saad; Rabiah Adawiyah Shahad; Aini Hussain,2015,"The use of robot as a substitute to human biological body in various type of task such as space exploration, inspection, meetings, and surveillance activities are becoming popular nowadays. Robotic avatar, or avatar robot, is a concept in which a robot replaces the real human. This paper reports the design and development of an avatar robot with telepresence function, which we called AvaRobo. The AvaRobo was derived primarily from our previously developed autonomous ground vehicle (AGV) type surveillance robot platform, named JagaBot™. The JagaBot™ was enriched with specialized two-way remote communication and autonomous navigation capabilities for AvaRobo application. Remote users can manipulate and control AvaRobo and use it to inspect and assess the remote environment and interact with other humans at the remote area. The AvaRobo can move autonomously via line tracking technique or manually by executing the commands given by the remote operator.",,1,2015 International Electronics Symposium (IES),"Universiti Kebangsaan Malaysia, Bangi, Selangor, MY",iee_rob_be
IEEE Xplore,8824055,10.1109/ACCESS.2019.2939491,Journals,From Studying Real Hummingbirds to Designing Hummingbird-Like Robots—A Literature Review,Yanghai Nan; Bei Peng; Yi Chen; Don McGlinchey,2019,"In this paper, the interpretation of hovering flight for hummingbirds is studied from a hummingbird morphology perspective (muscle and skeleton) including weight distribution, followed by a discussion of hovering aerodynamics. Next, by studying the scale laws, geometry similarity, and statistical analysis on wing parameters, the parametric relation between wing performances and weight is studied, followed by flapping wing micro autonomous drones (FWMADs) design. The efficiency of the designed wings based on the scaling law is verified by flying test. Material difference and methods of design are summarized. Last, the morphology of bird's tails is presented, and then the designs of tails are introduced, followed by discussion of tail performances. The results show that the tail could be predicted to apply to the stability of hovering twin-wing FWMADs. The current studies provide a simple but powerful guideline for biologists and engineers who study the morphology of hummingbirds and design FWMADs.",,15,IEEE Access,"School of Engineering and Built Environment, Glasgow Caledonian University, Glasgow, U.K.",iee_rob_be
IEEE Xplore,7177640,10.1109/ICCEP.2015.7177640,Conferences,Investigating on electric consumptions for residential buildings ventilation in different Italian climates,N. Aste; C. Del Pero; M. Fattore; M. Mazzon,2015,"Design strategies, policies and energy certification protocols often suggest (or prescribe), in an undifferentiated way, to provide mechanical ventilation with heat recovery systems in order to improve energy performance in residential buildings. However, the electric fans mounted on these systems consume energy and the benefits due to heat recovery, under some boundary conditions, may not be so effective to make this strategy convenient, resulting in a waste of electric energy. In this paper, a small sample housing unit provided with an autonomous ventilation system with heat recovery was simulated in different Italian climates. Then, for different airflow rates, the power absorbed by the fans and the actual heat recovery efficiency were properly evaluated, taking into account temperature differences occurring on an hourly-based simulation. Finally, overall yearly energy balances for the mechanical ventilation system under different boundary conditions were calculated and compared to the one resulting by assuming natural ventilation, while assessing energy and environmental performances.",,1,2015 International Conference on Clean Electrical Power (ICCEP),"Architecture, Built environment and Construction Engineering Department, Politecnico di Milano, Milano, Italy",iee_rob_be
IEEE Xplore,11251246,10.1109/ACCESS.2025.3634078,Journals,Essential Traits for Practical Soft Robots,W. David Null; Kevin Wandke; Y Z,2025,"Soft robots have garnered significant interest over the last decade, yet few have made the transition from laboratory demonstrations to real-world applications. To fully unlock the enticing potential of soft robots to mimic elegant living creatures, substantial technological gaps must be bridged. In this perspective article, we compare different aspects of state-of-the-art soft robotic technologies to the practical capabilities of living creatures in an attempt to highlight areas where breakthroughs are most needed. We group these challenges into four categories, namely materials, energy, sensors, and computing, and present a brief overview of the progress in each area along with selected examples that consider the proficiency of living creatures in that area. This comparison helps to highlight challenges in current soft robotic technology and to establish research priorities to bring forth practical aptitude for soft robots.",,0,IEEE Access,"Department of Electrical and Computer Engineering, University of Illinois Urbana-Champaign, Urbana, IL, USA",iee_rob_be
IEEE Xplore,10666593,10.1109/CCTA60707.2024.10666593,Conferences,Safety Prioritization by Iterative Feedback Linearization Control for Collaborative Robots,Aliasghar Arab; Yashar Mousavi; Kaiyan Yu; Ibrahim Beklan Kucukdemiral,2024,"In today’s expanding landscape of intelligent autonomous robotic systems, their applications extend far beyond industrial settings, encompassing diverse operational domains and unconfined use cases, including close collaboration with humans. This proliferation of robots in human-centric environments necessitates advanced safety assurance methods, critical for achieving both physical and psychological safety, thereby fostering societal acceptance at the scale envisaged by the industry. Safety criteria vary across contexts, and diverse regulatory and standard organizations define safety differently. This paper introduces a versatile safe iterative feedback linearization control method capable of simultaneously addressing multiple safety scenarios and dynamically adjusting their priorities based on real-time conditions. Combining classic feedback linearization synthesis with nonlinear model predictive control and introducing a safety indicator, this approach offers adaptability in safety constraint prioritization. Experimental validation on a collaborative robot arm illustrates the method’s efficiency and flexibility in managing safety constraints, underscoring its promise for safe human-robot interactions.",,5,2024 IEEE Conference on Control Technology and Applications (CCTA),"Department of Mechanical and Aerospace Engineering, New York University",iee_rob_be
IEEE Xplore,11493777,10.1109/ACCESS.2026.3687146,Journals,Context-Aware Multi-Agent Coordination Framework for Intelligent Electric Vehicle Charging Optimization,Muddsair Sharif; Huseyin Seker; Yasir Javed,2026,"The accelerating transition toward electric mobility presents unprecedented challenges in coordinating distributed charging infrastructure across multi-stakeholder ecosystems. This paper introduces a novel Context-Aware Multi-Agent Coordination for Dynamic Resource Allocation (CAMAC-DRA) framework that addresses these challenges through intelligent integration of Graph Neural Networks (GNNs) and Deep Reinforcement Learning (DRL). Our framework enables autonomous coordination of 250 electric vehicles (EVs) across 45 charging stations while dynamically adapting to real-time environmental conditions including weather patterns, traffic dynamics, grid fluctuations, and electricity pricing mechanisms. The proposed system processes 20 contextual features through sophisticated attention mechanisms, implementing hierarchical coordination protocols that balance competing objectives across five key stakeholder groups: EV users (25% weight), grid operators (20%), charging station operators (20%), fleet operators (20%), and environmental entities (15%). Through comprehensive validation using real-world datasets encompassing 441,077 charging transactions from diverse operational scenarios, the CAMAC-DRA framework demonstrates substantial improvements over state-of-the-art baseline algorithms including Deep Deterministic Policy Gradient (DDPG), Asynchronous Advantage Actor-Critic (A3C), Proximal Policy Optimization (PPO), and conventional GNN approaches. Experimental results reveal exceptional performance metrics: 92% multi-agent coordination success rate, 15% energy efficiency improvement, 10% operational cost reduction, 20% grid strain mitigation, and  $2.3\times $  faster convergence compared to existing methods, while maintaining 88% training stability and 85% sample efficiency. Real-world validation confirms commercial viability with a Net Present Cost of - ${\$}122$ ,962 and 69% cost reduction through strategic renewable energy integration. The framework’s unique contribution lies in synthesizing context-aware adaptation with multi-stakeholder optimization, achieving unprecedented balance between competing objectives while maintaining real-time responsiveness. These advances position the Smart2Charge application as a transformative solution for sustainable transportation electrification, addressing critical scalability and coordination challenges in next-generation smart grid ecosystems. The demonstrated capabilities establish new benchmarks for intelligent EV charging coordination, with significant implications for urban energy management, Vehicle-to-Grid (V2G) technology deployment valued at  ${\$}25.5$  billion by 2029, and the broader transition toward carbon-neutral transportation infrastructure.",,0,IEEE Access,"Faculty of Computing, Engineering and the Built Environment, Birmingham City University, Birmingham, U.K.",iee_rob_be
IEEE Xplore,11534888,10.1109/TGRS.2026.3696547,Early Access Articles,FGO-ABRC: A Factor Graph Optimization Framework for AUV Bathymetric Residuals Calibration Integrating Multi-Source Observations,Mingyi Gan; Xianhai Bu; Fanlin Yang; Yaxue Wang; Ami Hassan Md Din; Kelvin Tang Kang Wee; Bo Shi,2026,"With the widespread deployment of autonomous underwater vehicles (AUVs) in deep-sea exploration, AUV-based multibeam echosounder system (MBES) has become an essential equipment for acquiring high-resolution seabed topography. However, the complex marine environment introduces multiple error sources, such as attitude fluctuations, bottom detection errors, and pressure bias, which lead to bathymetric errors and degrade mapping consistency. To address this problem, we propose a factor graph optimization based AUV bathymetric residuals calibration (FGO-ABRC) framework. The method first performs preprocessing to eliminate global offsets in the measurements. Then, constructs a factor graph framework that integrates multi-source observations to achieve globally consistent estimation of the AUV’s vertical state. Furthermore, multiscale overlap consistency factors are incorporated to enhance seafloor continuity and robustness by leveraging redundant observations in overlapping swaths. To validate the proposed method, experiments were conducted using in-situ AUV data. Quantitative results demonstrate significant improvements: the mean depth discrepancy across the entire survey region decreased from 0.606 m to 0.007 m, and the root mean square error (RMSE) dropped from 1.169 m to 0.230 m. The ablation analysis further validated the effectiveness of each algorithmic step. Meanwhile, the computational efficiency and the composition of the residual errors were also analyzed. The proposed method effectively enhances the vertical consistency and overall accuracy of AUV-based MBES bathymetry, and provides a scalable bathymetric error calibration framework for underwater topographic mapping through multi-sensor fusion.",,0,IEEE Transactions on Geoscience and Remote Sensing,"College of Geodesy and Geomatics, Shandong University of Science and Technology, Qingdao, Shandong, People’s Republic of China",iee_rob_be
IEEE Xplore,9794503,10.1109/ISCAIE54458.2022.9794503,Conferences,Optimal Input Selection for Single Object Tracking using RGB-Thermal Camera,Siti Raihanah Abdani; Mohd Asyraf Zulkifley,2022,"In the modern era, Object tracking has been used in various intelligent applications that include surveillance, autonomous car, smart harvesting, and action recognition systems. In a video-based setting, an object tracking algorithm aims to correlate the object of interest throughout the frames by building the movement trajectory. The most popular sensing input to the tracking algorithm is the RGB channels, yet, it performs relatively poor in low lighting surroundings, especially if the object’s appearance is similar appearance to the background. Therefore, multi-modal input through a combination of RGB and thermal images has been explored to overcome the weakness of a single modality input. For a tracker that is based on the scoring output of convolutional neural networks, pre-trained weights are usually used to represent the feature extraction module. It is the norm that the weights in convolutional layers are frozen, while the parameters fitting is only done in the fully connected layers. Since the weights are pre-trained, the optimal number of channels is only three, which poses a problem for a tracker with RGB-Thermal input. Two schemes have been devised in this work, either to slice the pre-trained weights to accommodate an additional thermal channel, or to duplicate the thermal channel into a three-channel format. Hence, the performance of 4D and 6D inputs are tested on three state-of-the-art trackers, which are MDNet, TCNN, and MMCNN. The best performance result was produced by TCNN-4D with an expected average overlap of 0.2534, accuracy of 0.5963, and reliability of 0.9329. The results indicate that an optimized slicing method to select the best pre-trained weights will produce a significant tracking improvement even if fewer input channels are used.",,0,2022 IEEE 12th Symposium on Computer Applications & Industrial Electronics (ISCAIE),"Department of Electrical, Electronic & Systems Engineering, Faculty of Engineering and Built Environment, Universiti Kebangsaan Malaysia, Bangi, Malaysia",iee_rob_be
IEEE Xplore,8228530,10.1109/RTUWO.2017.8228530,Conferences,Vehicular multitier gateway selection algorithm for heterogeneous VANET architectures,Shuja Ansari; Tuleen Boutaleb; Sinan Sinanovic; Carlos Gamio; Ioannis Krikidis,2017,"Cooperative intelligent transportation systems have become an active topic with the introduction of smart communications between vehicles, increasing driver safety, traffic efficiency and ultimately paving way for autonomous vehicles. These vehicular communications have stringent transmission requirements. Among various proposed communication protocols, use of heterogeneous networks, combining long term evolution (LTE) with dedicated short range communications (DSRC), have shown promising results. This paper proposes an LTE gateway selection procedure that enables multitier hybrid architecture. The proposed multitier heterogeneous adaptive VANET (MHAV) framework consists of two tiers, the high tier consist of authority owned vehicles or public transport operators such as buses, lorries and taxis, while low tier consist of privately owned vehicles. Having an authority owned gateway addresses the security and privacy concern raised by private car owners on sharing their information with other cars. Results from implementation of our proposed algorithm using extensive system-level simulations showed an increase in coverage area for DSRC while minimizing the number of gateway switches made by 30–35% in comparison with previously proposed multitier registration techniques. Traffic on LTE network in our simulations is also reduced by 50%.",,4,2017 Advances in Wireless and Optical Communications (RTUWO),"School of Engineering and Built Environment, Glasgow Caledonian University, Glasgow, Scotland, UK",iee_rob_be
IEEE Xplore,10893279,10.1109/SPEC62217.2024.10893279,Conferences,An Advanced Virtual DC Machine Control Strategy for Management of Energy Storage System in a Standalone DC Microgrid,Mahdis Haddadi; Saman Asghari Gorji; Samson Yu; Hieu Trinh,2024,"To ensure the autonomous operation of DC microgrids (DC-MGs) and mitigate the effects of power fluctuations, this study implements virtual inertia and damping control (VIDC) within the energy storage converter to enhance the stability of the DC-MG. However, the dynamic characteristics of energy storage systems (ESSs) — crucial to providing the necessary inertia through VIDC — are often neglected in conventional VIDC approaches. This paper introduces a novel management function based on the state of charge (SoC) of ESS, which is integrated into the VIDC controller to optimize the charging and discharging processes. This function utilizes auxiliary power within the ESS to effectively perform inertia and droop characteristics. The proposed design prevents high-rate power peaks, leading to an extended lifespan and improved inertia response of the ESS. Additionally, to address the misalignment between voltage steady-state and dynamic regulation observed in traditional VIDC, this study incorporates a lead compensation technique to enhance dynamic performance and improve converter damping against disturbances.",,2,2024 IEEE 9th Southern Power Electronics Conference (SPEC),"Faculty of Science, Engineering and Built Environment, Deakin University, Geelong, VIC, Australia",iee_rob_be
IEEE Xplore,10963282,10.1109/ICARC64760.2025.10963282,Conferences,A Computer Vision Approach for Estimating Embodied Carbon to Support Circular Economy Decisions,Dilakshan Rajaratnam; Rodney A. Stewart; Tingting Liu; Abel Silva Vieira; Isuri Amarasinghe,2025,"The circular economy of urban settlements is essential for sustainability and limiting climate change to under 2°C. While the circular economy in building stocks can be achieved through design optimized for resource recovery, challenges persist due to insufficient data on existing building stocks, material weights, and geo-locations. Urban building stock estimation and mining address these issues by mapping and analysing building resources. However, traditional urban mining methods are time-consuming, costly, and rely on expert assumptions. This study applied a novel computer vision approach and tested ResNet and DenseNet deep learning models to classify typical building facades in Australia. It automatically estimated the façade material stock and its embodied carbon. The ResNet-50 model achieved the highest performance (F1-score: 0.77, Accuracy: 0.803) and was deployed in Southport (SA 3) of the city of Gold Coast. Of the available image data, 78% was successfully inferred in Southport, while 22% remained unidentified due to the coverage limitations of open-street view images. Using model predictions, semantic data, and expert consensus, façade material stock weight was estimated, and embodied carbon coefficients were applied to account for the total embodied carbon. Results show that larger-scale autonomous stock estimation is feasible, offering significant advantages over traditional methods. This approach supports data-driven circular economy applications for sustainable urban planning and climate change mitigation.",,0,2025 5th International Conference on Advanced Research in Computing (ICARC),"School of Engineering and Built Environment, Griffith University, Gold Coast, Australia",iee_rob_be
IEEE Xplore,6479818,10.1109/SEW.2012.28,Conferences,Multi-agent Self-Organising Service Composition - Demonstrating the Restrictions of Centralised Approach,Petros Papadopoulos; Huaglory Tianfield; David Moffat; Peter Barrie,2012,"The loosely coupled, autonomous, network-oriented services provide the building block for the higher abstraction layer of business processes. Service compositions and run-time adaptation according to change in conditions is key to the success of system integration. This work introduces self-organisation as an alternative to pre-programmed techniques (automatic service composition), which usually suffer scalability and performance issues in highly distributed complex systems. The prototype, using JADE platform, is capable of self-organising service composition of a highly modular system and illustrates a service input/output matching algorithm on a case study of the electricity distributed generation domain.",,0,2012 35th Annual IEEE Software Engineering Workshop,"School of Engineering and Built Environment, Glasgow Caledonian University, Glasgow, UK",iee_rob_be
IEEE Xplore,10010957,10.1109/ICAISS55157.2022.10010957,Conferences,Modeling of Optimal Deep Learning Enabled Object Detection and Classification on Drone Imagery,Nirmal Adhikari; Nihar Ranjan Behera; Vijayakrishna Rapaka E; Er. S. John Pimo; Vaibhav Chaturvedi; Vikas Tripathi,2022,"Object detection in unmanned aerial vehicle (UAV) images becomes a persistent problem in the domain of computer vision. Particularly, object detection in drone images is a difficult process because of the object of different scales namely, hills, buildings, and water bodies. The study presents an execution of ensemble transfer learning to improve the efficiency of the fundamental model for multi-scale object recognition in drone imagery. This study develops an Optimal Deep Learning Enabled Object Detection and Classification on Drone Imagery (ODL-ODCDI) technique. The presented ODL-ODCDI technique can recognize and classify the objects present in the images collected by the drones. It follows a two stage process. In the first level, the ODL-ODCDI technique employed YOLO-v5 as object detector with Nadam optimizer. Next, in the latter level, the ODL-ODCDI technique makes use of random forest (RF) classifier to identify objects in the drone images. To establish the enhanced performance of the ODL-ODCDI approach, a series of experiments were performed. The experimental values depicted the improved outcomes of the ODL-ODCDI method over other DL models.",,11,2022 International Conference on Augmented Intelligence and Sustainable Systems (ICAISS),"School of Built Environment, Engineering & Computing. Leeds Beckett University, Leeds, United Kingdom",iee_rob_be
IEEE Xplore,10918857,10.1109/TVT.2025.3548584,Journals,Uplink Modeling of Backscatter Communications Over UAV Aided Networks,Khoa N. Le,2025,"Modelling and performance analysis of uplink communications over unmanned-aerial-vehicle (UAV) aided networks in the presence of backscatters are offered in this work. The UAV is acted as a mobile source to initiate transmissions with a ground user C. In the presence of a backscatter receiver B and its transmitter A, interference does impact on the performance of uplink transmissions between C and UAV. The severity of line-of-sight (LoS) and non-LoS conditions on outage probability, deployed as a performance indicator, is examined in this work. Because of the proposed consideration of LoS conditions, mathematically-unavoidable infinite summations are deployed and shown to converge for a finite number of terms, which shows their practicality. Simulation has been deployed to validate the proposed work.",,0,IEEE Transactions on Vehicular Technology,"School of Engineering, Design and Built Environment, Western Sydney University, Penrith South, NSW, Australia",iee_rob_be
IEEE Xplore,11243341,10.1109/IGARSS55030.2025.11243341,Conferences,A UAV Laser Scanning Technique for Automated Mapping of In-Stope Structural Discontinuity Sets in Underground Mines,Dibyayan Patra; Charles Baylis; Pasindu Ranasinghe; Bikram Banerjee; Simit Raval,2025,"Underground mapping and identification of exposed rock mass structures or discontinuity sets is critical in challenging mine regions like stopes for stability analysis and plays a key role in terms of both the economic and safety aspects of an excavation site. However, utilisation of traditional mapping equipment is not feasible in a stope due to the challenges posed by limited accessibility, complex geometries of stopes, unavailability of global navigation satellite system (GNSS), and safety risks. Recent advances in unmanned aerial vehicles (UAV), portable mobile laser scanning (MLS) LiDAR technology, and simultaneous localization and mapping (SLAM) have led to the development of UAV laser scanners, allowing engineering personnel to remotely obtain 3D point clouds from such challenging regions. This study investigates the use of a UAV laser scanning system for acquiring 3D point cloud of an underground metal mining stope to perform automated mapping of discontinuity sets in the exposed stope surface.",,0,IGARSS 2025 - 2025 IEEE International Geoscience and Remote Sensing Symposium,"School of Minerals and Energy Resources Engineering, University of New South Wales, Sydney, Australia",iee_rob_be
IEEE Xplore,992488,10.1109/ECODIM.2001.992488,Conferences,"""Life Cycle Value index"" for industry ecology in housing",T. Yashiro; T. Murata,2001,"The article proposes an alternative index of performance over time termed: Life Cycle Value (LCV) index, that integrates qualitative performance with LCA and LCC. The article presents a case study to verify the applicability of the LCV index to housing. Qualitative aspects for assessing the LCV index in housing are listed and are then related to adaptable performance of housing to ever changing requirements. The idea of hierarchical structures emerges to simplify interfaces of various facets of modules. It is shown that subdivision of products and process into autonomous hierarchical modules could realize a better LCV index by promoting dematerialization in the business of continual customization of housing over time. The case study suggests that the introduction of the LCV index could promote industrial ecology in housing.",,0,Proceedings Second International Symposium on Environmentally Conscious Design and Inverse Manufacturing,"University of Tokyo, Kitakyushu University, Japan",iee_rob_be
IEEE Xplore,10415267,10.1109/TIV.2024.3358789,Journals,Dynamic Event-Triggered Resilient Heading Control for Unmanned Surface Vehicle With Encrypted Data,Huarong Zhao; Dezhi Xu; Zhigang Zhou; Hongnian Yu,2024,"This paper studies data-driven dynamic event-triggered heading control issues for an unmanned surface vehicle (USV) with enciphered data and aperiodic denial of service (DoS) attacks. First, we establish a compact form dynamic linearization model for the USV by employing the control input and a formulated virtual output. Next, we design a quantization-based encoding-decoding scheme, in which the data is quantized and encoded before transmission and decoded upon reception by the controller. This approach not only compresses data bits but also prevents information leakage. Meanwhile, we design a dynamic variate and develop a dynamic event-triggered mechanism to reduce the communication burden. Moreover, we employ a radial basis function neural network (RBFNN) to create an RBFNN-based compensation method to offset the effects of aperiodic DoS attacks. As a result, we propose a data-driven dynamic event-triggered resilient heading control (DET-RHC) approach, and we rigorously prove its convergence. Additionally, we verify the effectiveness of the proposed DET-RHC method through several simulation studies.",,20,IEEE Transactions on Intelligent Vehicles,"Engineering Research Center of Internet of Things Applications Ministry of Education, Jiangnan University, Wuxi, Jiangsu, China",iee_rob_be
IEEE Xplore,11030810,10.1109/LCSYS.2025.3578918,Journals,Data-Based Encryption Iterative Learning Heading Control for Unmanned Surface Vehicles,Chen Chen; Huarong Zhao; Jinjun Shan; Hongnian Yu,2025,"This letter investigates a data-driven iterative learning heading control problem for unmanned surface vehicles (USVs) with encoding-decoding mechanisms. First, a compact form dynamic linearized model of the USV is established using dynamic linearization techniques and redefined outputs. Then, an encoding-decoding scheme is designed, which encodes the data before transmission and decodes the data received by the controller. This strategy compresses the data and offers protection from potential breaches of information. Finally, the convergence of the designed method is theoretically analyzed, and simulation results demonstrate its effectiveness in enhancing heading control performance.",,4,IEEE Control Systems Letters,"Engineering Research Center of Internet of Things Applications Ministry of Education, Jiangnan University, Wuxi, Jiangsu, China",iee_rob_be
IEEE Xplore,10569425,10.23919/IST-Africa63983.2024.10569425,Conferences,Design and Implementation of a Load Transferring Machine for Multi-Storey Buildings,Thomas Kenn Yong; Santaram Venkannah,2024,"Nowadays, there is a growing trend towards the construction of multi-storey buildings as opposed to single floor ones in Mauritius. Implementing lifts or escalators in every building to provide vertical circulation and to carry the occupants' items from floor to floor is not economically feasible and is against the concept of sustainable development. Consequently, employing staircases is the most practical alternative because it is less expensive and easier to integrate. But the issue that arises is that staircase accidents occur more often than one would expect, and their frequency of occurrence is increasing. Carrying loads on staircases increases the risk of staircase accidents especially when carried out by the elderlies. This project focuses on the design and implementation of an autonomous load transferring machine for residential multi -storey buildings which will be beneficial for a wide range of individuals, including elders and people with limited mobility. The proposed design comprises of an autonomous tracked robot with a pair of main tracks and auxiliary tracks equipped with a self-balancing platform to handle the load. The main tracks provide the driving force for the robot to move around while the auxiliary tracks enable the robot to climb and descend staircases. The robot navigates by following its user using computer vision (CV) and machine learning (ML). Moreover, a speech recognition system was conceptualised to improve the user interface of the robot, especially for the elderlies. A scaled-down prototype of the design was implemented to evaluate the design's stair climbing algorithm, navigation capabilities and self-balancing algorithm of its platform. The results obtained were satisfactory and the system can be upgraded to include advanced new features.",,1,2024 IST-Africa Conference (IST-Africa),"Mechanical and Production Engineering Department, University of Mauritius, Reduit, Republic of Mauritius",iee_rob_be
IEEE Xplore,11353061,10.1109/TVT.2026.3654060,Early Access Articles,Dual-channel Event-triggered Sliding-mode Heading Control for Unmanned Surface Vehicles,Huarong Zhao; Yutong Chen; Dezhi Xu; Hongnian Yu,2026,"This paper presents a data-driven dual-channel event-triggered sliding-mode heading control approach for unmanned surface vehicles with uncertain dynamic models. First, a compact form dynamic linearization model is constructed using a pseudo-partial derivative technique, relying solely on the redefined output and input data and eliminating the need for an explicit system model. To reduce communication and energy consumption, a dual-channel event-triggered scheme is developed, consisting of a relative-threshold scheme for the control input channel and a dynamic-threshold scheme for the output feedback channel. Furthermore, a second-order switching surface incorporating a fast terminal-sliding function is introduced to ensure finite-time convergence and enhanced robustness. Finally, rigorous mathematical proofs are provided, and several simulations are conducted to validate the effectiveness of the proposed method.",,0,IEEE Transactions on Vehicular Technology,"Engineering Research Center of Internet of Things Applications, Ministry of Education, Jiangnan University, Wuxi, Jiangsu, China",iee_rob_be
IEEE Xplore,10589619,10.1109/ACCESS.2024.3425497,Journals,Deep Reinforcement Learning for AoI Minimization in UAV-Aided Data Collection for WSN and IoT Applications: A Survey,Oluwatosin Ahmed Amodu; Chedia Jarray; Raja Azlina Raja Mahmood; Huda Althumali; Umar Ali Bukar; Rosdiadee Nordin; Nor Fadzilah Abdullah; Nguyen Cong Luong,2024,"Deep reinforcement learning (DRL) has emerged as a promising technique for optimizing the deployment of unmanned aerial vehicles (UAVs) for data collection in wireless sensor networks (WSNs) and Internet of Things (IoT) applications. With DRL, UAV trajectory can be optimized, optimal data collection points can be determined, sensor node transmissions can be scheduled efficiently, and irregular traffic patterns can be learned effectively. In view of the significance of DRL for UAV-assisted IoT research in general and, more specifically, its use for time-critical applications, this paper presents a review of the existing literature on UAV-aided data collection for WSN and IoT applications related to the application of DRL to minimize the Age of Information (AoI), a recent metric used to measure the degree of freshness of transmitted information collected in data-gathering applications. This review aims to provide insights into the state-of-the-art techniques, challenges, and opportunities in this domain through an extensive analysis of a sizable range of related research papers in this domain. It discusses application areas of UAV-assisted IoT, such as environmental monitoring, infrastructure inspection, and disaster response. Then, the paper focuses on the proposed works, their optimization objectives, architectures, simulation libraries and complexities of the various DRL-based approaches used. Thereafter discussion, challenges, and some opportunities for future work are provided. The findings of this review serve as a valuable resource for researchers and practitioners, guiding further advancements and innovations in the field of DRL for UAV-aided data collection in WSN and IoT applications.",,25,IEEE Access,"Department of Electrical, Electronics and Systems Engineering, Faculty of Engineering and Built Environment, Universiti Kebangsaan Malaysia (UKM), Bangi, Selangor, Malaysia",iee_rob_be
IEEE Xplore,10608113,10.1109/ACCESS.2024.3432610,Journals,UAVs and Blockchain Synergy: Enabling Secure Reputation-Based Federated Learning in Smart Cities,Syed M. Aqleem Abbas; Muazzam A. Khan Khattak; Wadii Boulila; Anis Kouba; M. Shahbaz Khan; Jawad Ahmad,2024,"Unmanned aerial vehicles (UAVs) can be used as drones’ edge Intelligence to assist with data collection, training models, and communication over wireless networks. UAV use for smart cities is rapidly growing in various industries, including tracking and surveillance, military defense, managing healthcare delivery, wireless communications, and more. In traditional machine learning techniques, an enormous amount of sensor data from UAVs must be shared to central storage to perform model training, which poses serious privacy risks and risks of misuse of information. The federated learning technique (FL), which can be applied to UAVs, is a promising means of collaboratively training a global model while retaining local access to sensitive raw data. Despite this, FL is a significant communication burden for battery-constrained UAVs due to local model training and global synchronization frequency. In this article, we address the major challenges associated with UAV-based FL for smart cities, including single-point failure, privacy leakage, scalability, and global model verification. To tackle these challenges, we present a differentially private federated learning framework based on Accumulative Reputation-based Selection (ARS) for the edge-aided UAV network that utilizes blockchains to prevent single-point failures where we switched from central control to decentralized control, Interplanetary File System (IPFS) for off-chain model storage and their respective hash-keys on-chain to ensure model integrity. Due to IPFS, the size of the blockchain will be reduced, and local differential privacy will be applied to prevent privacy leakages. In the proposed framework, an aggregator will be selected based on its ARS score and model verification by the validators. After most validators approve it, it will be available for use. Several parameters are taken into consideration during evaluation, including accuracy, precision, recall, F1-score, and time consumption. It also evaluates the number of edge computers vs test accuracy, the number of edge computers vs time consumption for global model convergence, and the number of rounds vs test accuracy. This is done by considering two benchmark datasets: MNIST and CIFAR-10. The results show that the proposed work preserves privacy while achieving high accuracy. Moreover, it is scalable to accommodate many participants.",,12,IEEE Access,"Department of Computer Science, Shaheed Zulfikar Ali Bhutto Institute of Science and Technology, Islamabad, Pakistan",iee_rob_be
IEEE Xplore,10424067,10.1109/MetroAgriFor58484.2023.10424067,Conferences,Cutting systems evaluation for a tree-pruning robot,Giovanni Carabin; Stefan Leitner; Fabrizio Mazzetto; Renato Vidoni; Marco Bietresato,2023,"Forests play a crucial role in limiting climate changes (i.e., through CO2 storage, and by using wood in construction, thus preventing the emission of CO2 for the production of alternative building materials like concrete and plastic) and in mitigating its adverse effects (i.e., soil erosion and flooding). In this context, the sustainable management of forests has gained significant attention in recent years. In spruce forests, to maintain the ecological health and preventing wildfire, a proper spruce-tree pruning could be a possible solution. Moreover, this operation allows to improve the quality of the timber, by limiting the growth/formation of dead-knots. However, it typically requires specialized labour and longer execution times. In this study, an additional step regarding the design and implementation of an automatic spruce pruning robotic system is presented. In particular, this paper focuses on the experimental evaluation and selection of the most suitable cutting system to equip this robot. The results show how the pruning shears are the tool that can guarantee a more precise cut and a faster execution without destabilizing the climbing platform during the cutting operation. In any case, the indicated pruning shears require a branch detection system and a fairly precise positioning system to be effective.",,1,2023 IEEE International Workshop on Metrology for Agriculture and Forestry (MetroAgriFor),"Faculty of Agricultural, Environmental and Food Sciences, Free University of Bozen-Bolzano, Bolzano, Italy",iee_rob_be
IEEE Xplore,8206298,10.1109/IROS.2017.8206298,Conferences,Using local force measurements to guide construction by distributed climbing robots,Nathan Melenbrink; Panagiotis Michalatos; Paul Kassabian; Justin Werfel,2017,"Construction automation has historically been driven by top-down implementations of specific tasks, which are neither responsive nor resilient to dynamic situations, and often require centralized control or human supervision. Previous work on robotic assembly has generally neglected to consider forces acting on the structure, whether in the completed structure alone or throughout the building process. In this paper, we investigate the utility of local force measurements in guiding construction by a distributed team of strut-climbing robots, focusing on a scenario involving building an unsupported span out across a gap in a two-dimensional vertical plane, as a step towards building a bridge. We show that such measurements enable robots to build structures that cantilever significantly further than those built by robots without access to such information, while maintainig stability throughout the building sequence. We consider both structures securely anchored to the ground and those resting unanchored atop it, using a counterbalancing approach in the latter case to permit cantilevering. The principles explored in simulation are also demonstrated in hardware, including a prototype strut-climbing robot and truss components, incorporating a cost-effective sensor implementation that reports the requisite force information.",,12,2017 IEEE/RSJ International Conference on Intelligent Robots and Systems (IROS),"Institute for Computational Design and Construction, University of Stuttgart, Germany",iee_rob_be
IEEE Xplore,11237567,10.1049/icp.2025.3103,Conferences,Optimization and scheduling algorithm for construction progress based on artificial intelligence,Weichen Xu,2025,"The purpose of this article is to study the optimization and scheduling algorithm of building construction progress based on AI (Artificial intelligence), so as to improve the construction efficiency and shorten the construction period. Therefore, this article constructs an algorithm model combining DL (Deep learning) technology. The model can make full use of all kinds of data in the process of building construction, and realize the accurate prediction of construction progress and the optimal allocation of resources. In terms of methods, this article selects representative building construction projects as experimental objects, and designs an experimental scheme including data collection, pretreatment, model training, testing and other steps. Through the experimental verification, this article finds that the algorithm model has high prediction accuracy and optimization effect, which can significantly shorten the construction period and improve the construction efficiency. The research results show that the AI-based construction schedule optimization and scheduling algorithm has significant advantages and application prospects. The proposed algorithm model provides a new method for construction schedule management, which can be further improved to adapt to the changing market environment in the future.",,0,4th International Conference on Artificial Intelligence and Autonomous Robot Systems (AIARS 2025),"Shandong Vocational College of Science and Technology, Weifang, 261053, Shandong, People's Republic of China",iee_rob_be
IEEE Xplore,10673900,10.1109/JIOT.2024.3455089,Journals,AI-Enhanced Digital Twin Framework for Cyber-Resilient 6G Internet of Vehicles Networks,Yagmur Yigit; Leandros A. Maglaras; William J. Buchanan; Berk Canberk; Hyundong Shin; Trung Q. Duong,2024,"Digital twin technology is crucial to the development of the sixth-generation (6G) Internet of Vehicles (IoV) as it allows the monitoring and assessment of the dynamic and complicated vehicular environment. However, 6G IoV networks have critical challenges in network security and computational efficiency, which need to be addressed. Existing digital twin technologies in 6G IoV networks often suffer from limitations, such as reliance on static models and high computational demands, leading to unstable attack detection and inefficiencies. Their results for attack detection performance metrics, precision, detection rate, and F1-Score are insufficient for 6G IoV. Moreover, these systems concentrate all computational processes within the digital twin’s service layer, leading to inefficiencies. To address these challenges, we introduce a novel artificial intelligence (AI) enhanced digital twin framework designed to significantly improve 6G IoV network security and computational efficiency under dynamic conditions. Our framework employs an advanced feature engineering module that uses feature selection methods and stacked sparse autoencoders (ssAE) to reduce feature dimensions within the cyber twin layer, effectively distributing the overall computational load. It also utilizes an online learning module which enables a network-aware attack detection mechanism for precise attack detection. The proposed solution exhibits a stable performance of around 98% success rate regarding attack detection metrics against two data sets. Specifically, our solution reduces system latency by 12%, energy consumption by 15%, RAM usage by 20%, and improves packet delivery rates by 6.1%. These findings underscore the potential of our framework to enhance the robustness and responsiveness of 6G IoV systems, offering a significant contribution to vehicular network security and management.",,44,IEEE Internet of Things Journal,"School of Computing, Engineering and The Built Environment, Edinburgh Napier University, Edinburgh, U.K.",iee_rob_be
IEEE Xplore,10697141,10.1109/TCCN.2024.3469234,Journals,Intelligent Digital Twin Communication Framework for Addressing Accuracy and Timeliness Tradeoff in Resource-Constrained Networks,Lal Verda Cakir; Craig J. Thomson; Mehmet Özdem; Berk Canberk; Van-Linh Nguyen; Trung Q. Duong,2025,"The accuracy and timeliness tradeoff prevents Digital Twins (DTs) from realizing their full potential. High accuracy is crucial for decision-making, and timeliness is equally essential for responsiveness. Therefore, this tradeoff in DT communication must be addressed to achieve DT synchronization. Previous studies identified the issue but considered the problem as maximizing data transfer, which is infeasible due to resource constraints. To facilitate this, we quantify accuracy and timeliness as E and  $\phi $  and define the problem as joint minimisation. We then introduce the Intelligent DT Communication (IDTC) Framework to solve the problem, which includes machine learning-based Predictive Synchronization (PS) and DT synchronization management (DTSYNC) protocol. Here, PS uses imputation and forecasting to generate future values, which are utilized to update DT at the projected time points. This mechanism of PS enables lowering E and  $\phi $  of the communication. Subsequently, we utilize the DTSYNC to control synchronization and optimise the twining frequency  $f_{t}$ . We evaluate the proposed framework using a public dataset and compare its performance with several state-of-the-art studies in a real-world scenario. Evaluation results indicate that IDTC outperforms the existing methods by 80% for E and 84% for  $\phi $  while enabling  $f_{t}$  adjustment, resulting in 3.8 times goodput improvement.",,13,IEEE Transactions on Cognitive Communications and Networking,"School of Computing, Engineering and Built Environment, Edinburgh Napier University, Edinburgh, U.K.",iee_rob_be
IEEE Xplore,11506583,10.1109/TNSM.2026.3690572,Journals,Digital Twin-Assisted Handover Scheme for Mobile Networks Using Generative AI,Lal Verda Cakir; Mehmet Ali Erturk; Mehmet Ozdem; Berk Canberk,2026,"Handover management in mobile networks is challenged by high latency and reduced reliability in dense deployments and under user mobility. Here, existing schemes improve handover initiation by optimising the candidate handover at the decision time. However, these are applied after a non-negligible delay due to the control-plane signalling. Then, when applied, it may become invalid or degrade performance. To address this, we propose a Digital Twin (DT)-assisted handover scheme that performs predictive execution-time validation prior to the preparation of the Next Generation (NG)-based handover. To this end, the DT-What-If Generator (DT-WIG) is used to emulate short-horizon future network states under uncertainty. Here, the DT-WIG is a spatiotemporal graph generative model that uses variational latent sampling to generate counterfactual post-handover trajectories for the candidate handover decision. Then, the AMF estimates the failure and QoS risks associated with the candidate handover and approves/rejects it via standard-compliant signalling. With this, we form a policy-agnostic mechanism that runs on the underlying handover policy. Consequently, we evaluate performance using ns-3/5G-LENA trace generation and replay-based policy analysis, with OpenAirInterface-based signalling evaluation. The results show that the proposed method reduces the handover failure rate and handover interruption time while improving latency, jitter, throughput, and packet loss.",,0,IEEE Transactions on Network and Service Management,"School of Computing, Engineering and Built Environment, Edinburgh Napier University, Edinburgh, U.K.",iee_rob_be
IEEE Xplore,1570412,10.1109/ROBOT.2005.1570412,Conferences,Conflict Metric as a Measure of Sensing Quality,J. Carlson; R.R. Murphy; S. Christopher; J. Casper,2005,"This paper shows that the Con metric from Dempster-Shafer theory is a good indicator of sensing quality, where an increase in the conflict metric value correlates with a decrease in map quality (at p ≤ 0.05). Two sets of experiments were conducted. In one, sonar data were gathered from a Nomad 200 robot operating in typical indoor hallways. Another used sonars on an RWI Urban robot in a confined, irregular tunnel built from eight different construction materials. For each set, an occupancy grid map was built and evaluated through a quantitative comparison with the ground truth. It is expected that the results of this study will generalize not only to other sensors and multi-sensor fusion, but any application where consistency can be assumed. It also contributes a design for an inexpensive reconfigurable confined space testbed.",,15,Proceedings of the 2005 IEEE International Conference on Robotics and Automation,"Center for Robot-Assisted Search and Rescue, University of South Florida, Tampa, FL, USA",iee_rob_be
IEEE Xplore,9981773,10.1109/IROS47612.2022.9981773,Conferences,A Robot Factors Approach to Designing Modular Hardware,Nathan Melenbrink; Clark Teeple; Justin Werfel,2022,"Robots are increasingly being called on to operate in settings and on tasks originally designed for humans, or where humans are also expected to work. Accordingly, the hardware and tools to be packaged, operated, or maintained are typically designed for use by humans, not robots. Robot autonomy in such cases can be expedited by a “robot factors” approach to the design of hardware, analogous to ergonomics for humans, taking typical current robot capabilities into account during the design process. In this paper, we present two case studies of redesigning mission-critical hardware in space habitats to facilitate autonomous robot operation. In both cases, hardware that previously required dexterous bi-manual manipulation is redesigned such that the entire maintenance task can be completed by a single robotic arm with a standard parallel jaw gripper. We demonstrate successful autonomous replacement of modules in the two hardware systems, and characterize how orientation and compliance of a grasp helps compensate for positioning errors. Based on our findings, we identify several key design strategies that underpin the robot factors approach to designing robot-friendly hardware, including consolidating compound actions into simpler mechanisms, constraining required motions to a single axis, and introducing mechanical compliance to mitigate the effects of pose uncertainties.",,4,2022 IEEE/RSJ International Conference on Intelligent Robots and Systems (IROS),"School of Engineering and Applied Sciences, Harvard University, Cambridge, MA, USA",iee_rob_be
IEEE Xplore,9110791,10.1109/TII.2020.3000502,Journals,Multipath Communication With Deep Q-Network for Industry 4.0 Automation and Orchestration,Shiva Raj Pokhrel; Sahil Garg,2021,"In this article, we design a novel multipath communication framework for Industry 4.0 using deep Q-network [1] to achieve human-level intelligence in networking automation and orchestration. To elaborate, we first investigate the challenges and approaches in exploiting heterogeneous networks and multipath communication [e.g., using multipath transmission control protocol (MPTCP)] for the information technology cum operation technology (IT/OT) convergence in Industry 4.0. Based on the novel idea of intelligent and flexible manufacturing, we analyze the technical challenges of IT/OT convergence and then model network data traffics using MPTCP over the converged frameworks. It quantifies the adverse impact of network convergence on the performance for flexible manufacturing. We provide a few proof-of-concepts solutions; however, after a clear understanding of the tradeoffs, we discover the need for experience-driven MPTCP. The simulation result demonstrates that the proposed scheme significantly outperforms the baseline schemes.",,29,IEEE Transactions on Industrial Informatics,"Faculty of Science, Engineering and Built Environment, School of IT, Deakin University, Geelong, VIC, Australia",iee_rob_be
IEEE Xplore,9786639,10.1109/TII.2022.3179409,Journals,A Novel Global Set-Membership Filtering Approach for Localization of Automatic Guided Vehicles,Hao Yang; Yilian Zhang; Wei Gu; Huaicheng Yan; Fuwen Yang,2023,"This article investigates the localization problem of the automatic guided vehicle (AGV) system. In order to improve the reliability and flexibility of the localization process, a distributed sensor network structure is introduced to realize the localization of the AGV. Moreover, considering the influence of unknown-but-bounded noise and the accuracy requirements of the localization, a novel global set-membership filtering approach is proposed to obtain accurate localization results including a distributed set-membership filtering (DSMF) strategy and a circumscribed rectangle method. First, a DSMF strategy is designed to obtain local state estimation ellipsoids. Sufficient conditions for the existence of the state estimation ellipsoids are derived and a convex optimization process is developed to obtain the optimal local estimation ellipsoids. Then, a circumscribed rectangle method is proposed to fuse all local state estimation ellipsoids and obtain global set-membership filtering results. The proposed fusion method does not have a complicated optimization process, and can obtain more accurate estimation ellipsoids than local estimation results. Performance analysis verifies the effectiveness of the proposed global set-membership filtering approach.",,28,IEEE Transactions on Industrial Informatics,"Key Laboratory of Transport Industry of Marine Technology and Control Engineering, Shanghai Maritime University, Shanghai, China",iee_rob_be
IEEE Xplore,9185672,10.1109/CEC48606.2020.9185672,Conferences,An Improved Adaptive Genetic Algorithm for Mobile Robot Path Planning Analogous to the Ordered Clustered TSP,Junjie Jiang; Xifan Yao; Erfu Yang; Jorn Mehnen; Hongnian Yu,2020,"The material transportation planning with a mobile robot can be regarded as the ordered clustered traveling salesman problem. To solve such problems with different priorities at stations, an improved adaptive genetic simulated annealing algorithm is proposed. Firstly, the priority matrix is defined according to station priorities. Based on standard genetic algorithm, the generating strategy of the initial population is improved to prevent the emergence of non-feasible solutions, and an improved adaptive operator is introduced to improve the population ability for escaping local optimal solutions and avoid premature phenomena. Moreover, to speed up the convergence of the proposed algorithm, the simulated annealing strategy is utilized in mutation operations. The experimental results indicate that the proposed algorithm has the characteristics of strong ability to avoid local optima and the faster convergence speed.",,8,2020 IEEE Congress on Evolutionary Computation (CEC),"School of Mechanical and Automobile Engineering, South China University of Technology, Guangzhou, China",iee_rob_be
IEEE Xplore,10852431,10.1109/FLLM63129.2024.10852431,Conferences,On Large Language Model Based Joint Source Channel Coding for Semantic Communication,Shiva Raj Pokhrel; Anwar Walid,2024,"Deep learning is extensively proposed in Semantic Communication (SemCom) for semantic extraction and optimization, but often requires complex, application-specific neural networks and struggles with generalization to new environments. Building on the success of large language models (LLMs), this paper explores the adaptability of LLMs to a more efficient and generalizable SemCom design. We introduce SemComLLM and demonstrate its viability by integrating the Llama-2 model with Joint Source-Channel Coding (JSCC), enhancing transmission efficiency and semantic accuracy. The empirical results show an improved contextual understanding. We discuss key challenges and develop future research directions for further refinement.",,5,2024 2nd International Conference on Foundation and Large Language Models (FLLM),"School of Information Technology, Faculty of Science Engineering & Built Environment, Deakin University, VIC, Australia",iee_rob_be
IEEE Xplore,10422005,10.1109/ITSC57777.2023.10422005,Conferences,Communication Optimization for Multi-agent Reinforcement Learning-based Traffic Control System with Explainable Protocol,Han Wang; Haochen Wu; Juanwu Lu; Fang Tang; Maria Laura Delle Monache,2023,"This article studies the challenges of multi-agent traffic control systems with a specific focus on the feasibility of communication protocols. We present an innovative approach for optimizing communication in large-scale traffic control systems. In the context of ramp metering coordination, we design and analyze the proposed communication protocols. The first protocol operates without explicit semantic interpretation, providing a baseline for performance. The second builds on the concept of advantageous directions, integrating semantic meaning into communication for enhanced explainability. Comparative results show that our proposed system outperforms the ALINEA algorithm under both protocols. Despite the slightly superior performance of the non-semantic protocol, the advantageous direction protocol yields more interpretable and meaningful results, thereby underscoring the crucial role of explainability in deep learning models. Our approach offers novel insights for the development of interpretable machine learning-based traffic control algorithms. The broader implication of this study emphasizes the importance of addressing communication feasibility in large-scale traffic control systems, illuminating the path toward more efficient, scalable traffic control solutions.",,0,2023 IEEE 26th International Conference on Intelligent Transportation Systems (ITSC),"Department of Electrical Engineering and Computer Sciences and the Department of Civil and Environmental Engineering, University of California, Berkeley, CA, USA",iee_rob_be
IEEE Xplore,4609643,10.1109/CCCM.2008.384,Conferences,Interdisciplinary Innovative Education Based on Modular Robot Platform,Li Xuemei; Xu Gang,2008,"Mobile robotics has been used widely in education as a learning tool, as it provides a motivating and interesting tool to perform laboratory experiments within the context of mechatronics, electronics, microcomputer, and control. Lego Mindstorms has been successfully applied at introductory level. However, the number of I/O ports and the processing capacities is very limited and thus is inappropriate for advanced classes at universities. This paper presents the concepts of our modular security and patrol robot with the characteristics of scalability, modularity, flexibility and easy operation. The robot innovative platform made it possible for the students to practice and learn many necessary skills, like collaboration, cognitive skills, self-confidence, perception, and spatial understanding. Interdisciplinary innovative education based on modular robot platform focuses on developing creativity, collaboration, practicing skill, innate ability and personality instead of just imparting knowledge. It is student-oriented and career-oriented. The encouraging results demonstrate that students learn to design and give creative solution to given problems from an interdisciplinary point of view.",,4,"2008 ISECS International Colloquium on Computing, Communication, Control, and Management","Institute of built Environment and control, Zhongkai University of Agriculture and Engineering, Guangzhou, Guangdong, China",iee_rob_be
IEEE Xplore,10642229,10.1109/IGARSS53475.2024.10642229,Conferences,THETIDA: Enhanced Resilience and Sustainable Preservation of Underwater and Coastal Cultural Heritage,Panagiotis Michalis; Claudio Mazzoli; Vassilia Karathanassi; Deniz Ikiz Kaya; Flavio Martins; Michele Cocco; Anaïs Guy; Angelos Amditis,2024,"The THETIDA project addresses climate change threats, utilizing a holistic approach to safeguard Europe’s coastal and underwater cultural heritage. Employing environmental modeling for specific climate change scenarios, the project conducts quantitative and qualitative impact assessments, combining environmental and pollution analyses at seven pilot sites across Europe. The developed and deployed technology includes sensors, satellite image processing, smart buoys, AUVs, wearables and crowdsourcing applications supported by ocean forecasting and hazard mapping services. The obtained datasets inform adaptive strategies through a Decision Support System with enhanced visualization capabilities and aim to support sustainable plans for cultural heritage preservation and resilient, climate-neutral policies.",,0,IGARSS 2024 - 2024 IEEE International Geoscience and Remote Sensing Symposium,"Institute of Communications and Computer Systems (ICCS), Athens, Greece",iee_rob_be
IEEE Xplore,11205488,10.1109/MWC.2025.3602932,Magazines,Graph-Based Digital Twin Blueprint for Securing 6G Local Area Networks,Yagmur Yigit; Berk Canberk,2025,"The rise of sixth-generation (6G) wireless technologies is expected to transform local connectivity through ultra-low latency communication, autonomous network management, and massive device integration. Among these, 6G Local Area Networks (LANs) are emerging as key enablers for smart homes and industrial automation, offering decentralised and intelligent control at the network edge. However, it introduces critical security requirements. Traditional intrusion detection methods, based on static rules and signatures, are limited in addressing dynamic device interactions, strict latency constraints, and increasingly stealthy cyberattacks expected in 6G LANs. To overcome these limitations, this work introduces a graph-based security framework using digital twins (DTs) designed for 6G LANs. The proposed solution integrates three core components. First, a graph-based anomaly detection module models the real-time network structure using GraphSAGE and Graph Attention Networks (GAT) to enable efficient and context-aware threat identification. Second, an explainability module based on Shapley Additive Explanations (SHAP) provides transparent decision-making and introduces a confidence-aware mechanism to autonomously or collaboratively handle detected threats. Third, a self-healing module applies mitigation actions dynamically, enabling fast, adaptive, and explainable responses while allowing human oversight when needed. The effectiveness of the framework is validated through extensive experiments on a 6G LAN testbed and an external dataset. Results show that our solution reduces end-to-end detection latency by up to 63%, lowers mitigation reaction time by 55%, and decreases processing overhead by 20%, while improving detection accuracy by up to 25% compared to conventional methods. These results highlight the practical benefits of using DTs for real-time and explainable 6G LAN security. Our work offers a scalable and locally deployable solution that meets the performance and transparency needs of emerging autonomous networks.",,1,IEEE Wireless Communications,"School of Computing, Engineering and the Built Environment, Edinburgh Napier University, Edinburgh, U.K.",iee_rob_be
IEEE Xplore,6844071,10.1109/EVER.2014.6844071,Conferences,Optimal sizing of PV system and energy management in Buildings,Salim Haddad; Abderrezak Metatla; Samia Benzahioul,2014,"The Photovoltaic is the future's solution for the electrical energy production. This is why; it deserves to be a little more exploited than now. It is an energy which allows an autonomous production of electricity, an economy of fossil fuels and thus the reduction of gas emissions as well as the reduction of the atmospheric pollution. Building is considered as encouraging potential of energy saving and a lot of researches have been developed in this topic. This paper focuses on Energy Management System for the optimal sizing of sources and for the optimal plan of energy in Mechanics Engineering Department Building at Skikda University. Determining the optimal area of a PV installation, the optimal battery installation size, and the minimum power to be contracted with the electricity provider are developed. This optimal sizing allows obtaining the return of the investment costs of the installation and gains from selling the exceeding electricity, which is locally produced.",,0,2014 Ninth International Conference on Ecological Vehicles and Renewable Energies (EVER),"Faculty of Technology Universite, Skikda, Algeria",iee_rob_be
IEEE Xplore,7508851,10.1109/MPRV.2016.56,Magazines,Displays as a Material: A Route to Making Displays More Pervasive,David Sweeney; Nicholas Chen; Steve Hodges; Tobias Grosse-Puppendahl,2016,"For digital displays to become more pervasive, they need to have the properties of materials like textiles and plastic film. Moving away from the row-column addressing architecture that dominates traditional displays, the authors propose an architecture that relies on autonomous pixels - that is, pixels that independently sense input and convert it to a corresponding visual output. Two different prototypes reveal the challenges and potential of autonomous pixels, highlighting how digital displays supplied as a flexible material can help foster the development of various new applications. This department is part of a special issue on pervasive displays.",,10,IEEE Pervasive Computing,Microsoft Research,iee_rob_be
IEEE Xplore,9942783,10.1109/ISWTA55313.2022.9942783,Conferences,Automatic Monitoring and Control System for Different Water Levels in Interconnected Multiple Twin Tanks with Dry Run Protection Using Microprocessor Orange Pi,Mehak Mubarik; Aaqib Raza; Haroon Rashid; Aznilinda Zainuddin; Zatul Iffah Abd Latiff,2022,"The proposed system effectively controlled and monitored the water level of the dual tank system with efficient dry-run protection to prevent the motor from burning out and avoid wastage of electricity in case of no water. An Orange Pi was used to test its working and ability to control and monitor a real-time system as no prior research is done on a dual water tank control system using Orangepi SBC. Due to COVID-19, millions of people's financial condition has worsened, which is why an initiative is taken to use the cheap board for making prototypes and moving towards PLCs after the desired outcomes. This research aims to provide a system at cheaper rates to handle large water tanks. This system is very efficient and valuable in dams, tanks, purifiers, and water containers. The proposed system also has dry run protection to avoid wastage of electricity in case of no water. The research is an advancement in automation in real-time virtual monitoring and different water level control systems. This research makes life more comfortable because real-time monitoring with a water control system reduces water wastage, leading to the complete modern solution of the problems.",,1,2022 IEEE Symposium on Wireless Technology & Applications (ISWTA),"Electrical Engineering Department, Lahore College for Women University, Lahore, Lahore, Pakistan",iee_rob_be
IEEE Xplore,5560218,10.1109/IOLTS.2010.5560218,Conferences,Concepts for fault tolerant sensor systems,A. Richardson,2010,"The integration of sensor technology into SiP and miniaturized 3D assemblies is now active and following policy trends and roadmaps often promoted through the ""More than Moore"" concept, championed by initiatives such as ITRS and the EU Framework programs. These trends open important applications for intelligent autonomous sensor networks and ambient intelligence in sectors including energy, security, transport, civil infrastructure and the environment. Reliability and dependability tends to be crucial for the majority of emerging products in this area. This presentation will look at current and emerging technologies that can contribute to fault tolerance in miniaturized sensor enabled systems. The presentation will identify existing self-test and condition monitoring strategies and discuss the possibility of extending these technologies to full prognostics. Applications in autonomous Health and Usage Monitoring systems will also be discussed.",,0,2010 IEEE 16th International On-Line Testing Symposium,"Department of Engineering, Lancaster University, Lancaster, UK",iee_rob_be
IEEE Xplore,10342505,10.1109/IROS55552.2023.10342505,Conferences,Material-Agnostic Shaping of Granular Materials with Optimal Transport,Nikhilesh Alatur; Olov Andersson; Roland Siegwart; Lionel Ott,2023,"From construction materials, such as sand or asphalt, to kitchen ingredients, like rice, sugar, or salt; the world is full of granular materials. Despite impressive progress in robotic manipulation of single objects, granular materials remain a challenge due to difficulties in modelling these highly deformable and inhomogeneous materials, which are governed by dynamics that are hard to capture analytically. We argue that despite the high degrees of freedom and the complex underlying dynamics of granular materials, many practical problems that require manipulating them can be solved by leveraging simple models, informative motion priors, and a fast feedback loop. In this work, we show that computational Optimal Transport (OT) can be leveraged to derive informative, robot-agnostic motion priors for transforming a pile of granular materials from a source into a target distribution and generate robot motion plans with a next-best sweep planner that uses a simple material-agnostic sweep model. We plan sweeps directly on a height map representation of the material distribution and hence avoid a costly particle-level treatment of the problem. We validate our approach with a large set of simulation and hardware experiments that demonstrate several complex shaping tasks, including gathering, separating, and writing letters with different types of granular materials.",,1,2023 IEEE/RSJ International Conference on Intelligent Robots and Systems (IROS),"Autonomous Systems Lab, ETH Zurich, Switzerland",iee_rob_be
IEEE Xplore,10266126,10.1109/ISCER58777.2023.00054,Conferences,Research on Simulating Application of Artificial Intelligence in Aerospace Field,Fei Yuan; Xiaozhong Shen; Jiawei Wu; Weilin Yang,2023,"The project relies on the intelligent mechanical arm and omnidirectional intelligent mobile car developed by Yuejiang Technology Co., LTD to simulate the space missions such as spaceship departure, astronaut exit, material handling, base station construction, astronaut return and spaceship return, and integrates multiple technologies such as autonomous control of mechanical arm, path planning of unmanned vehicle, AI identification and sensor technology. The research of the project has a certain role in promoting the promotion of AI in higher vocational education, and also has a certain reference significance for the application of AI in aerospace, logistics and other fields.",,2,2023 2nd International Symposium on Control Engineering and Robotics (ISCER),"School of Intelligent Equipment and Automotive Engineering, WuXi Vocational Institute of Commerce, Wuxi, China",iee_rob_be
IEEE Xplore,11253915,10.1109/ICA65945.2025.11253915,Conferences,The Application of Ecological Acoustic Indices to Identify The Dominant Sound Components in Soundscape Recording,Anugrah Sabdono Sudarsono; Peni Tyas Widyati; Sentagi Sesotya Utami; Miranti Indar Mandasari; Sugeng Joko Sarwono,2025,"Acoustic indices are quantitative measures used to characterize soundscapes, providing a powerful toolkit for researchers to assess ecological integrity and monitor environmental dynamics. Acoustic indices have diverse applications in ecological research and environmental monitoring, such as assessing biodiversity, monitoring habitat degradation, climate change, and anthropogenic noise pollution on wildlife, and evaluating parameter changes over time. This study aims to identify the implementation of acoustic indices for identifying dominant sound components in a recording, exploring their potential in identifying these components according to biophony, geophony, and anthrophony.This study uses acoustic recordings from Wanagama Forest, a designated conservation and education forest in Gunung Kidul, Yogyakarta, Indonesia. The recordings were taken using an IoT-based autonomous recording device and classified manually into three categories: biophony, geophony, and anthrophony. Acoustic indices such as Acoustic Complexity Index (ACI), Acoustic Diversity Index (ADI), Acoustic Evenness Index (AEI), Bioacoustic Index (BI), Acoustic Entropy Index (H), and Normalized Difference Soundscape Index (NDSI) were calculated using the Soundecology package. The study demonstrates the effectiveness of acoustic indices in characterizing and differentiating soundscapes based on their dominant sound. NDSI and BI are effective at separating biophony-dominated soundscapes; H is crucial in distinguishing geophony-dominated environments; and AEI and ACI shows better performance in differentiating anthrophony-dominated soundscapes.",,0,"2025 9th International Conference on Instrumentation, Control, and Automation (ICA)","Built Environment Performance Engineering Research Group, Institut Teknologi Bandung, Bandung, Indonesia",iee_rob_be
IEEE Xplore,11129804,10.1109/ICCA65672.2025.11129804,Conferences,DefectGPT: An Automatic Retrieval-Augmented Framework for Digital Twin-Based Defect Information Management and Analytics,Yijun Huang; Jihan Zhang; Xi Chen; Alan Lam; Ben M. Chen,2025,"Effective building defect management is vital for the operational safety, longevity, and resilience of modern highrise structures. However, traditional approaches often rely on a patchwork of inspection logs, manual measurements, and inconsistent documentation, which can complicate maintenance efforts and risk assessments. In this paper, we propose DefectGPT, a framework that integrates Digital Twin (DT) modeling, Retrieval-Augmented Generation (RAG), and Large Language Models (LLMs) to streamline the lifecycle defect inspection and management. The system collects multi-modal data from Unmanned Aerial Vehicle (UAV) flights, Building Information Models, and Geographic Information Systems (GIS) to build a comprehensive digital twin of a high-rise building. On top of this unified data model, a fine-tuned LLM performs contextaware retrieval and generation, providing defect-related insights and maintenance recommendations that are grounded in up-todate building data. Periodic field studies in Hong Kong demonstrates that this approach significantly enhances defect data retrieval precision and expedites decision-making workflows by leveraging domain-specific knowledge. These findings open new avenues for AI-driven building management, particularly in large-scale urban environments where efficient, robust, and explainable maintenance systems are increasingly essential.",,2,2025 IEEE 19th International Conference on Control & Automation (ICCA),"Department of Mechanical and Automation Engineering, The Chinese University of Hong Kong, Shatin, N.T., Hong Kong, China",iee_rob_be
IEEE Xplore,11162383,10.1109/ICCWorkshops67674.2025.11162383,Conferences,Impact of Frequency on Diffraction-Aided Wireless Positioning,Gaurav Duggal; Anand M. Kumar; R. Michael Buehrer; Harpreet S. Dhillon; Nishith Tripathi; Jeffrey H. Reed,2025,"This paper tackles the challenge of accurate positioning in Non-Line-of-Sight (NLoS) environments, with a focus on indoor public safety scenarios where NLoS bias severely impacts localization performance. We explore Diffraction MultiPath Components (MPC) as a critical mechanism for Outdoor-to-Indoor (O2I) signal propagation and its role in positioning. The proposed system comprises of outdoor Uncrewed Aerial Vehicle (UAV) transmitters and indoor receivers that require localization. To facilitate diffraction-based positioning, we develop a method to isolate diffraction MPCs at indoor receivers and validate its effectiveness using a ray-tracing-generated dataset, which we have made publicly available. Our evaluation across the FR1, FR2, and FR3 frequency bands within the 5G/6G spectrum confirms the viability of diffraction-based positioning techniques for next-generation wireless networks.",,1,2025 IEEE International Conference on Communications Workshops (ICC Workshops),"Bradley Department of Electrical and Computer Engineering, Wireless@VT, Virginia Tech, Blacksburg, VA, USA",iee_rob_be
IEEE Xplore,7412238,10.1109/ICSIPA.2015.7412238,Conferences,Autonomous industrial tank floor inspection robot,Wun Chen Lee; Abdullah Syafiq Abdul Salam; Mohd. Faisal Ibrahim; Ashrani A. Abd. Rahni; Abdullah Zawawi Mohamed,2015,"Many storage tanks used in industry are inspected manually in order to identify leakage and corrosion. This repetitive task can harm the operator as the operator has to expose themselves to danger inside the tank. The environment of the tank can be harmful because it might contain highly hazardous substances. Additionally, the manual inspection process also requires highly skilled operators for precision. This project proposes the use of an autonomous inspection robot to overcome this problem. The proposed robot is based on the TurtleBot with the Microsoft Kinect camera as a distance sensor. The MinnowBoard MAX board is used as the computing platform running the Robot Operating System (ROS) for tank floor mapping and navigation of the robot. The GMapping Simultaneous Localization and Mapping (SLAM) algorithm is used to do perform the mapping process. Evaluation was performed by comparison against physical measurement of the foyer of the Faculty of Engineering and Built Environment (FKAB) at Universiti Kebangsaan Malaysia (UKM). The results show that the GMapping algorithm is able to generate relatively accurate maps even with the low cost platform and will perform even better with more accurate sensors.",,6,2015 IEEE International Conference on Signal and Image Processing Applications (ICSIPA),"Department of Electrical, Universiti Kebangsaan Malaysia, Bangi, Selangor, Malaysia",iee_rob_be
IEEE Xplore,11380314,10.1109/OPTIMA67660.2025.11380314,Conferences,The Use of Optocouplers in Signal Formation and Transmission in Security Systems,Ulugbek T. Aliev; Yarashbek T. Yusupov; Asadbek U. Aliev,2025,"The paper discusses the use of optocouplers in forming and studying the ability of broadband radio signals to pass through obstacles made of various materials. An analysis of related works has been carried out. The main problems in signal transmission are considered. An autonomous optocoupler circuit for signalling the stoppage of a lift when it is switched off has been developed. When studying the propagation of broadband radio signals inside buildings through various reinforced concrete walls and elevator cabin walls made of iron plywood, signal levels were measured in a 9-storey residential building and corresponding graphs of dependence were constructed. The study obtained data on the influence of different materials on the propagation of broadband radio signals. Estimates were made of the passage of broadband Wi-Fi and LTE signals through various obstacles and between floors of the building.",,0,"2025 Optical Communication, Photonics, Telecommunications, and Intelligent Machine Applications (OPTIMA)","Department of Infocommunication Engineering, TUIT Named after Muhammad al-Khwarizmi, Tashkent, Uzbekistan",iee_rob_be
IEEE Xplore,10698325,10.1109/ICECET61485.2024.10698325,Conferences,Simulation and Analysis of BIPV Solar Panel Configuration on Building Facades,Yi-Jao Chen; Yu-Min Yang,2024,"To address environmental degradation and energy scarcity, developing diversified autonomous energy sources is crucial. The advent of Building Integrated Photovoltaic (BIPV) systems allows for the incorporation of photovoltaic modules into building exteriors, creating integrated solar systems. This study aims to enhance BIPV system efficiency on facades through simulation and analysis, evaluating various environmental conditions quantitatively and qualitatively. By considering installation costs, energy efficiency, and user demand, the research proposes optimal BIPV configuration strategies. The objective is to resolve previous BIPV design and integration challenges, establishing an effective BIPV design planning model for optimal simulation and analysis.",,0,"2024 International Conference on Electrical, Computer and Energy Technologies (ICECET","Dept. of Architecture, National Univerdity of Kaohsiung, Kaohsiung, Taiwan",iee_rob_be
IEEE Xplore,10471513,10.1109/ITEC-India59098.2023.10471513,Conferences,Design and Performance Study of LCC-LCC and LCC-S Compensation Network for Wireless Charging of EV Battery,C. Balaji; Venugopal R; Jayachitra Selvaraj; G. Balasundaram; A. Dominic Savio; Wei Hong Lim,2023,"This work aims to study the compensation techniques used in wireless power transfer for Electric Vehicle (EV) charging application. Though there are several topologies for wireless power conversion Dual Active Bridge (DAB) configuration, better suits with wireless power transfer for its bidirectionality, high power density, ease of implementation and so on. Compensation network enhances the performance of the DAB in providing the constant current (CC) or constant voltage (CV) according to the battery charging status. This paper details the study on the performance of LCC-LCC topology and LCC- S topologies. The design values of magnetic elements of the compensation network are calculated analytically. The LCC-LCC and LCC- S compensations implementation in DAB converter is simulated in MATLAB/Simulink. The results were obtained and compared with the symmetrical LCC and LCC- S compensation on the factors of efficiency, output power, transmitter current and receiver current.",,13,2023 IEEE International Transportation Electrification Conference (ITEC-India),"Dept. of Electrical and Electronics Engineering, SRM Institute of Science and Technology, Chennai, India",iee_rob_be
IEEE Xplore,11367011,10.1109/TCOMM.2026.3658388,Journals,Weighted Sum Rate Maximization for RIS-Mounted UAV-Aided Cell-Free ISAC Systems,Shanza Shakoor; Nguyen-Son Vo; Quang Nhat Le; Berk Canberk; Chao-Kai Wen; Hyundong Shin; Trung Q. Duong,2026,"This paper considers the cell-free integrated sensing and communication (CF-ISAC) networks utilizing reconfigurable intelligent surface (RIS)-mounted uncrewed aerial vehicles (UAVs). We aim to maximize the sum of weighted sum rate within the whole ISAC period by jointly optimizing access points (APs)’ transmit beamformings, RISs’ phase shifts, user-RIS association, and UAVs’ locations. To deal with a highly complex non-convex optimization problem, we propose an alternating optimization solution by decomposing the original problem into three subproblems. In particular, for optimizing APs’ transmit beamformings, RISs’ phase shifts, and user-RIS association, we convert the log-sum problem into a quadratically constrained quadratic programming problem using the Lagrangian dual principle and multi-ratio fractional programming. For optimizing UAVs’ locations, the successive convex approximation technique is used to transform it into a convex problem. Simulation results highlight the considerable performance advantage of the proposed network compared to benchmark schemes employing fixed RISs, without RIS-mounted UAVs (URISs), and collocated network with URISs.",,0,IEEE Transactions on Communications,"Department of Electrical and Computer Engineering, Memorial University, St. John’s, NL, Canada",iee_rob_be
IEEE Xplore,1189888,10.1109/ICIT.2002.1189888,Conferences,Path generation for articulated steering type vehicle using symmetrical clothoid,W. Yossawee; T. Tsubouchi; S. Sarata; S. Yuta,2002,"Autonomous trajectory following of a wheel loader is closely related to v-shape path planning. Given the desired initial position and orientation of the wheel loader as (x/sub 0/, y/sub 0/, /spl theta//sub 0/) and the desired final position and orientation as (x/sub truck/, y/sub truck/, /spl theta//sub truck/), successful v-shape path planning can be achieved by the derivations of 2 important parameters of the clothoid curve, k (sharpness) and s/sub m/ ( total distance of 1 clothoid curve) and determinations of the summit point of v-shape path, (x/sub e/,ye) and direction, /spl theta//sub e/.",,7,"2002 IEEE International Conference on Industrial Technology, 2002. IEEE ICIT '02.","Intelligent Robot Laboratory, University of Tsukuba, Tsukuba, Ibaraki, Japan",iee_rob_be
IEEE Xplore,4427752,10.1109/ICICIC.2007.119,Conferences,Agent Based Material Transfer Scheduling in Steel Works,Junji Kikuchi; Masami Konishi; Jun Imai,2007,"In steel works, locomotives are used to transport products between factories. To attain the stable production, it is necessary to make an appropriate route plan for transferring products between plants effectively and smoothly. However, in a large-scale transportation system of steel works, a lot of products with variety of specification and weight are are treated. As the result, calculation time to make route plan increases, and it is difficult to correspond to frequent transfer request. In this paper, product transfer route planning method in steel works using autonomous decentralized agent is proposed. In the proposal method, each locomotive is considered as an agent, and each locomotive makes the route plan autonomously. In route planning, the problem is to determine transfer route to minimize transportation time with avoiding the collision of locomotives. The entire route plan is cooperatively optimized by each agent repeating an individual optimization of route plan and information exchange.",,1,"Second International Conference on Innovative Computing, Informatio and Control (ICICIC 2007)","Department of Electrical and Electronic Engineering, The Graduate School of Natural Science and Technology, Okayama University, Okayama, Okayama, Japan",iee_rob_be
IEEE Xplore,9919829,10.1109/ACCESS.2022.3214852,Journals,Service-Oriented LSTM Multi-Criteria RAT Selection Scheme for Vehicle-to-Infrastructure Communication,Mohammed Altahrawi; Nor Fadzilah Abdullah; Rosdiadee Nordin,2022,"The evolution towards future Intelligent Transportation Systems (ITS) is significantly influenced by enabling telematics and safety services for vehicular use-cases, especially for autonomous driving. These vehicular use-cases have their own network requirements, with a variety of instantaneous requirements and dynamic characterizations that make delivering data via a single Radio Access Technology (RAT) severely challenging. By utilizing current and future network context and vehicular use-case requirements, the RAT selection scheme must select the optimum network that guarantees the continuity and high throughput data transfer. Moreover, the consideration of on-time stochastic queue backlog of all use-cases in each RATs, while maximizing throughput is important for a reliable vehicular use-case deployment. In this paper, we developed a Service-Oriented Joint LSTM Multi-Criteria (SOLMC) RAT selection scheme for Vehicle-to-Infrastructure (V2I) networks. The objective of this scheme is to maximize the overall network throughput while reducing the current stochastic queue backlog in deployed RATs. LSTM prediction technique is used as a network filter process that rejects the worst channel quality before the initialization RAT selection scheme. Transmission capacity, connectivity time, data delivery cost, and queue backlog are the decision criteria in our proposed SOLMC RAT scheme. In particular, to characterize the importance of these criteria factors, we construct Analytical Hierarchy Process (AHP) for each use-case. Extensive simulations are carried out under different network context conditions. The results demonstrate that the SOLMC scheme can significantly achieve up to 47.5% network throughput maximization and 20.42% packet delivery ratio improvement, using lower queue length compared to nearest-RAT-based selection. In addition, implementing LSTM in SOLMC improves the total average throughput by up to 3.1% and 6% packet delivery ratio.",,13,IEEE Access,"Department of Electrical, Electronic and Systems Engineering, Faculty of Engineering and Built Environment, Universiti Kebangsaan Malaysia, Bangi, Malaysia",iee_rob_be
IEEE Xplore,11371832,10.1109/ICTMOD66732.2025.11371832,Conferences,Enhancing mobile crane reliability through Total Productive Maintenance insights,Mankopo Seabi Kgasago; Sunita Kruger; Jan-Harm Pretorius,2025,"This research study was aimed at investigating factors contributing to mobile crane breakdowns and assessing the alignment of the case company’s maintenance practices with Total Productive Maintenance (TPM) best practices. The research study was conducted at a company that owns, operates, and maintains a fleet of cranes using a single-case, mixed- methods approach. Maintenance data from the company’s database was analyzed, and surveys were administered to employees involved in crane maintenance and operation to gain deeper insights into the causes of mobile crane breakdowns and maintenance practices. The findings revealed that multiple factors, such as the age of the cranes, operator errors, and negligence, contributed to mobile crane breakdowns. Furthermore, the findings revealed that the case company’s maintenance practices are misaligned with TPM’s best practices in areas such as planned maintenance, autonomous maintenance, focused improvement, and early equipment management. The study provides recommendations for closing the identified gaps and optimizing maintenance practices in line with TPM principles.",,0,"2025 IEEE International Conference on Technology Management, Operations and Decisions (ICTMOD)","Faculty of Engineering & the Built Environment, University of Johannesburg, Johannesburg, South Africa",iee_rob_be
IEEE Xplore,9411639,10.1109/CSDE50874.2020.9411639,Conferences,Trajectory Tracking of a Quadrotor with Disturbance Rejection using Extended State Observer,Izzuddin Mat Lazim; Liyana Ramli; Abdul Rashid Husain; Aminurrashid Noordin; Mus’ab Sahrim; Ahmad ‘Athif M. Faudzi,2020,"The presence of external disturbances such as wind may affect the stability of a quadrotor during flight. This paper proposes a robust autonomous flight control of a feedback linearized quadrotor model with the presence of external disturbances by using the active anti-disturbance control (AADC) technique. In the inner-loop control, the feedback linearization technique is used to simplify the nonlinear and under-actuated quadrotor dynamics into the corresponding linear representation. In the outer-loop control, the AADC technique using extended state observer (ESO) and state feedback is proposed for trajectory tracking and disturbance rejection control of the quadrotor, respectively. Here, ESO estimates the external disturbances by using only the output of the system. To evaluate the effectiveness of the proposed controller, simulations of the quadrotor were carried in which the results obtained show the advantage of the proposed control algorithm for hovering and trajectory tracking of the quadrotor.",,0,2020 IEEE Asia-Pacific Conference on Computer Science and Data Engineering (CSDE),"Department of Electrical & Electronic Engineering, Faculty of Engineering & Built Environment, Universiti Sains Islam Malaysia, N. Sembilan, Malaysia",iee_rob_be
IEEE Xplore,6197488,10.1109/PerComW.2012.6197488,Conferences,MCMC-based indoor localization with a smart phone and sparse WiFi access points,Yan Liu; Qiang Wang; Junbin Liu; Tim Wark,2012,"We present a novel indoor localization approach using a pocket-placed smart phone and sparsely deployed WiFi access points (APs). Position information of a person carrying a smart phone can typically be obtained by two means: dead-reckoning(DR) based on local inertial sensors measurements and WiFi fingerprinting (FP). While a number of methods have been developed to fuse these two types of position information, due to extended training requirements in FP, their approaches suffer from limited practicality in most applications. To overcome some of the limitations of previous approaches, we propose to apply Markov Chain Monte Carlo (MCMC) sampling to fuse the local inertial measurements and the received signal strengths from nearby WiFi APs. MCMC technique can provide high accurate probability distribution inference. The performance of our proposed method is benchmarked using previous state-of-the-art through simulations as well as a real experiment in a typical office environment.",,17,2012 IEEE International Conference on Pervasive Computing and Communications Workshops,"Department of Control Science and Engineering, Harbin Institute of Technology, Harbin, China",iee_rob_be
IEEE Xplore,10518170,10.1109/TSG.2024.3396470,Journals,A New Composite Control Strategy for Large-Signal Stabilization of Constant Power Loads in Islanded AC Microgrids,Xitong Niu; Chuanlin Zhang; Yue Qu; Xiaoyu Wang; Hongwei Li,2024,"Large operating range in an islanded AC microgrid feeding constant power loads (CPLs) will cause both the severe amplitude wave and harmonic distortion of the bus voltage. This paper proposes a new composite control strategy to realize the large-signal stabilization for an islanded AC microgrid feeding CPLs. Firstly, a three-phase inverter system feeding CPLs is constructed in a dq rotating coordinate form. Secondly, the nonlinear disturbance observer technique is introduced to accurately and simultaneously estimate the current of the CPLs and coupling interactions, serving as feed-forward compensations for the AC bus voltage controller. Then a composite strategy can be designed by executing a feedback domination procedure. For the issue of voltage regulation under the large variation of CPLs and control targets, the proposed control strategy exhibits three merits: large-signal stability, fast performance recovery ability and concise control form. The tuning process of the control parameters are illustrated in the simulation. The effectiveness and priority of the proposed strategy are demonstrated by abundant of hardware-in-loop (HIL) and experimental results.",,12,IEEE Transactions on Smart Grid,"Intelligent Autonomous Systems Laboratory, Shanghai University of Electric Power, Shanghai, China",iee_rob_be
IEEE Xplore,9257243,10.1109/ICCC49264.2020.9257243,Conferences,Filtering Methods for Indoor Magnetic Compass,László Árvai; Szilvia Homolya,2020,"The compass is an essential part of any indoor localization system. Many indoor localization systems use smart phone as a hardware platform and they are all equipped with the appropriate magnetic field sensor. As their outdoor counterpart the indoor compass applications are relies on sensing the Earth magnetic field for determining the direction of the magnetic north pole. However, the indoor magnetic field is very inhomogeneous since the metallic structures used in the building construction significantly distorts the magnetic field inside the building. Therefore, the magnetic compass alone is not precise and reliable in indoor environment. To achieve expectable precision several compensations, fine-tuned filtering methods needs to be applied and other information coming from the positioning, motion detection system needs to combined with the magnetic heading information. This article analyses the most significant magnetic compass errors in indoor environment and proposes filtering and error correcting methods together with their tuning methodology.",,2,2020 21th International Carpathian Control Conference (ICCC),"Department of System Development, Bay Zoltán Nonprofit Ltd. for Applied Research, Miskolc, Hungary",iee_rob_be
IEEE Xplore,10835232,10.1109/TCCN.2025.3527719,Journals,GenTwin: Generative AI-Powered Digital Twinning for Adaptive Management in IoT Networks,Kubra Duran; Hyundong Shin; Trung Q. Duong; Berk Canberk,2025,"The dramatic increase in smart services makes adaptive management of communication networks more critical. Especially for Internet of Things (IoT) networks, adaptive management faces several challenges, like fluctuating network conditions, heterogeneity in data sources, and rapid response capabilities. These challenges lead to performance degradation and data losses in IoT applications if not handled. Even though traditional AI algorithms are applied in most network topologies, they fall short of handling these adaptive management challenges without requiring additional software developments. Therefore, we propose a Generative AI-powered Digital Twinning (GenTwin) framework to create digital twin models with generative AI algorithms. In this framework, we design two novel mechanisms: Priority Pooling and Twin Adapter. Priority Pooling is to extract the dynamic relations within the topology before performing model training. We theoretically formulate the priority levels and corresponding weights with a novel presence parameter to present a modular architecture to increase training efficiency. The Twin Adapter is to interact with the GAI architecture and fine-tune the model for the adaptive twin modelling task in IoT networks. After creating the adaptive twin models, we test the rapid response capabilities of GenTwin with what-if analysis. According to our simulation results, we note that the proposed pooling mechanism extracts the data relations 19% more by enhancing the training accuracy. In addition, we show that GenTwin surpasses the traditional twin performance in terms of rapid response capabilities by reducing the response time 53% when the dynamicity is maximum.",,17,IEEE Transactions on Cognitive Communications and Networking,"School of Computing, Engineering and Built Environment, Edinburgh Napier University, Edinburgh, U.K.",iee_rob_be
IEEE Xplore,10244507,10.1109/OCEANSLimerick52467.2023.10244507,Conferences,Embedded Port Infrastructure Inspection using Artificial Intelligence,Nicolas Vigne; Rémi Barrère; Benjamin Blanck; Florian Steffens; Ching Nok Au; James Riordan; Gerard Dooly,2023,"This paper is related to the H2020 RAPID project, focusing on the AI automated monitoring of critical port infrastructure such as concrete structure. An important objective in RAPID was to translate a technical expertise of labelling cracks into a UAV real-time embedded solution based on deep neural networks. The efficiency of a deep learning algorithm is highly dependent on the data used for training, and this paper illustrates the fact that the use of open-source data is not sufficient. An intensive collaboration between neural network and industry experts made it possible to obtain a relevant data set of sufficient size to carry out quality training. This collaborative work also allowed the definition of ground truths, necessary for the validation of the detection system. In this paper, we provide a definition of the useful metrics and objectives for the algorithms in accordance with the complexity of the cracks and their environment, used to identify the best neural network in terms of efficiency, and performance to embed it on a UAV. Our research then focused on the hardware platform that could be used as an onboard computer for the drone, considering Size, Weight and Power (SWaP) constraints. We applied optimization methods to reduce the latency of our models while maintaining high accuracy. These techniques allowed us achieve a state-of-the-art detection rate while complying with the real-time requirements of the overall system, and the need to increase productivity of mission inspections in a port environment through high-speed inferences.",,3,OCEANS 2023 - Limerick,"THALES Research & Technology, Palaiseau, France",iee_rob_be
IEEE Xplore,9328416,10.1109/ACCESS.2021.3052930,Journals,Capillary Pick-and-Place of Glass Microfibers,Bo Chang; Bin K. Wang; Jia L. Jin; Quan Zhou,2021,"Microfibers are key components in construction of fiber-based materials, biomimetic materials, microsensors, and other fiber-based microstructures. Due to the scaling law, the adhesion forces such as van der Waals force or electrostatic force in the micro world play a more dominant role than the gravity, causing difficulties in precise pick-and-place of the micro objects. In this paper, we propose a capillary force-based pick-and-place method for handling microfibers. The method combines the typical robotic transportation technique and capillary gripping method to achieve fast and accurate pick-and-place of microfibers. We quantitatively analyzed the critical conditions for capillary pick-up and placement of microfibers and validated the technique experimentally. The theoretical analysis indicates that both pick-up and the placement of microfibers are largely dependent on the contact length on the fiber or the contact angle of the meniscus on the substrate. The experimental results show that the microfibers can be reliably picked up from and placed on the substrate of different materials including paper tissue, glass, silicon, stainless steel, copper with droplet volume of 0.1 nL and 0.3 nL. We further applied the method to the placement of the microfibers on super hydrophilic-super hydrophobic grooves and studied its placement speed and accuracy. We demonstrated that microfiber can be placed in such grooves in less than 0.1 seconds, with linear placement accuracy of $10~\mu \text{m}$ and angular placement accuracy of 0.5°. The proposed method is fast and simple, and it is especially suitable for handling fragile and flexible micro sized objects and construction of fiber-based materials.",,9,IEEE Access,"School of Mechatronics Engineering, Shaanxi University of Science and Technology, Xi’an, China",iee_rob_be
IEEE Xplore,9342905,10.1109/GHTC46280.2020.9342905,Conferences,Smart City Innovations to Improve Quality of Life in Urban Settings,Tommy Persaud; Ugochi Amadi; Allison Duane; Bishoy Youhana; Khanjan Mehta,2020,"While definitions of a Smart City vary, they unequivocally emphasize improvement in the quality of life for citizens through approaches such as improved mobility and transportation systems, a more resilient built environment, or identifying and mitigating various kinds and sources of pollution. Ultimately, the characteristics of a Smart City are defined by its innovations. Motivated by the exponential growth in the number of large cities as well as their populations, municipal and regional governments worldwide have begun to implement smart innovations to manage everyday activities more efficiently. Smart city innovations range in scope, some more technological or data-oriented than others, but for all, the main goal is to effectively meet the evolving needs of its citizens. This paper discusses contemporary issues faced by cities, specifically those related to urban mobility and transportation, urban air pollution, quality of life, and accessibility for short-term visitors. Context-appropriate innovations that have successfully addressed some of these issues in different world regions are described with the overarching objective of inspiring and informing the next generation of smart city innovations.",,2,2020 IEEE Global Humanitarian Technology Conference (GHTC),"Office of Creative Inquiry, Lehigh University",iee_rob_be
IEEE Xplore,11448976,10.26599/JIC.2026.9180110,Journals,Learning Humanoid Locomotion Skills for Material Handling and Transportation in Construction Sites,Alamgir Hossain; Dingyuan Huang; Weizi Li; Jindong Tan; Shuai Li,2026,"The increasing demand for automation in construction necessitates robotic solutions that can address labor shortages, safety concerns, and efficiency challenges. Humanoid robots, with their human-like form factor, are particularly well-suited for traversing and operating in human-centric construction environments. We presented an integrated humanoid robotic framework designed for robust locomotion and payload transportation across diverse construction surfaces. Our system combines dynamic bipedal walking with effective payload-carrying mechanisms, enabling seamless transitions between surfaces such as flat ground, ramps, stairs, narrow beams, random obstacles, and irregular trenches while carrying loads of up to 9 lb. We employed a unified training approach using reinforcement learning to achieve stable locomotion and real-time adaptation of walking styles based on the surface conditions. Experimental results demonstrate that our framework enables continuous locomotion at speeds up to 0.42 m/s across complex construction environments, showcasing the potential of humanoid robots in construction logistics.",,0,Journal of Intelligent Construction,"Min H. Kao Department of Electrical Engineering and Computer Science, University of Tennessee, Knoxville, TN, USA",iee_rob_be
IEEE Xplore,7091497,10.1109/SPICES.2015.7091497,Conferences,Performance analysis of photovoltaic powered dc motor — Propeller system,Mohan Kolhe; Ozcan Atlam; Tariq Muneer; Sushovit Kant Adhikari,2015,"The application of autonomous directly photovoltaic (PV) powered electro-mechanical has received increasing attention for different applications (e.g. PV water pumping, PV powered cooling of arid climate greenhouses, solar vehicles etc). The PV array output is a nonlinear and time-dependent power supply that varies with solar intensity and cell temperature, so the performance characteristics of the directly PV-powered DC motor - propeller system are very different than when powered by a constant DC voltage. The focus of this work is to do performance analysis of directly PV-powered DC motor - propeller system. Through performance evaluation, it has been observed that power transfer matching, with respect to the maximum power points of the PV module and the operating points of the DC PM motor - propeller, mainly depend on the load parameters, DC motor parameters. The matching can be improved by selecting appropriate parameters of the DC motor and propeller load. In designing a DC motor (for directly PV powered system), it is very important to consider the PV array's locus of maximum operating points for a particular propeller load application. This analysis will be useful in developing a directly PV powered aerodynamic systems.",,2,"2015 IEEE International Conference on Signal Processing, Informatics, Communication and Energy Systems (SPICES)","Faculty of Engineering and Science, University of Agder, Norway",iee_rob_be
IEEE Xplore,8784043,10.1109/ACCESS.2019.2932462,Journals,ControCity: An Autonomous Approach for Controlling Elasticity Using Buffer Management in Cloud Computing Environment,Mostafa Ghobaei-Arani; Alireza Souri; Thar Baker; Aseel Hussien,2019,"Cloud computing has been one of the most popular distributed computing paradigms. Elasticity is a crucial feature that distinguishes cloud computing from other distributed computing models. It considers the resource provisioning and allocation processes can be implemented automatically and dynamically. Elasticity feature allows cloud platforms to handle different loads efficiently without disrupting the normal behavior of the application. Therefore, providing a resource elasticity analytical model can play a significant role in cloud resource management. This paper presents Controlling Elasticity (ControCity) framework for controlling resources elasticity through using “buffer management ” and “elasticity management ”. In the proposed framework, there are two essential components called buffer manager and elasticity manager in the application layer and middleware layer, respectively. The buffer management controls the input queue of the user's request and the elasticity management controls the elasticity of the cloud platform using learning automata technique. In the application layer, applications are received by cloud applications and, then, placed in the control of the buffer. Buffer manager controls the queue of requests, and elasticity manager of the middleware layer using the learning automata provides a solution for controlling the elasticity of the cloud platform. The experimental results indicate that the ControCity reduces the response time by up to 3.7%, and increases the resource utilization and elasticity by up to 8.4% and 5.4%, respectively, compared with the other approaches.",,58,IEEE Access,"Young Researchers and Elite Club, Qom Branch, Islamic Azad University, Qom, Iran",iee_rob_be
IEEE Xplore,8990178,10.1109/ACCESS.2020.2969750,Journals,Impact of Relay Location of STANC Bi-Directional Transmission for Future Autonomous Internet of Things Applications,Shujaat Ali Khan Tanoli; Syed Aziz Shah; Muhammad Bilal Khan; Faiza Nawaz; Amir Hussain; Ahmed Y. Al-Dubai; Imran Khan; Syed Yaseen Shah; Ayoub Alsarhan,2020,"Wireless communication using existing coding models poses several challenges for RF signals due to multipath scattering, rapid fluctuations in signal strength and path loss effect. Unlike existing works, this study presents a novel coding technique based on Analogue Network Coding (ANC) in conjunction with Space Time Block Coding (STBC), termed as Space Time Analogue Network Coding (STANC). STANC achieves the transmitting diversity (virtual MIMO) and supports big data networks under low transmitting power conditions. Furthermore, this study evaluates the impact of relay location on smart devices network performance in increasing interfering and scattering environments. The performance of STANC is analyzed for Internet of Things (IoT) applications in terms of Symbol Error Rate (SER) and the outage probability that are calculated using analytical derivation of expression for Moment Generating Function (MGF). In addition, the ergodic capacity is analyzed using mean and second moment. These expressions enable effective evaluation of the performance and capacity under different relay location scenario. Different fading models are used to evaluate the effect of multipath scattering and strong signal reflection. Under such unfavourable environments, the performance of STANC outperforms the conventional methods such as physical layer network coding (PNC) and ANC adopted for two way transmission.",,4,IEEE Access,"Department of Electrical and Computer Engineering, COMSATS University Islamabad, Islamabad, Pakistan",iee_rob_be
IEEE Xplore,10160816,10.1109/ICRA48891.2023.10160816,Conferences,Towards Efficient Gas Leak Detection in Built Environments: Data-Driven Plume Modeling for Gas Sensing Robots,Wanting Jin; Faezeh Rahbar; Chiara Ercolani; Alcherio Martinoli,2023,"The deployment of robots for Gas Source Localization (GSL) tasks in hazardous scenarios significantly reduces the risk to humans and animals. Gas sensing using mobile robots focuses primarily on simplified scenarios, due to the complexity of gas dispersion, with a current trend towards tackling more complex environments. However, most state-of-art GSL algorithms for environments with obstacles only depend on local information, leading to low efficiency in large and more structured spaces. The efficiency of GSL can be improved dramatically by coupling it with a global knowledge of gas distribution in the environment. However, since gas dispersion in a built environment is difficult to model analytically, most previous work incorporating a gas dispersion model was tested under simplified assumptions, which do not take into consideration the impact of the presence of obstacles to the airflow and gas plume. In this paper, we propose a probabilistic algorithm that enables a robot to efficiently localize gas sources in built environments, by combining a state-of-the-art probabilistic GSL algorithm, Source Term Estimation (STE) with a learned plume model. The pipeline of generating gas dispersion datasets from realistic simulations, the training and validation of the model, as well as the integration of the learned model with the STE framework are presented. The performance of the algorithm is validated both in high-fidelity simulations and real experiments, with promising results obtained under various obstacle configurations.",,13,2023 IEEE International Conference on Robotics and Automation (ICRA),"Distributed Intelligent Systems and Algorithms Laboratory, School of Architecture, Civil and Environmental Engineering, Ecole Polytechnique Fédérale de Lausanne (EPFL), Lausanne, Switzerland",iee_rob_be
IEEE Xplore,10187308,10.1109/eIT57321.2023.10187308,Conferences,A Comparative Analysis of Two Deep Learning Neural Networks for Defect Detection in Steel Structures Using UAS,Rajrup Mitra; Amrita Das; Jack Heichel; Sattar Dorafshan; Naima Kaabouch,2023,"Steel is used in different infrastructural constructions. The durability and serviceability of steel made it more suitable than other construction materials. However, exposure to weather elements can cause defects in steel structures. Early detection and treatment of structural defects can prevent the structure from becoming more damaged and more expensive to repair. Corrosion resistance and fatigue strength in any steel structure can be influenced by defects such as patches, scratches, and coating erosion. Current methods to detect steel defects are based on manual visual inspection. Autonomous UAS imaging-based defect detection methods have shown promising results in terms of accuracy and time. This paper compares the performance of two deep learning models, InceptionResnetV2 and ResNet152V2, for detecting steel defects. These models were trained in transfer learning mode and tested on two different datasets, the Severstal dataset present on Kaggle and a dataset generated by the authors of this paper. The results show that ResNet152V2 outperforms InceptionResnetV2 with an average accuracy of 95% and a misdetection rate of 5%. Overall, both the models, ResNet152V2 and InceptionResNetV2, showed an improvement of 12.59% and 9.59%, respectively, compared to MobileNet used in a previous study, when all were trained and tested on the Severstal dataset.",,0,2023 IEEE International Conference on Electro Information Technology (eIT),"School of Electrical Engineering and Computer Science, University of North Dakota, Grand Forks, ND, USA",iee_rob_be
IEEE Xplore,8364068,10.1109/FMEC.2018.8364068,Conferences,Detection and prevention of Black Hole Attacks in IOT & WSN,Shoukat Ali; Muazzam A Khan; Jawad Ahmad; Asad W. Malik; Anis ur Rehman,2018,"Wireless Sensor Network is the combination of small devices called sensor nodes, gateways and software. These nodes use wireless medium for transmission and are capable to sense and transmit the data to other nodes. Generally, WSN composed of two types of nodes i.e. generic nodes and gateway nodes. Generic nodes having the ability to sense while gateway nodes are used to route that information. IoT now extended to IoET (internet of Everything) to cover all electronics exist around, like a body sensor networks, VANET's, smart grid stations, smartphone, PDA's, autonomous cars, refrigerators and smart toasters that can communicate and share information using existing network technologies. The sensor nodes in WSN have very limited transmission range as well as limited processing speed, storage capacities and low battery power. Despite a wide range of applications using WSN, its resource constrained nature given birth to a number severe security attacks e.g. Selective Forwarding attack, Jamming-attack, Sinkhole attack, Wormhole attack, Sybil attack, hello Flood attacks, Grey Hole, and the most dangerous BlackHole Attacks. Attackers can easily exploit these vulnerabilities to compromise the WSN network.",,40,2018 Third International Conference on Fog and Mobile Edge Computing (FMEC),"Department of Computing, National University of Sciences and Technology, Islamabad, Pakistan",iee_rob_be
IEEE Xplore,10949076,10.1109/ACCESS.2025.3557804,Journals,"Comprehensive Energy Efficiency Analysis in Buildings Using Drone Thermal Imagery, Real-Time Indoor Monitoring, and Deep Learning Techniques",Koundinya Challa; Issa W. AlHmoud; A. K. M. Kamrul Islam; Corey A. Graves; Balakrishna Gokaraju,2025,"This paper presents a comprehensive approach to building energy efficiency analysis by integrating outdoor drone thermal imagery with real-time indoor heat envelope monitoring using deep learning techniques. The study builds upon our previous work that employed a YOLOv4 model to identify heat envelopes from drone-captured thermal images. To enhance the scope and robustness of the analysis, we introduce a complementary indoor monitoring system that utilizes a thermal camera for capturing real-time images of interior building spaces. Due to the scarcity of labeled indoor thermal data, we employ web scraping techniques to collect a diverse dataset for model training. The trained model is then evaluated on real-time indoor thermal images, demonstrating its effectiveness in identifying heat envelopes and potential energy inefficiencies. The combination of outdoor and indoor monitoring provides a holistic view of building energy performance, enabling targeted interventions for improved efficiency. This research advances the field of energy efficiency analysis by leveraging state-of-the-art deep learning algorithms and diverse data sources, offering a scalable and data-driven approach to building energy management. The proposed methodology has significant implications for reducing energy consumption, costs, and environmental impact in both residential and commercial buildings.",,3,IEEE Access,"Department of Computational Data Science and Engineering, North Carolina A&T State University, Greensboro, NC, USA",iee_rob_be
IEEE Xplore,11107130,10.1109/MetroLivEnv64961.2025.11107130,Conferences,UAV Photogrammetry and OBIA Classification for Decay Mapping in Built Heritage,Maria Alicandro; Sara Zollini; Nicole Pascucci; Donatella Dominici,2025,"One of the first steps in the development of BIM (Building Information Model) for existing structure is linked to the acquisition and mapping of decay information. Currently, the most widely used practice is visual inspection carried out by experts in the field an based on visual inspection, that requires significant effort in terms of time, human resource and operational costs. To overcome many of the current challenges, the use of Unmanned Aerial Vehicle (UAV) photogrammetry combined with Object-Based Image Analysis (OBIA) techniques represents an innovative approach for non-invasive methodology for decay mapping. The paper presents the results of the integrated approach applied on two case study, differing in types of decay observed and materials. The first involves a building's façade mainly affected by crusts due to washout, and the second concerns a section of a concrete infrastructure, which is affected by different types of surface degradation (cracks, spalling, exposed bars and stains). The results were validated using different approaches in function of the decays observed: in the first case study a cross validation was performed and in the second one a confusion matrix from a ground truth was extracted. The results show satisfactory performance on the OBIA classification in both case study. The methodology developed overcomes some limitations of traditional methods and, the obtained maps, can be integrated in BIM models to enrich the informative content and subsequently support the development of strategies for improving the energy efficiency of the built environment.",,0,2025 IEEE International Workshop on Metrology for Living Environment (MetroLivEnv),"Department of Civil, Construction-Architectural and Environmental Engineering, University of L'Aquila, L'Aquila, Italy",iee_rob_be
IEEE Xplore,6637019,10.1109/JSYST.2013.2283955,Journals,Multipoint Haptic Mediator Interface for Robotic Teleoperation,Quan-Zen Ang; Ben Horan; Saeid Nahavandi,2015,"Despite recent advances in artificial intelligence and autonomous robotics, teleoperation can provide distinct benefits in applications requiring real-time human judgement and intuition. However, as robotic systems are increasingly becoming sophisticated and are performing more complex tasks, realizing these benefits requires new approaches to teleoperation. This paper introduces a novel haptic mediator interface for teleoperating mobile robotic platforms that have a variety of manipulators and functions. Identical master-slave bilateral teleoperation of the robotic manipulators is achieved by representing them in virtual reality and by allowing the operator to interact with them using a multipoint haptic device. The operator is also able to command motions to the mobile platform by using a novel haptic interaction metaphor rather than a separate dedicated input device. The presented interaction techniques enable the operator to perform a wide range of control functions and achieve functionality similar to that of conventional teleoperation schemes that use a single haptic interface. The mediator interface is presented, and important considerations such as workspace mapping and scaling are discussed.",,11,IEEE Systems Journal,"School of Engineering, Faculty of Science, Engineering and Built Environment, Deakin University, Geelong, VIC, Australia",iee_rob_be
IEEE Xplore,10615338,10.1109/ICCWorkshops59551.2024.10615338,Conferences,An Intelligent Digital Twin Model for Attack Detection in Zero-Touch 6G Networks,Burcu Bolat-Akça; Elif Bozkaya-Aras; Berk Canberk; Bill Buchanan; Stefan Schmid,2024,"The rapid adoption of Internet of Things (IoT) services and the increasingly stringent dependability and performance requirements are transforming next-generation wireless network management towards zero-touch 6G networks. Zero-touch management is also particularly attractive in the context of smart industrial production (Industry 5.0) as it allows more autonomous control over all operations without human intervention. However, such a paradigm requires real-time remote monitoring and control throughout the life cycle of all physical entities. Against this backdrop, digital twin is a critical technology for Industry 5.0 and beyond for novel network automation solutions. A digital twin enables fine-grained monitoring, testing and experimentation by providing a model of its physical counterparts. In this regard, we propose a three-layered digital twin framework's architecture to effectively bridge the gap between the physical world and the digital world in zero-touch 6G networks. As a case study, we consider an intelligent digital twin model to detect cyber attacks, such as brute force, web attacks, and DDoS attacks. However, an excessive increase in data volume requires exploratory efforts for efficient and scalable attack detection. In addition, due to the insufficient annotation and imbalanced distribution of classes, challenges are introduced regarding the achievable accuracy. To address these issues, we propose the use of Long Short-Term Memory Network (LSTM) with the combination of the Synthetic Minority Over-sampling Technique (SMOTE) for attack detection for the new and unseen samples with the assistance of digital twin. We also analyze samples within the cluster and eliminate samples that are somewhere between the clusters and negatively affect the final accuracy by silhouette score. Extensive experiments show that our proposed intelligent digital twin model for attack detection improves the accuracy performance.",,6,2024 IEEE International Conference on Communications Workshops (ICC Workshops),"Department of Computer Engineering, National Defence University Turkish Naval Academy, Istanbul, Turkey",iee_rob_be
IEEE Xplore,7832002,10.1109/ICInfA.2016.7832002,Conferences,A multi-layered path planning algorithm for truss climbing with a biped robot,Weinan Chen; Shichao Gu; Yisheng Guan; Hong Zhang; Guanfeng Liu; Hui Tang,2016,"Autonomous climbing is an essential function for a climbing robot to be applied in practical high-rise work. And for autonomous climbing, perception of climbing environment and planning of climbing path are two basic issues. Truss-style environment modeling and global path planning are still open for a biped climbing robot. In this paper, RGBD-SLAM is used to model truss-style climbing environment, in terms of pointcloud. Based on the model in pointcloud format, a multi-layered algorithm is presented to plan a global path along the poles in a truss. The algorithm can solve the problem of local optima and the discrete caused by pointcloud. The effectiveness of the modeling method and the planning algorithm is verified by experiments, where the time taken in the planning is less than 0.25s in a pointcloud model with 454411 nodes.",,5,2016 IEEE International Conference on Information and Automation (ICIA),"Biomimetic and Intelligent Robotics Lab (BIRL), Guangdong University of Technology, Guangzhou, Guangdong Province, China",iee_rob_be
IEEE Xplore,11456992,10.1109/MCOMSTD.2026.3672744,Early Access Articles,AI and Dependency Graph–Based Digital Twins for Context-Aware 6G Robotic Networks,Kubra Duran; Mehmet Ozdem; Kaushik Chowdhury; Berk Canberk,2026,"6G robotic networks demand highly context-aware and intelligent management to meet extreme performance requirements. These requirements become even more challenging with real-time control and autonomous decision-making scenarios of 6G robotic applications. However, traditional methods fail to provide context-awareness and enhanced cognitive capabilities to meet these requirements in a robotic network. Therefore, in this paper, we introduce a novel dependency graph-based Digital Twin (DT) framework to provide context-awareness and cognitive decision-making capabilities in robotic applications. In this framework, we design a Data Distribution Service (DDS)-based DT layer and a context-aware mediator layer, comprising a Global What-If Engine and an AutoML-based Decision Unit. The What-If Engine constructs four types of dependency graphs based on temporal, data, control, and performance-related information to represent relationships between robots, sensor inputs, and control triggers. Moreover, the AutoML-based Decision Unit selects the most successful algorithm based on the prediction error and scenario conditions. Experimental results demonstrate that our proposed framework provides real-time DT synchronisation under even high-density twin scenarios without computationally overloading the system. The proposed framework also achieves effective learning-based decision-making for regression and classification tasks in 6G robotic applications.",,0,IEEE Communications Standards Magazine,"School of Computing, Engineering and the Built Environment, Edinburgh Napier University, Edinburgh, U.K.",iee_rob_be
IEEE Xplore,4349562,10.1109/PICMET.2007.4349562,Conferences,Some Effects of a Human Resources Strategy on Total Productive Manufacturing (TPM) improvement,Pule A. Kholopane; Leon Pretorius; Alwyn Strauss,2007,"Total productive manufacturing (TPM) also addresses planned maintenance as well as autonomous maintenance that determine the maintenance requirement of machines in their operating context. This paper focuses on the effect of an integrated human resource strategy on total productive manufacturing (TPM) and assesses how the combination of the two can increase a firm's productivity. Some results of a South African manufacturing case study company in a unique environment are presented. The main conclusion reached in this paper is that when innovative human resources practices are applied properly, they will promote total machine system efficiency and hence increase the productivity of the company. As result TPM that does not normally focus on HR is taken to a higher level, whereby the additional human factor is taken into consideration. It suggests that operators should be nurtured and be well trained as part of the TPM focus, because they are the ones who are operating those machines with intimate knowledge. The limited research presented here as part of a doctoral thesis highlights some element of human resources practice that can be applied to enable operators to be efficient and productive as part of the TPM machine system.",,0,PICMET '07 - 2007 Portland International Conference on Management of Engineering & Technology,"Vaal University of Technology, South Africa",iee_rob_be
IEEE Xplore,10854503,10.1109/OJCOMS.2025.3534626,Journals,Advancing 6G: Survey for Explainable AI on Communications and Network Slicing,Haochen Sun; Yifan Liu; Ahmed Al-Tahmeesschi; Avishek Nag; Mohadeseh Soleimanpour; Berk Canberk; Hüseyin Arslan; Hamed Ahmadi,2025,"The unprecedented advancement of Artificial Intelligence (AI) has positioned Explainable AI (XAI) as a critical enabler in addressing the complexities of next-generation wireless communications. With the evolution of the 6G networks, characterized by ultra-low latency, massive data rates, and intricate network structures, the need for transparency, interpretability, and fairness in AI-driven decision-making has become more urgent than ever. This survey provides a comprehensive review of the current state and future potential of XAI in communications, with a focus on network slicing, a fundamental technology for resource management in 6G. By systematically categorizing XAI methodologies–ranging from modelagnostic to model-specific approaches, and from pre-model to post-model strategies–this paper identifies their unique advantages, limitations, and applications in wireless communications. Moreover, the survey emphasizes the role of XAI in network slicing for vehicular network, highlighting its ability to enhance transparency and reliability in scenarios requiring real-time decision-making and high-stakes operational environments. Real-world use cases are examined to illustrate how XAI-driven systems can improve resource allocation, facilitate fault diagnosis, and meet regulatory requirements for ethical AI deployment. By addressing the inherent challenges of applying XAI in complex, dynamic networks, this survey offers critical insights into the convergence of XAI and 6G technologies. Future research directions, including scalability, real-time applicability, and interdisciplinary integration, are discussed, establishing a foundation for advancing transparent and trustworthy AI in 6G communications systems.",,78,IEEE Open Journal of the Communications Society,"Institute for Safe Autonomy and School of Physics, Engineering and Technology, York, U.K.",iee_rob_be
IEEE Xplore,10976254,10.1109/JIOT.2025.3564157,Journals,Carbon-Aware Edge Computing for Internet of Everything Networks: A Digital Twin Approach,Dang Van Huynh; Saeed R. Khosravirad; Vishal Sharma; Joongheon Kim; Berk Canberk; Trung Q. Duong,2025,"The rapid growth of edge computing has enabled low-latency and high-efficiency processing for a wide range of applications; however, it also leads to significant energy consumption and carbon emissions. In this context, this study investigates a CO2 emission minimization problem in a digital twin-aided edge computing system, aiming to optimize task offloading decisions, transmit power, and processing rates of Internet of Things (IoT) devices. To address the formulated mixed-integer nonlinear programming problem, we propose two solutions: 1) an alternating optimization method based on the successive convex approximation framework and 2) a deep reinforcement learning (DRL) approach. Extensive simulations validate the effectiveness of the proposed solutions, demonstrating significant reductions in CO2 emissions, robust optimization performance, and superior results compared to benchmark schemes. The findings highlight the feasibility of integrating advanced optimization and artificial intelligence-driven techniques to achieve environmentally sustainable and high-performance edge computing systems, paving the way for greener technological innovation.",,6,IEEE Internet of Things Journal,"Faculty of Engineering and Applied Science, Memorial University, St. John’s, NL, Canada",iee_rob_be
IEEE Xplore,10531095,10.1109/OJVT.2024.3401024,Journals,Advancing UAV Communications: A Comprehensive Survey of Cutting-Edge Machine Learning Techniques,Chenrui Sun; Gianluca Fontanesi; Berk Canberk; Amirhossein Mohajerzadeh; Symeon Chatzinotas; David Grace; Hamed Ahmadi,2024,"This paper provides a comprehensive overview of the evolution of Machine Learning (ML), from traditional to advanced, in its application and integration into unmanned aerial vehicle (UAV) communication frameworks and practical applications. The manuscript starts with an overview of the existing research on UAV communication and introduces the most traditional ML techniques. It then discusses UAVs as versatile actors in mobile networks, assuming different roles from airborne user equipment (UE) to base stations (BS). UAV have demonstrated considerable potential in addressing the evolving challenges of next-generation mobile networks, such as enhancing coverage and facilitating temporary hotspots but pose new hurdles including optimal positioning, trajectory optimization, and energy efficiency. We therefore conduct a comprehensive review of advanced ML strategies, ranging from federated learning, transfer and meta-learning to explainable AI, to address those challenges. Finally, the use of state-of-the-art ML algorithms in these capabilities is explored and their potential extension to cloud and/or edge computing based network architectures is highlighted.",,62,IEEE Open Journal of Vehicular Technology,"School of Physics, Engineering and Technology, University of York, York, U.K.",iee_rob_be
IEEE Xplore,9991991,10.1109/ACCESS.2022.3230661,Journals,Review on Unmanned Aerial Vehicle Assisted Sensor Node Localization in Wireless Networks: Soft Computing Approaches,Visalakshi Annepu; Deepika Rani Sona; Chinthaginjala V. Ravikumar; Kalapraveen Bagadi; Mohammad Alibakhshikenari; Ayman A. Althuwayb; Bader Alali; Bal S. Virdee; Giovanni Pau; Iyad Dayoub; Chan Hwang See; Francisco Falcone,2022,"Node positioning or localization is a critical requisite for numerous position-based applications of wireless sensor network (WSN). Localization using the unmanned aerial vehicle (UAV) is preferred over localization using fixed terrestrial anchor node (FTAN) because of low implementation complexity and high accuracy. The conventional multilateration technique estimates the position of the unknown node (UN) based on the distance from the anchor node (AN) to UN that is obtained from the received signal strength (RSS) measurement. However, distortions in the propagation medium may yield incorrect distance measurement and as a result, the accuracy of RSS-multilateration is limited. Though the optimization based localization schemes are considered to be a better alternative, the performance of these schemes is not satisfactory if the distortions are non-linear. In such situations, the neural network (NN) architecture such as extreme learning machine (ELM) can be a better choice as it is a highly non-linear classifier. The ELM is even superior over its counterpart NN classifiers like multilayer perceptron (MLP) and radial basis function (RBF) due to its fast and strong learning ability. Thus, this paper provides a comparative review of various soft computing based localization techniques using both FTAN and aerial ANs for better acceptability.",,45,IEEE Access,"School of Electronics Engineering, Vellore Institute of Technology, Vellore, India",iee_rob_be
IEEE Xplore,10723779,10.1109/TC.2024.3483636,Journals,A Multi-UAV Cooperative Task Scheduling in Dynamic Environments: Throughput Maximization,Liang Zhao; Shuo Li; Zhiyuan Tan; Ammar Hawbani; Stelios Timotheou; Keping Yu,2025,"Unmanned aerial vehicle (UAV) has been considered a promising technology for advancing terrestrial mobile computing in the dynamic environment. In this research field, throughput, the number of completed tasks and latency are critical evaluation indicators used to measure the efficiency of UAVs in existing studies. In this paper, we transform these metrics to a single optimization objective, i.e., throughput maximization. To maximize the throughput, we consider realizing this goal in two respects. The first is to adapt the formation of the UAVs to provide cooperative computing service in a dynamic environment, we integrate a policy-based gradient algorithm and the task factorization network as a new reinforcement learning algorithm to improve the cooperation of UAVs. The second is to optimize the association process between UAVs and users, where the heterogeneity of tasks is considered. This algorithm is modified from the Gale-Shapley stability concept to optimize the appropriate association between tasks and UAVs in a dynamic time-varying condition to get the near-optimal association with few iterations. The scheduling of dependent tasks and independent tasks jointly also has to be considered. Finally, simulation results demonstrate the improvement of cooperation performance and the practicability of the association process.",,24,IEEE Transactions on Computers,"School of Computer Science, Shenyang Aerospace University, Shenyang, China",iee_rob_be
IEEE Xplore,10252690,10.1109/ICECCME57830.2023.10252690,Conferences,Development of Image Processing Techniques in Crack Detection and Analysis,Luqman Sulaiman Al Dhafari; Aftab Afzal; Raid Ibrahim Al Bahrani; Yahyah Al Busaidi; Akbar Sheikh-Akbari; Mohammad Sayeed Hossain,2023,"Inspection of aircraft skin is required as per the Corrosion Prevention and Control Program (CPCP) to ensure aircraft structural integrity. Human visual inspection is the most widely used technique in aircraft surface inspection, according to the CPCP. Scheduled inspections and regular maintenance of an aircraft through conventional methods constitute tedious and lengthy procedures. Often the visual inspections lead to subjective judgement and do not constitute repeatability. Many automated vision-based aircraft skin inspection systems have been designed to provide a safe, quick, and accurate visual assessment over the past years. This paper presents a section of research investigating defect detecting and accurately locating the outer body of an aircraft using an Unmanned Aerial Vehicle (UAV) to capture images and digital image processing techniques to locate possible cracks. The inspection system is used to initially detect locations of cracks (defects) on an aircraft’s outer skin and the detected crack is further investigated using thermal and ultrasound imaging methods. The scope of this paper includes a review of the design and development of a series of advanced dedicated image processing algorithms suitable for applying digital image processing on images captured from the outer surface of a typical aircraft fuselage.",,4,"2023 3rd International Conference on Electrical, Computer, Communications and Mechatronics Engineering (ICECCME)","Dept. Aeronautical Engineering, Military Technological College, Muscat, Sultanate of Oman",iee_rob_be
IEEE Xplore,11142757,10.1109/ACCESS.2025.3603185,Journals,Aircraft-Cargo Separation Rate-Driven Ground Risk–Cost Optimization for Urban Logistics UAVs,Tao Yang; Baoli Zheng; Mingli Mo; Jie Shang; Dan Huang,2025,"The surge in demand for urban logistics has positioned unmanned aerial vehicles (UAVs) as a vital solution for improving last mile delivery efficiency in complex urban environments. To overcome the ground safety bottleneck in the large-scale application of logistics UAVs, this paper establishes a full-chain framework of “risk characteristics–quantitative model–risk cost” that proposes an innovative dual-state risk–cost optimization model based on aircraft-cargo separation probability. The study quantifies the separation probability using the Weibull distribution, corrects the risk value assessment deviation under the traditional single fall assumption, and establishes a risk probability model for the separation state by combining the dynamic characteristic differences between the UAV body and cargo, enabling the generation of rasterized risk maps by integrating spatial parameters, including population density and shelter coefficients, to implement risk–cost conversion and support airspace management. Case verification reveals that in areas with different land uses, there are significant differences in the ground risk values and risk costs of logistics UAVs. Additionally, introducing the aircraft-cargo separation rate improves risk assessment accuracy by 57%, and the ground risk in the aircraft-cargo integrated state is 4.31 times higher than in the separated state. This study provides core theoretical support for the safe operation and route decision-making involving logistics UAVs in complex urban scenarios.",,3,IEEE Access,"College of Traffic and Transportation, Nanning University, Nanning, China",iee_rob_be
IEEE Xplore,10851373,10.1109/TVT.2025.3532988,Journals,On-Demand RIS-Assisted Free Space Optical Access System for 6G Networks,Alain R. Ndjiongue; Octavia A. Dobre; Hyundong Shin,2025,"In reconfigurable intelligent surface (RIS)-assisted systems where the line-of-sight (LoS) path is entirely obstructed, there are the same number of RIS elements as pilot signals. This makes RIS implementation challenging and incurs signaling costs. In addition, there is power consumption due to multiplicative fading resulting from the fact that each RIS element induces two sub-channels. Therefore, a permanent use of the RIS module when not needed can be seen as resource mismanagement. A solution to reduce this cost and power consumption is the use of the RIS technology on-demand (OnD). This offers resource management, cost, and energy efficiency advantages. Reflecting on this situation, in this paper, we analyze a free space optical (FSO) system aided by the OnD RIS technology. We consider that the LoS link can be severely obstructed and its channel significantly degraded. This degradation affects the signal-to-noise ratio (SNR) of the LoS path, $\gamma _{o}$. We set its threshold value, $\gamma _{th}$, which corresponds to the system's triggering point. The analysis considers three main scenarios, namely $\gamma _{o} > \gamma _{th}$, $\gamma _{o} \leq \gamma _{th}$ with total interruption of the LoS link, and $\gamma _{o} \leq \gamma _{th}$ with gradual degradation of the LoS link. For these three scenarios, we define the sub-channel SNRs, derive the end-to-end (e2e) channel statistics, including the probability density functions, cumulative distribution functions, and moment-generating functions, for the LoS link alone, the non-LoS path through the RIS module alone, and the combined LoS and non-LoS paths. Furthermore, we derive, analyze, and evaluate the e2e ergodic channel capacity and average bit error rate, and provide results. We demonstrate that when the LoS link experiences high disturbances, a RIS module can restore the LoS system's performance for a specific time slot. Finally, we show that the RIS can be solicited in an OnD manner to prevent FSO degradation when the weather condition worsens.",,3,IEEE Transactions on Vehicular Technology,"School of Electrical and Information Engineering, Faculty of Engineering and the Built Environment, University of the Witwatersrand, Johannesburg, South Africa",iee_rob_be
IEEE Xplore,11078295,10.1109/TGRS.2025.3588169,Journals,Flood-Eye: Intelligent Segmentation and Area Estimation of Flooded Regions,Fazal Ghaffar; Xinjie Deng; Burhan Khan; Tao Zhou; Yongze Song; Chee Peng Lim,2025,"In this article, we present Flood-Eye, an advanced framework for segmenting images intended for precise flood area estimation and segmentation. With its dual-pathway encoder, Flood-Eye can record contextual information at low resolution in addition to high-resolution details. To successfully integrate these features and improve the segmentation’s consistency, our model makes use of a novel cross-attention fusion technique. Furthermore, adaptive refinement is provided via a dynamic convolutional layer that adjusts responses to different flood patterns. A reliable component for estimating flooded areas is also included in the model, providing a quantitative analysis of the area of the flooded zone. With a mean intersection over union (mIoU) of 83.26% on the FloodNet dataset, Flood-Eye outperforms other state-of-the-art models in terms of performance and offers comprehensive and useful insights for efficient flood management and disaster response. https://youtu.be/zltuXwrGUZM provides segmentation prediction and area estimation, which is drone footage of flooding in South Florida on June 14, 2024, and it clearly demonstrates the flooding’s impact and the need for advanced flood detection models like Flood-Eye.",,1,IEEE Transactions on Geoscience and Remote Sensing,"Institute for Intelligent Systems Research and Innovation (IISRI), Deakin University, Geelong, Australia",iee_rob_be
IEEE Xplore,10976312,10.1109/ICMRE64970.2025.10976312,Conferences,A Comprehensive Survey on Intelligent Reflecting Surfaces and Unmanned Aerial Vehicles Integration for Enhanced Communication in Massive Networks,Hani Attar; Jafar Ababneh; Mohamed Hafez; Ali Rachini; Ahmed Solyman; Ramy M. Bahy,2025,"Intelligent Reflecting Surfaces (IRSs) offer a revolutionary approach to wireless communication by dynamically controlling the properties of electromagnetic waves. By manipulating wavefronts without requiring radio frequency links, IRSs can enhance spectrum and energy efficiency, reduce costs, and improve overall system performance. Unmanned Aerial Vehicles (UAVs) have garnered significant attention due to their mobility and adaptability. However, real-time data transmission between UAVs can be hindered by obstacles and security risks. By combining IRSs and UAVs, we can create unparalleled opportunities in demanding environments. Through coordinated movements and intelligent wave reflection, both systems can optimize wireless signal propagation. This paper provides a comprehensive review of IRS-assisted UAV communications. We explore existing research, introduce novel technologies and applications, and highlight potential research directions for developing low-cost and energy-efficient wireless systems. Additionally, we address current challenges and outline promising areas for future study.",,1,2025 11th International Conference on Mechatronics and Robotics Engineering (ICMRE),"Faculty of Engineering, Zarqa University, Zarqa, Jordan",iee_rob_be
IEEE Xplore,11268434,10.1109/IST66504.2025.11268434,Conferences,An Investigation on Automated Structure Mapping of Subsurface Cavities Using UAV LiDAR Technology,Dibyayan Patra; Pasindu Ranasinghe; Bikram Banerjee; Simit Raval,2025,"Mapping rock mass surface structures is vital for assessing the stability of subsurface cavities like underground voids and mine stopes, which is critical for ensuring excavation safety and operational efficiency. However, 3D mapping of cavities is inherently challenging due to limited accessibility arising from complex geometries and safety hazards. Conventional laser-based cavity monitoring systems often face limitations in such environments due to high setup costs, restricted sensor mobility, and reduced data quality caused by occlusions and non-uniform point densities. To address these challenges, this study investigates the use of UAV LiDAR technology for automated structure mapping within underground cavities. The mobility and scalability of UAV LiDAR enables remote acquisition of accurate and complete 3D point clouds even in challenging and constrained environments. Furthermore, the study benchmarks state-of-theart structure mapping algorithms on the acquired 3D scan of a cavity, with a focus on identifying discontinuity plane sets in the generated point cloud. A detailed comparative analysis and validation are conducted through stereonet analysis of discontinuity pole distributions and mean absolute error comparisons of set orientation estimations. The findings of the study demonstrate the viability of automated structure mapping using UAV LiDAR as a robust and reliable solution for enhancing subsurface stability analysis.",,0,2025 IEEE International Conference on Imaging Systems and Techniques (IST),"School of Minerals and Energy Resources Engineering, University of New South Wales, Sydney, Australia",iee_rob_be
IEEE Xplore,9730123,10.1109/ICCE53296.2022.9730123,Conferences,Evaluation of Wireless Connectivity in an Automated Warehouse at 60 GHz,Rahul Singh Gulia; Sayed Ashraf Mamun; Abhishek Vashist; Amlan Ganguly; Clark Hochgraf; Andres Kwasinski; Michael E. Kuhl,2022,"Industry 4.0 autonomous material handling agents demand high-speed indoor network connectivity in warehouses. Wireless interconnections in the 60 GHz bands have been demonstrated to provide multi-gigabit/second data rates in indoor environments. This paper aims to investigate network connectivity in the 60 GHz millimeter-wave band inside an automated warehouse. The challenges to robust and high-speed network connectivity, especially, at mmWave frequencies stem from lots of non-line-of-sight (nLOS) paths between transmitter and receivers caused by obstructing structures such as metal shelves and boxes. The added complexity of dynamic variations in the configuration of the warehouse and the multipath reflections and shadow-fading effects add to the challenges of establishing a stable and reliable yet fast network coverage. In this paper, we evaluate the performance of a 60 GHz wireless network inside a smart warehouse through simulations using Network Simulator-3 (NS-3). We consider a realistic indoor warehouse environment with a large number of metallic shelves and contents with dimensions per material handling standards. Our simulation results show that the performance of the network depends on whether line-of-sight (LOS) and nLOS exists between the agents and the Access Point, the presence of a reflective environment, and the number of autonomous material handling agents (AMHAs) in the warehouse.",,3,2022 IEEE International Conference on Consumer Electronics (ICCE),"Rochester Institute of Technology, Rochester, NY, USA",iee_rob_be
IEEE Xplore,9933913,10.1109/TCDS.2022.3218718,Journals,A Multirobot Distributed Collaborative Region Coverage Search Algorithm Based on Glasius Bio-Inspired Neural Network,Bo Chen; Hui Zhang; Fangfang Zhang; Yanhong Liu; Cheng Tan; Hongnian Yu; Yaonan Wang,2023,"There are many constraints for a multirobot system to perform a region coverage search task in an unknown environment. To address this, we propose a novel multirobot distributed collaborative region coverage search algorithm based on Glasius bio-inspired neural network (GBNN). First, we develop an environmental information updating model to represent the dynamic search environment. This model converts the environmental information detected by the robot into dynamic neural activity landscape of GBNN. Second, we introduce the distributed model predictive control method in search path planning to improve search efficiency. In addition, we propose a distributed collaborative decision-making mechanism among the robots to produce several dynamic search subteams. Within each subteam, collaborative decisions are made among the robot members to optimize the solution and obtain the next movement path of each robot. Finally, we conduct experiments in three aspects to verify the effectiveness of the proposed method. Compared with three algorithms in this field, the experimental results demonstrate that the proposed algorithm exhibits good performance in a multirobot region coverage search task.",,18,IEEE Transactions on Cognitive and Developmental Systems,"School of Electrical Engineering, Zhengzhou University, Zhengzhou, Henan, China",iee_rob_be
IEEE Xplore,10697531,10.1109/TASE.2024.3461806,Journals,Dynamic Event-Triggered Sliding-Mode Bipartite Consensus for Multi-Agent Systems With Unknown Dynamics,Huarong Zhao; Li Peng; Linbo Xie; Hongnian Yu,2025,"This paper addresses a data-driven sliding mode bipartite consensus issue for nonlinear discrete-time multi-agent systems with antagonistic interactions and limited communication resources. Initially, the signed graph theory is employed, and a combined measurement error function is formulated, transforming the bipartite consensus issue into a traditional consensus issue. An enhanced compact form dynamic linearization model is then established based on the input/output data and the formulated combined measurement error function. Moreover, a dynamic event-triggered function and a sliding-mode surface are designed, leading to the development of a fully distributed dynamic event-triggered sliding-mode bipartite consensus (DET-SMBC) approach. The proposed DET-SMBC approach is subsequently extended to a fully distributed dynamic event-triggered robust sliding-mode bipartite consensus (DET-RSMBC) scheme to improve robustness. The convergences of the tracking errors of both methods are rigorously deduced. Finally, simulation studies and hardware experiments are conducted to demonstrate the effectiveness of the proposed methods. Note to Practitioners—In multi-agent systems, the applicability of existing methods can be reduced by some issues, such as uncertain dynamics models, unknown disturbances, and the limitation of communication bandwidth. These issues can influence existing methods’ usefulness and cause instability, so DET-SMBC and DET-RSMBC methods are proposed in this paper. Compared with existing results, identifying a precise dynamics model for each controlled plant is unnecessary, the necessity of high-performance hardware for data transmission is relieved, and the effects of unknown disturbances are reduced. Moreover, the proposed methods are applied to realistic servo motor systems to conduct speed bipartite consensus tasks well. It is noted that most complicated mechanisms are controlled by servo motors, so the proposed methods can be applied to more practical engineering systems.",,16,IEEE Transactions on Automation Science and Engineering,"School of Internet of Things Engineering, Jiangnan University, Wuxi, Jiangsu, China",iee_rob_be
IEEE Xplore,9812005,10.1109/ICRA46639.2022.9812005,Conferences,Sliding Mode Controller for Positioning of an Underwater Vehicle Subject to Disturbances and Time Delays,Harun Tugal; Kamil Cetin; Xiaoran Han; Ibrahim Kucukdemiral; Joshua Roe; Yvan Petillot; M. Suphi Erden,2022,"Unmanned underwater vehicles are crucial for deep-sea exploration and inspection without imposing any danger to human life due to extreme environmental conditions. But, designing a robust controller that can cope with model uncertainties, external disturbances, and time delays for such vehicles is a challenge. This paper implements a sliding mode position control algorithm with a time-delay estimation term to a remotely operated underwater vehicle to deal with disturbances, such as waves, and time delays. The controller is implemented on an underwater vehicle (BlueRov) and compared with a proportional-integral-derivative (PID) controller in a wave tank with different disturbances and when there exist delays within the communication channel. The experimental results show that the proposed control method provides better performance than the conventional PID in the presence of extreme disturbances with less control efforts.",,10,2022 International Conference on Robotics and Automation (ICRA),"Institute of Sensors, Signals and Systems, School of Engineering and Physical Sciences, Heriot-Watt University",iee_rob_be
IEEE Xplore,10272366,10.1029/2023RS007782,Journals,Enhancement of precise underwater object localization,Sathish Kaveripakam; Ravikumar Chinthaginjala; Rajesh Anbazhagan; Mohammad Alibakhshikenari; Bal Virdee; Salahuddin Khan; Giovanni Pau; Chan Hwang See; Iyad Dayoub; Patrizia Livreri; Raed Abd-Alhameed,2023,"Underwater communication applications extensively use localization services for object identification. Because of their significant impact on ocean exploration and monitoring, underwater wireless sensor networks (UWSN) are becoming increasingly popular, and acoustic communications have largely overtaken radio frequency broadcasts as the dominant means of communication. The two localization methods that are most frequently employed are those that estimate the angle of arrival and the time difference of arrival. The military and civilian sectors rely heavily on UWSN for object identification in the underwater environment. As a result, there is a need in UWSN for an accurate localization technique that accounts for dynamic nature of the underwater environment. Time and position data are the two key parameters to accurately define the position of an object. Moreover, due to climate change there is now a need to constrain energy consumption by UWSN to limit carbon emission to meet net-zero target by 2050. To meet these challenges, we have developed an efficient localization algorithm for determining an object position based on the angle and distance of arrival of beacon signals. We have considered the factors like sensor nodes not being in time sync with each other and the fact that the speed of sound varies in water. Our simulation results show that the proposed approach can achieve great localization accuracy while accounting for temporal synchronization inaccuracies. When compared to existing localization approaches, the mean estimation error (MEE) (MEE) and energy consumption figures, the proposed approach outperforms them. The MEEs is shown to vary between 84.2154 and 93.8275 m for four trials, 61.2256 and 92.7956 m for eight trials, and 42.6584 and 119.5228 m for 12 trials. Comparatively, the distance-based measurements show higher accuracy than the angle-based measurements.",,7,Radio Science,"School of Electronics Engineering, Vellore Institute of Technology, Vellore, India",iee_rob_be
IEEE Xplore,11068137,10.1109/JIOT.2025.3585510,Journals,Unique Word OFDM With Joint Time-Frequency Channel Estimation for Internet of Underwater Things,Zeyad A. H. Qasem; Xingbin Tu; Chunyi Song; Fengzhong Qu; Waheb A. Jabbar; Hamada Esmaiel,2025,"The acoustic-based Internet of Underwater Things (IoUT) is considered as one of the most challenging environments for communication because of issues in the underwater acoustic communication (UWAC) channel, such as multipath propagation and Doppler shift (DS). Accurately estimating these effects without sacrificing a significant portion of the bandwidth is extremely difficult, underscoring the need for robust and sophisticated techniques. In this article, we propose an acoustic-based unique word orthogonal frequency division multiplexing (UW-OFDM) scheme to enable communication between IoUT nodes over a doubly-selective channel. The proposed scheme employs a joint time-frequency channel estimation approach by leveraging the time-domain guard interval to identify the channel paths while utilizing only 3.1% of the frequency-domain subcarriers, compared to 25% in conventional methods, to track the channel path coefficients. The proposed method significantly enhances spectral efficiency while maintaining resilience to multipath propagation and DS impairments inherent in UWAC. Furthermore, the scheme eliminates interblock interference, which is critical in UWAC due to its distinctive propagation characteristics. We evaluate the performance of the proposed methods using both simulations and real-world experimental tests over a 300-m underwater channel. The results demonstrate that the proposed approach offers a reliable IoUT communication solution, achieving up to a 5 dB improvement in bit error rate and up to 17.56% higher subcarrier utilization compared to conventional schemes. In addition, the scheme exhibits strong robustness against DS effects with similar peak-to-average power ratio performance and a modest increase in computational complexity.",,2,IEEE Internet of Things Journal,"State Key Laboratory of Ocean Sensing and Ocean College, Zhejiang University, Zhoushan, China",iee_rob_be
IEEE Xplore,10869568,10.1109/DICTA63115.2024.00098,Conferences,CAMVOS: Leveraging Context and Memory for Advanced Video Object Segmentation,Waqas Arshid; Mohammad Awrangjeb; Alan Wee Chung Liew; Yongsheng Gao,2024,"We introduce CAMVOS (Context-Aware Memory Video Object Segmentation), a novel method designed to enhance video object segmentation by leveraging contextual information, long-range dependency and memory-efficient techniques. CAMVOS utilizes a sophisticated framework that integrates spatio-temporal context from both objects' immediate and extended surroundings, improving the accuracy and robustness of segmentation across varying scenes and motion patterns. Specifically, it extracts the multi-scale features leveraging atrous convolutions and then encodes the contextual relationship between features using the graph attention networks. It also maintains high performance while minimizing computational overhead, making it suitable for real-time applications by incorporating memory-efficient algorithms. Our experiments on three benchmark datasets (YouTube VOS 2018, DAVIS 2016, and DAVIS 2017) demonstrate that CAMVOS significantly outperforms existing state-of-the-art methods in video object segmentation, setting a new benchmark for precision and efficiency.",,1,2024 International Conference on Digital Image Computing: Techniques and Applications (DICTA),"School of Information and Communication Technology, Griffith University, Queensland, Australia",iee_rob_be
IEEE Xplore,10606753,10.1109/DDCLS61622.2024.10606753,Conferences,Resource-efficient Model-free Adaptive Sliding-mode Heading Control for Unmanned Surface Vehicle with Data Dropouts,Yutong Chen; Huarong Zhao; Dezhi Xu; Hongnian Yu; Chenshi Dan,2024,"This paper addresses the issue of heading control for an unmanned surface vehicle (USV) in the presence of un-certainties. We propose a model-free adaptive sliding-mode heading control method considering resource-efficient control and dual-channel data dropouts. First, a dynamic linearization model with a pseudo partial derivative is constructed, the value of the pseudo partial derivative is estimated, and a model-free sliding-mode heading controller is formulated for USV. Second, an event-triggered mechanism allows successful triggering only when the event trigger threshold is reached, thus significantly saving communication resources. Furthermore, a comprehensive compensatory strategy is devised to solve the data loss issues in both the forward and feedback channels. Ultimately, the convergence of heading control error of USV governed by the proposed method is rigorously proved, and the effectiveness of the proposed approach is verified through simulations.",,0,2024 IEEE 13th Data Driven Control and Learning Systems Conference (DDCLS),"School of Internet of Things Engineering, Jiangnan University, Wuxi, Jiangsu, P. R. China",iee_rob_be
IEEE Xplore,11167553,10.1109/ISCI65687.2025.11167553,Conferences,Internet of Thing Based- Solar Powered Automatic Hydroponic System,Liew Hui Fang; Rosemizi Abd Rahim; Muhammad Izuan Fahmi Romli; Muhammad Ezanuddin Bin Abdul Aziz; Junaidah Ali Mohd Jobran; Naavind A-L Balan,2025,"Solar-powered hydroponic systems provide a sustainable agricultural solution by utilizing renewable energy and optimizing resources. However, traditional systems often lack adaptability, require excessive land and water, and struggle with efficient energy use. Key factors such as air quality, pH, dissolved oxygen, and temperature must be precisely managed, yet many systems lack comprehensive monitoring, leading to suboptimal yields. This research enhances plant growth in solar-powered hydroponic farming through a smart control system integrated with the Blynk smartphone app. It enables real-time monitoring of $\mathbf{p H}$, temperature, humidity, water level, voltage, and current, sending notifications for water levels and allowing remote control of the LED light and water pump to maintain optimal photosynthesis. Key parameters are displayed in the app, while air quality, temperature, humidity, and pH appear on an LCD screen. The system ensures ideal conditions: temperature $\left(24^{\circ} \mathrm{C}-32^{\circ} \mathrm{C}\right)$, humidity ($60 \%-80 \% \mathrm{RH}$), and $\mathbf{p H}(5.5-7)$. The water level sensor triggers alerts for low levels. A $20 \mathrm{~W}, 18 \mathrm{~V}$ solar panel powers the system at 12 V with a current below 1 A. By integrating IoT technology, this solution enhances efficiency, optimizes resource use, and improves hydroponic farming sustainability.",,0,2025 IEEE 7th Symposium on Computers & Informatics (ISCI),"Centre of Excellence for Renewable Energy (CERE), Faculty of Electrical Engineering & Technology, Universiti Malaysia Perlis (UniMAP), Arau, Perlis, Malaysia",iee_rob_be
IEEE Xplore,11049992,10.1109/JOE.2025.3562630,Journals,A Multiview-Based Visibility Restoration Method for a Turbid and Occluded Underwater Scene,Frans Shafuda; Hayato Kondo,2025,"In a turbid water environment, captured images suffer from degradation due to poor visibility and low contrast caused by the scattering and absorption of light. This can be further exacerbated by foreground occlusion due to suspended macro particles. Artificial light sources are often used to improve visibility, but using single point light sources, such as spotlights results in captured images with regions of strong backscatter and regions of low signal, negatively affecting conventional underwater image restoration methods. To address these challenges, we introduce a novel scene illumination and scan approach that uses two parallel light emitting diode light strips and a single camera at the center to ensure uniform scene illumination with a defined distribution pattern. We scan and capture scene images in a synthetic aperture imaging fashion, obtaining multiple images with overlapping views and high spatial coherence. Based on the introduced scene illumination and scan approach, we propose a turbidity removal method that uses multiview image information and a defined illumination pattern to estimate backscatter, as well as an occlusion compensation method that takes advantage of spatial coherence among images to remove foreground occlusion. Experimental results demonstrate the effectiveness of our approach in restoring visibility of turbid and occluded scenes.",,0,IEEE Journal of Oceanic Engineering,"Department of Electrical and Computer Engineering, School of Engineering and the Built Environment, University of Namibia, Ongwediva, Namibia",iee_rob_be
IEEE Xplore,10943396,10.1109/WACV61041.2025.00503,Conferences,OpenCity3D: What do Vision-Language Models Know About Urban Environments?,Valentin Bieri; Marco Zamboni; Nicolas S. Blumer; Qingxuan Chen; Francis Engelmann,2025,"The rise of 2D vision-language models (VLMs) has en-abled new possibilities for language-driven 3D scene understanding tasks. Existing works focus on indoor scenes, or autonomous driving scenarios and typically validate against a pre-defined set of semantic object classes. In this work, we analyze the capabilities of vision-language models for large-scale urban 3D scene understanding, and propose new applications of VLMs that directly operate on aerial 3D reconstructions of cities. In particular, we address higher-level 3D scene understanding tasks such as population den-sity, building age, property prices, crime rate, and noise pollution. Our analysis reveals surprising zero-shot and few-shot performance of VLMs in urban environments.",,4,2025 IEEE/CVF Winter Conference on Applications of Computer Vision (WACV),ETH Zürich,iee_rob_be
IEEE Xplore,7757963,10.1109/CMD.2016.7757963,Conferences,Fractal theory based pattern recognition of motor partial discharge,Zhuo Ma; Chengke Zhou; Donald M. Hepburn; Kevin Cowan,2016,"On-line Partial Discharge (PD) monitoring is being increasingly adopted in an effort to improve the assessment of MV motors. This paper presents a novel method for autonomous analysis and classification of PD patterns recorded in situations in which a phase-reference voltage waveform is not available, as is often the case in on-line PD based insulation condition monitoring systems. The main contributions of the paper are a Polar PD (PPD) representation and a Fractal Theory based autonomous PD recognition method. PPD is applied to convert the traditional phase-resolved PD pattern into a circular form where raw PD data over a power cycle of 20 ms is shown in a polar form so that important information related to PD pattern is retained irrespective of the initial point when data acquisition starts. The fractal theory is then presented in detail to address the task of discrimination of six PD patterns related to motors, as outlined in IEC60034. The classification of known and unknown defects is calculated by centour score. Validation of the proposed method is demonstrated using data from laboratory experiments on three typical PD geometries. The results show that the proposed method performs effectively in recognizing single-source PDs.",,0,2016 International Conference on Condition Monitoring and Diagnosis (CMD),"School of Engineering and Built Environment, Glasgow Caledonian University, Glasgow, United Kingdom",iee_rob_be
IEEE Xplore,7217965,10.1109/ITHET.2015.7217965,Conferences,Workshop Rapid Prototyping - A new approach to introduce digital manufacturing in engineering education,Stefan Junk; Rebecca Matt,2015,"This paper presents a new approach for the teaching of competence in additive manufacturing to engineering students in product development. Particularly new to this approach is the combination of the students' autonomous assembly and commissioning of a 3D-printer, and the independent development of guidelines for this new technology regarding the design of components. This way the students will be able to gain first practical experiences with the data preparation, the additive manufacturing process itself and also the required post-treatment of the 3D-printed parts. To allow the students a significantly deeper insight into the functioning of 3D-printing, the workshop Rapid Prototyping developed a new approach in the course of which the students first assemble a construction kit for a 3D-printer themselves and then commission the printer. This enables the students to gain a better understanding of the functionality and configuration of additive manufacturing. In a next step, the students used the 3D-printers they constructed themselves to produce components which they take from a database. Finally, the experiences of the students in the course of the workshop will be evaluated to review the effectiveness of the new approach.",,5,2015 International Conference on Information Technology Based Higher Education and Training (ITHET),"Department of Business and Engineering, University of Applied Sciences, Offenburg, Germany",iee_rob_be
IEEE Xplore,6513442,10.1109/ISADS.2013.6513442,Conferences,MCC-OSGi: An OSGi-based mobile cloud service model,Fatiha Houacine; Samia Bouzefrane; Li Li; Dijiang Huang,2013,"In this article, a new mobile Cloud service model is presented. It offers a dynamic and efficient remote access to information services and resources for mobile devices. Mobile Cloud computing has been evolved as a distributed service model, where individual mobile users are Cloud service providers. Compared to traditional Internet-centric Cloud service models, the complexity of mobile service management in a dynamic and distributed service environment is increased dramatically. To address this challenge, we propose to establish an OSGi-based mobile Cloud service model — MCC-OSGi — that uses OSGi Bundles as the basic mobile Cloud service building components. The proposed solution supports OSGi bundles running on both mobile devices and Cloud-side virtual machine OS platforms, and the bundles can be transferred and run on different platforms without compatibility issues. The presented solution is achieved: 1) by incorporating OSGi into Android software development platform, 2) by setting up a Remote-OSGi on the Cloud and on mobile devices, and 3) by defining three service architecture models. The presented solution is validated through a demonstrative application with relevant performance measurements.",,9,2013 IEEE Eleventh International Symposium on Autonomous Decentralized Systems (ISADS),"Conservatoire National des Arts et Métiers - CNAM, Paris, France",iee_rob_be
IEEE Xplore,9257270,10.1109/ICCC49264.2020.9257270,Conferences,A Solution to Monitor Environmental Parameters in Industrial Areas,Nicolae Pătrășcoiu; Cosmin Rus; Nicoleta Negru,2020,"Monitoring the environmental parameters in active industrial areas where there are potential sources of pollution and, especially in the area of decommissioned or closed mining activities, is very important for the prevention of environmental accidents and for ensuring a suitable working environment for workers in one factory located in that area. In this paper, we propose a solution for monitoring the environmental parameters regarding air quality. After the data is acquired with the help of air quality sensors, they are sent using a LoRa type radio communication to a higher hierarchical level where it is processed and potential alerts for exceeding certain critical thresholds of the values can be issued. The whole autonomous system can be located in an industrial hall and in the test phase it has an autonomy of about eight hours. The monitoring equipment consists of sensors connected to LoRa modules. The communication between the sensors and these modules is done through a standard serial protocol. LoRa modules send data to a gateway system using a LoRaWAN protocol. This flexible structure represents a concept of hardware and software development that presents the possibility of being integrated into the national air quality monitoring network.",,4,2020 21th International Carpathian Control Conference (ICCC),"Department of Automation, Computers, Electrical and Energy Engineering University of Petrosani, Petrosani, Romania",iee_rob_be
IEEE Xplore,9620697,10.1109/MRS50823.2021.9620697,Conferences,Distributed Self-Assembly of Cantilevers by Force-Aware Robots,Edward Bray; Roderich Groß,2021,"Inspired by how ants construct bridges out of their bodies, this paper investigates how a swarm of autonomous robotic agents could self-assemble into cantilevers as a first step towards constructing bridges. Two distributed self-assembly algorithms are presented that consider local force information to ensure links between agents do not break: one in which agents move one at a time, and another where multiple agents move simultaneously. The algorithms are tested in simulation for a variety of allowable link strengths, and are verified to be able to construct cantilevers of a near-optimum length. A slight decrease in cantilever length is observed when multiple agents move concurrently, but construction is completed significantly faster. Prototype hardware to measure the forces in links between real agents is also presented, demonstrating how the concept could be applied to the real world.",,2,2021 International Symposium on Multi-Robot and Multi-Agent Systems (MRS),"Department of Automatic Control and Systems Engineering, The University of Sheffield, Sheffield, UK",iee_rob_be
IEEE Xplore,9843787,10.1109/AERO53065.2022.9843787,Conferences,Feasibility Assessment of Technical Limitations and Challenges to Deployment of a Nuclear-Powered Extrusion System on the Martian Surface,Mark Juszczak; Enrico Fumagalli,2022,"This white paper is an assessment of the feasibility of developing, deploying and operating a nuclear-powered extruder on the Martian surface for the primary purpose of manufacturing ‘bricks' - repeated interlocking components that serve as a structural and functional basis for rapid manufacturing of habitats, facilities and other buildings necessary for colonization. While the primary technology components appear to exist independently, and can be integrated together, there are three distinct technical limitations and/or challenges that need further study in order to build a deployable system. Those challenges are: limitations to extruder component life-cycles in autonomous remote environments, EDL challenges for a combined 50–60 Metric Ton ‘turnkey’ system, and limitations to operating a quasi SSD multi-modal nuclear reactor.1",,0,2022 IEEE Aerospace Conference (AERO),"College of Professional Studies St. John's University, Jamaica, NY",iee_rob_be
IEEE Xplore,8766447,10.1109/IWCMC.2019.8766447,Conferences,Autonomous Living Building: Adapting to Occupant’s Behavior,Driss Benhaddou; Lotanna Afogbuom; Farouk Attia; Muhammad Anan,2019,This paper demonstrates an autonomous living building system that adapts its behavior to changing environment as they are happening. The system implements a real-time and real-world scenario at the University of Houston where multiple Microsoft Kinect sensors have been utilized to demonstrate the living building capability. The sensors in Kinect generate point clouds data representing the dynamic context; a static context is captured using the CAD tool and archived in the system to model the built environment. Both static and dynamic context information are processed and summarized to infer the interaction between the occupant (dynamic context) and the building (static context). The results are then taken through an Artificial Intelligent (AI) engine by using supervised machine learning algorithm to infer the decision the building should take to adjust the environment. The implemented smart building prototype was demonstrated in a home library setting and provides a clear evidence of the capability of such systems. The system reacted within the acceptable timeframe expected by a human activity (seconds). The prototype sets the stage of a more complicated scenario study that uses hundreds of sensors and actuators. The prototype will be used as testbed to study the distributed control and communication system for living building concept.,,3,2019 15th International Wireless Communications & Mobile Computing Conference (IWCMC),"Engineering Technology, University of Houston, Houston, TX",iee_rob_be
IEEE Xplore,10346325,10.1109/ICETAS59148.2023.10346325,Conferences,Exploring Robust Pose Invariant Face Recognition with Vision Transformers: A Multi-Modal Study,Ahmed Rimaz Faizabadi; Osamah Ebrahim Mohammed Shweesh; Hasan Firdaus Mohd Zaki; Abdulrahman Ibraheem Mohammed; Mohammad Amir Khan; Norazam Aliman,2023,"This paper investigates the application of vision transformers (ViT) to face recognition tasks, focusing on their robustness against pose variations in multi-modal settings. Leveraging the advantages of ViT, such as global context modeling and attention mechanisms, we evaluate their performance using RGB and depth face modalities. To facilitate this investigation, we propose a new multi-view and multi-modal dataset, featuring various pose variations, ranging from slight to extreme, with incorporated facial expressions. Four robust pose invariant evaluation protocols are established for comprehensive analysis. Three variants of ViT models (Base, Small, and Tiny) are trained and evaluated. Our findings indicate that ViT-Base achieves 97.11 % accuracy for RGB faces, while ViT-Small outperforms all RGB Face Transformers in depth modality, achieving 99.02% accuracy across all pose protocols. Importantly, our empirical study highlights the enhanced robustness of 3D depth maps for pose invariant face recognition tasks, irrespective of the deep learning techniques employed. These insights contribute to the understanding of ViT models in face recognition and open avenues for future research in this domain.",,1,2023 IEEE 8th International Conference on Engineering Technologies and Applied Sciences (ICETAS),"Department of Mechatronics Engineering Kulliyyah of Engineering, International Islamic University, Malaysia",iee_rob_be
IEEE Xplore,9140200,10.1109/I2CACIS49202.2020.9140200,Conferences,Development of Web-Based Smart Security Door Using QR Code System,Ahmad Fahmi Mohd Fauzi; Nur Nabila Mohamed; Habibah Hashim; Mohammed A. Saleh,2020,"Providing a security system for any electrical equipment has become a vital interest in which the latest technologies are being adopted to serve this purpose. University classrooms usually implement automatic door lock attached with a sensor to enable access into the classroom. The access door needs a more autonomous, integrated, and intelligent functionality to improve smart classroom’s usability. This work presents the development of a secure door lock system by utilizing Quick Response (QR) technology and Raspberry Pi processor for accessing the university laboratory or classroom where the authorized person will also be able to monitor who have accessed to the classroom or laboratory. The data logging system is developed to track the ingoing and outgoing activities when accessing the security door from the web-based website server. In this vein, the authorized individuals are only the ones who will get the permission to access the doors. This is a preliminary work to test the system’s functionality to be used for different properties and facilities such as office, classroom and laboratory. Based on the result and data collection, the testbed development has worked properly as an initial study to provide a smart security door using QR code system.",,12,2020 IEEE International Conference on Automatic Control and Intelligent Systems (I2CACIS),"Faculty of Electrical Engineering, Universiti Teknologi MARA, Selangor, Malaysia",iee_rob_be
IEEE Xplore,4216595,10.1109/ICIIS.2006.365734,Conferences,Structural Applications of Smart Materials in Construction Engineering Using Robotics,Parul Gupta; Vineet Tirth; R.K. Srivastava,2006,"Sensors and actuators designs have mimicked nature to a large extent. Similar to our five senses - sight, sound, smell, taste and touch - correspondingly visual/optical, acoustic/ultrasonic, electrical, chemical and thermal/magnetic sensors have been developed. The response from these primary sensors is converted to electrical signals, which are transmitted to the brain (central processing unit) for further processing. In addition to the processing, the role of the processor is to make decision based on these inputs. This is currently done manually by an experienced operator who has an understanding of the sensing and processing technology. To aid the operator in making a more judicious decision, the conditioned signal has to be presented with as much pertinent information displayed in an arresting way. A further development would be to provide the virtual machine itself to make the judgment - smart sensor. The next stage in this would be for the processor to decide on the course of action and the actuation mechanism to respond accordingly. Virtual human robots can be equipped with sensors, memory, perception, and behavioral motor. This eventually makes these virtual human robots to act or react to events. The design of a behavioral animation system raises questions about creating autonomous actors, endowing them with perception, selecting their actions, their motor control and making their behavior believable and the behavior should be spontaneous and unpredictable",,2,First International Conference on Industrial and Information Systems,"Department of Mechanical Engineering, Moradabad Institute of Technology, Uttar Pradesh Technical University, Moradabad, Uttar Pradesh, India",iee_rob_be
IEEE Xplore,8896296,10.1109/SCORED.2019.8896296,Conferences,Design and Development of an Obstacle Avoidance Mobile-controlled Robot,Phung Quang Anh; Tran duc Chung; Tran Tuan; M.k.a. Ahamed Khan,2019,"Mobile robot development has been receiving attentions from researchers worldwide in recent years, especially in developing autonomous mobile robots. However, there are still needs for developing semi-auto robots, mainly for allowing human-assisted control mechanism while operating the robots. This is greatly helpful in performing site surveying tasks and where environment setup is variable or unknown. In this research, an obstacle avoidance mobile-controlled robot is developed using an Arduino Uno R3 microprocessor operated by controlling of a mobile Android-based device via Bluetooth. Apart from performing well basic functions like moving forward and backward, turning left and right, the robot is able to detect preceding obstacle, stop movement, and then identify suitable clear way for avoiding the obstacle.",,2,2019 IEEE Student Conference on Research and Development (SCOReD),"Computing Fundamental Department, FPT University, Hanoi, Vietnam",iee_rob_be
IEEE Xplore,11384700,10.1109/IC-FTAI67960.2025.11384700,Conferences,Essential Technological Enablers Toward the Emergence of AI-Native 6G,M. Boumalkha; A. S. I. Amar; Y. M. Madany; H. J. Basherlou; N.O. Parchin,2025,"The evolution of mobile communications has progressed from basic voice-centric 1G systems to the highly connected and intelligent paradigms of 5G. However, the exponential rise in data demand, device heterogeneity, and emerging applications such as holographic communications, industrial digital twins, and immersive XR highlight the limitations of current networks. Sixth-generation (6G) wireless systems are envisioned as the first AI-native generation, embedding artificial intelligence as a core component of network architecture rather than a peripheral optimization tool. This paper explores the key enabling technologies that will underpin AI-native 6G, including Reconfigurable Intelligent Surfaces (RIS), Non-Terrestrial Networks (NTN), Joint Communication and Sensing (JCAS), Semantic Communications, and next-generation AI hardware accelerators. By integrating these pillars, 6G aims to deliver autonomous, adaptive, and service-oriented connectivity capable of meeting unprecedented performance and intelligence requirements. The paper provides a forward-looking perspective on how these technologies converge to establish a foundation for resilient, scalable, and intelligent wireless systems in the 2030s and beyond.",,0,2025 International Conference on Future Telecommunications and Artificial Intelligence (IC-FTAI),"Department of Physics, Faculty of Sciences, Moulay Ismail University, Meknes, Morocco",iee_rob_be
IEEE Xplore,7082567,10.23919/ECC.1997.7082567,Conferences,A 3-level neuro-fuzzy autonomous robot navigation system,Spyros G. Tzafestas; Konstantinos C. Zikidis,1997,"Mobile robot control is a quite active research area. In this context the term ‘control’ has a broad meaning that includes many different controls such as lower level motor control, and ""behaviour"" control, where behaviour represents more complicated tasks, e.g. obstacle avoidance or goal seeking. In this paper, a 3-neural network module system is presented, for three different aspects of mobile robot control. The first is a reinforcement learning neuro-fuzzy controller that takes on the low level control of the mobile robot, trying to avoid obstacles and head to a target, utilizing ultrasonic sensor readings (local navigation). The second module is a topologically ordered Hopfield neural network, which performs global navigation, using a sensor-built environment map. The third module is an associative memory Hopfield network, with a non-local learning rule, where environment maps can be stored. When triggered, this module tries to match and complete the so far observed part of the environment with one of the known maps. The performance of this 3-level navigation system was tested in computer simulation runs and proved to be efficient and robust. Aspects of computer simulation and computational requirements are discussed.",,3,1997 European Control Conference (ECC),"National Technical University of Athens, Athens, GR",iee_rob_be
IEEE Xplore,9128887,10.1109/I2MTC43012.2020.9128887,Conferences,Towards Autonomous Smart Sensing Systems,Peter Haigh; Michael Hayes; Dinesh R. Gawade; Brendan O’Flynn,2020,"Since the 1990's, researchers in both academia and industry have been exploring ways to exploit the potential for Wireless Sensor Networks (WSNs) to revolutionize our understanding of - and interaction with - the world around us. WSNs have therefore been a major focus of research over the past 20 years. While WSNs offer a persuasive solution for accurate real-time sensing of the physical world, they are yet to be as ubiquitous as originally predicted when the technology was first envisaged. Technical difficulties exist which have inhibited the anticipated uptake in WSN technologies. The most challenging of these have been identified as system reliability, battery lifetime, maintenance requirements, node size and ease of use. Over the past decade, the Wireless Sensor Networks (WSN) group at the Tyndall National Institute, has been at the forefront of driving the vision of ubiquitously deployed, extended lifetime, low power consumption embedded systems providing information rich data streams wirelessly in (close to) real-time. In this time, the WSN group has developed multiple novel, first of kind, wireless multi-sensor systems and deployed these in the world around us, overcoming the technical challenges associated with ensuring robust and reliable long-term data sets from our environment. This work is focused on investigating and addressing these challenges through the development of the new technologies and system integration methodologies required to facilitate and implement WSNs and validate these in real deployments. Specifically, discussed are the development and deployment of novel WSN systems in the built environment, environmental monitoring and fitness and health monitoring systems.The key research challenges identified and discussed are:a)The development of resource-constrained, extremely low power consumption systems incorporating energy-efficient hardware and software algorithms.b)The development of highly reliable extremely long duration deployments which through the use of appropriate energy harvesting solutions facilitate (near) zero maintenance sensor networks.c)The development of low power consumption miniaturized wearable microsysteThe development of technologies to address these challenges in terms of cost, size, power consumption and reliability which need to be tested and validated in real world deployments of wireless sensing systems is discussed. It is clear that when looking at the scale up of deployments of novel WSNs, that to be successful, such systems need to ""be invisible, last forever, cost nothing and work out of the box"". This paper describes these relevant technologies and associated project demonstrators",,2,2020 IEEE International Instrumentation and Measurement Technology Conference (I2MTC),"Tyndall National Institute, University College Cork, Cork, Ireland",iee_rob_be
IEEE Xplore,11268983,,Books,3 Photovoltaic-integrated Double Fa&#x00E7;ades and the Future of Energy-autonomous Buildings,,2025,"This volume reimagines the built environment not as a passive backdrop, but as a contested site where architecture, engineering, climate extremes, energy imperatives, and socio-economic inequalities converge. Sustainability is shown not as a universal mandate, but as a condition continually negotiated across uneven terrains of policy, design, and everyday inhabitation. Through contributions from leading scholars, the book examines Mediterranean cities to reveal the fractured foundations of the energy transition: fragmented regulations, misaligned certification systems, undervaluation of thermal performance, and urban fabrics that both resist and demand reinvention. Rejecting linear narratives and technocratic reductionism, the volume emphasizes the tensions between techno-optimism and the economic, infrastructural, and cultural inertias that delay transformation. Rather than offering prescriptive closure, it invites readers to grapple with contradictions that render the Mediterranean city both a site of impasse and a laboratory of renewal in the shadow of climate crisis.",,0,"Energy-efficient Buildings in the Mediterranean: Challenges, Strategies, and Innovations",,iee_rob_be
IEEE Xplore,8794158,10.1109/ICRA.2019.8794158,Conferences,Approximate Stability Analysis for Drystacked Structures,Yifang Liu; Maira Saboia; Vivek Thangavelu; Nils Napp,2019,"We introduce a fast approximate stability analysis into an automated dry stacking procedure. Evaluating structural stability is essential for any type of construction, but especially challenging in techniques where building elements remain distinct and do not use fasteners or adhesives. Due to the irregular shape of construction materials, autonomous agents have restricted knowledge of contact geometry, which makes existing analysis tools difficult to deploy. In this paper, a geometric safety factor called kern is used to estimate how much the contact interface can shrink and the structure still be feasible, where feasibility can be checked efficiently using linear programming. We validate the stability measure by comparing the proposed methods with a fully simulated shaking test in 2D. We also improve existing heuristics-based planning by adding the proposed measure into the assembly process.",,6,2019 International Conference on Robotics and Automation (ICRA),"Department of Computer Science and Engineering, University at Buffalo, Buffalo, NY, USA",iee_rob_be
IEEE Xplore,10879074,10.1109/OJCOMS.2025.3540287,Journals,"The Role of Digital Twin in 6G-Based URLLCs: Current Contributions, Research Challenges, and Next Directions",Antonino Masaracchia; Dang van Huynh; Trung Q. Duong; Octavia A. Dobre; Arumugam Nallanathan; Berk Canberk,2025,"Substantial improvements in the area of ultra reliable and low-latency communication (URLLC) capabilities, as well as possibilities of meeting the rising demand for high-capacity and high-speed connectivity are expected to be achieved with the deployment of next generation 6G wireless communication networks. This thank to the adoption of key technologies such as unmanned aerial vehicles (UAVs), reflective intelligent surfaces (RIS), and mobile edge computing (MEC), which hold the potential to enhance coverage, signal quality, and computational efficiency. However, the integration of these technologies presents new optimization challenges, particularly for ensuring network reliability and maintaining stringent latency requirements. The Digital Twin (DT) paradigm, coupled with artificial intelligence (AI) and deep reinforcement learning (DRL), is emerging as a promising solution, enabling real-time optimization by digitally replicating network devices to support informed decision-making. This paper reviews recent advances in DT-enabled URLLC frameworks, highlights critical challenges, and suggests future research directions for realizing the full potential of 6G networks in supporting next-generation services under URLLCs requirements.",,15,IEEE Open Journal of the Communications Society,"School of Electronic Engineering and Computer Science, Queen Mary University of London, London, U.K.",iee_rob_be
IEEE Xplore,10005237,10.1109/TWC.2022.3231732,Journals,Spatial Channel Degrees of Freedom for Optimum Antenna Arrays,Yingke Huang; Petros Karadimas; Abed Pour Sohrab,2023,"One of the ultimate goals of future wireless networks is to maximize data rates to accommodate bandwidth-hungry services and applications. Thus, extracting the maximum amount of information bits for given spatial constraints when designing wireless systems will be of great importance. In this paper, we present antenna array topologies that maximize the communication channel capacity for given number of array elements while occupying minimum space. Capacity is maximized via the development of an advanced particle swarm optimization (PSO) algorithm devising optimum standardized and arbitrarily-shaped antenna array topologies. Number of array elements and occupied space are informed by novel heuristic spatial degrees of freedom (SDoF) formulations which rigorously generalize existing SDoF formulas. Our generalized SDoF formulations rely on the differential entropy of three-dimensional (3D) angle of arrival (AOA) distributions and can associate the number of array elements and occupied space for any AOA distribution. The proposed analysis departs from novel closed-form spatial correlation functions (SCFs) of arbitrarily-positioned array elements for all classes of 3D multipath propagation channels, namely, isotropic, omnidirectional, and directional. Extensive simulation runs and comparisons with existing trivial solutions verify correctness of our SDoF formulations resulting in optimum antenna array topologies with maximum capacity performance and minimum space occupancy.",,6,IEEE Transactions on Wireless Communications,"James Watt School of Engineering, University of Glasgow, Glasgow, U.K",iee_rob_be
IEEE Xplore,11244103,10.1109/JIOT.2025.3632060,Journals,Quantum Deep Reinforcement Learning for URLLC Satellite-Air-Ground Integrated Networks With Digital Twin Applications,Sasinda C. Prabhashana; Dang Van Huynh; Haejoon Jung; Berk Canberk; Simon L. Cotton; Trung Q. Duong,2026,"In this article, we explore a maritime 6G-enhanced satellite-air-ground integrated network (SAGIN) that incorporates a unmanned aerial vehicle (UAV)-carried reconfigurable intelligent surface (UCR) relay, and low-Earth orbit (LEO) satellites equipped with mobile edge computing (MEC) facilities. The system captures dynamic maritime conditions, including ultrareliable and low-latency communication (URLLC) user mobility and UCR movements across harbor environments. The primary objective is to minimize the total system cost by jointly optimizing task offloading decisions, bandwidth allocation, local computational resource distribution, transmission power control, and caching management, while satisfying strict latency and resource constraints. To address this, we formulate a mixed-integer nonlinear programming (MINLP) problem that captures the complexity of resource optimization in the maritime 6G-enhanced SAGIN. Two quantum-enhanced deep reinforcement learning (DRL) algorithms, namely quantum-enhanced deep deterministic policy gradient (QEDDPG) and quantum-enhanced proximal policy optimization (QEPPO), are proposed to solve the formulated MINLP problem. Moreover, higher order quantum feature encoding and quantum neural networks (QNNs) are utilized to accelerate learning and enhance decision-making. Simulation results demonstrate that QEDDPG and QEPPO significantly outperform conventional DRL methods by achieving lower system costs and more efficient resource allocation. These findings show the potential of quantum-driven reinforcement learning for enabling scalable, efficient, and intelligent resource management in future 6G-enhanced SAGINs.",,6,IEEE Internet of Things Journal,"Faculty of Engineering and Applied Science, Memorial University of Newfoundland, St. John’s, Canada",iee_rob_be
IEEE Xplore,10965602,10.1109/ACCESS.2025.3560880,Journals,Adaptive Input Sampling: A Novel Approach for Efficient Object Detection in High Resolution Traffic Monitoring Images,Tewodros Syum Gebre; Eden Tsehaye Wasehun; Freda Elikem Dorbu; Gazali Oluwasegun Agboola; Ali Karimoddini; Leila Hashemi-Beni,2025,"Real-time traffic monitoring based on artificial intelligence (AI) models is essential for efficient transportation management, but it faces significant computational challenges, particularly when processing high-resolution video footage. Modern traffic monitoring systems typically rely on AI-based object detection and tracking models, which require processing every frame of the video to detect and track vehicles. However, even the most efficient object detection models are computationally expensive, making real-time processing of high-resolution videos impractical. To address this challenge, we introduce the Adaptive Input Sampler (AIS), a preprocessing module designed to selectively activate the object detector only when vehicles are present in the scene. The AIS dynamically targets specific areas of the frame where vehicles are detected, sampling these regions for downstream processing. This approach significantly reduces the computational burden on the object detector while preserving the original pixel details, enabling substantial computational savings—especially in scenarios with few or no vehicles in the monitored scene. Our experimental results demonstrate that the AIS achieves 96.40% traffic counting accuracy and 95.60% vehicle classification accuracy, while reducing the original input data size by up to 79.00%. By optimizing the volume of input data, the AIS improves computational efficiency and accelerates inference results, making it a promising solution for real-time traffic monitoring applications. The AIS represents a significant step forward in addressing the computational challenges of high-resolution video processing, offering a balance between accuracy, efficiency, and scalability for modern transportation systems.",,4,IEEE Access,"Applied Science and Technology Program, North Carolina A&T State University, Greensboro, NC, USA",iee_rob_be
IEEE Xplore,9316687,10.1109/ACCESS.2021.3049919,Journals,Finite-Time Bounded Tracking Control for Fractional-Order Systems,Hao Xie; Fucheng Liao; Yunan Chen; Xinyue Zhang; Minli Li; Jiamei Deng,2021,"This article solves the finite-time bounded tracking control problem for fractional-order systems. Firstly, by taking the fractional derivative on state equations and error signals, a fractional-order error system is constructed, and the error signal is taken as the output vector of the error system. Secondly, a state feedback controller is introduced into the error system, and the fractional derivative of disturbance signals and desired tracking signals are combined as the disturbance signal of the error system. Thus, the original problem is converted into the input-output finite time stability problem of the closed-loop error systems. Thirdly, based on the linear matrix inequalities (LMIs), the sufficient conditions which ensure the finite-time bounded tracking for the desired tracking signals are derived. Therefore, the finite-time bounded tracking controller of the original system is obtained. Finally, simulation results elucidate the effectiveness of the controller.",,4,IEEE Access,"School of Mathematics and Physics, University of Science and Technology Beijing, Beijing, China",iee_rob_be
IEEE Xplore,11105081,10.1109/JIOT.2025.3592874,Journals,Joint Optimal Design for Speed and Routing in Maritime Logistics for Green Supply Chain: A Quantum Approximate Optimization Algorithm Approach,Vu Phong Pham; Dang Van Huynh; Elif Ak; Long D. Nguyen; Berk Canberk; Octavia A. Dobre; Trung Q. Duong,2025,"Maritime transportation is essential for global trade but presents significant environmental challenges due to its greenhouse gas emissions. Existing studies have addressed these challenges through integrated routing and speed optimization frameworks, yet frequently lack explicit quantification of environmental impacts and exhibit limited scalability for large-scale ship routing operations. Conversely, existing quantum optimization research in vehicle routing predominantly targets land-based transportation scenarios, restricting its direct applicability to maritime logistics. Maritime logistics inherently involve distinct operational complexities, such as nonlinear interactions among speed, payload, fuel consumption, and numerous operational uncertainties. These combined limitations underscore the critical need for quantum optimization methods explicitly designed for green maritime supply chains. To bridge this gap, this article proposes an efficient quantum-centric optimization framework that uses the quantum approximate optimization algorithm (QAOA) to jointly optimize ship routing and speed management within sustainable maritime supply chains. Specifically, we formulate an NP-hard cost minimization problem integrating critical maritime parameters, including fuel consumption, payload constraints, and operational speeds. We further develop a hybrid quantum-classical alternating optimization approach that iteratively addresses routing decisions through quantum computing techniques and optimizes ship speed using an analytical solution. Simulation results and real quantum hardware experiments demonstrate that our quantum-centric methodology achieves substantial cost reductions and highlights the potential for practical applicability in realistic maritime operations, significantly outperforming classical optimization benchmarks.",,3,IEEE Internet of Things Journal,"Faculty of Engineering and Applied Science, Memorial University, St. John’s, Canada",iee_rob_be
IEEE Xplore,11045829,10.1109/TNSM.2025.3581557,Journals,Black Hole Prediction in Backbone Networks: A Comprehensive and Type-Independent Forecasting Model,Kiymet Kaya; Elif Ak; Eren Ozaltun; Leandros Maglaras; Trung Q. Duong; Berk Canberk; Sule Gunduz Oguducu,2025,"Network backbone black holes(BH) pose significant challenges in the Internet by causing disruptions and data loss as routers silently drop packets without notification. These silent BH failures, stemming from issues like hardware malfunctions or misconfigurations, uniquely affect point-to-point packet flows without disrupting the entire network. Unlike cyber attacks and network intrusions, BHs are often untraceable, making early detection vital and challenging. This study addresses the need for an effective forecasting solution for BH occurrences, especially in environments with unlabeled traffic data where traditional anomaly detection methods fall short. The Type-Independent Black Hole Forecasting Model is introduced to predict BH occurrences with high precision across various anomalies, including contextual and collective anomaly types. The three-stage methodology processes unlabeled time-series network data, where the data is not pre-labeled as anomaly or normal, using machine learning and deep learning techniques to identify and forecast potential BH occurrences. The ‘Point BH Identification and Segregation’ stage segregates point BH traffic using Density-Based Spatial Clustering of Applications with Noise(DBSCAN), followed by Reintegration and Time Series Smoothing. The final stage, Advanced Contextual and Collective BH Detection, leverages Convolutional AutoEncoder(Conv-AE) with window sliding for advanced anomaly detection. Evaluation using a dual-dataset approach, including real backbone network traffic and a time-series adapted public dataset, demonstrates the adaptability of the model to real backbone BH detection systems. Experimental results show superior performance compared to state-of-the-art unsupervised anomaly forecasting models, with a 98% detection rate and 90% F-1 score, outperforming models like MultiHeadSelfAttention, which is the main building block of Transformers.",,2,IEEE Transactions on Network and Service Management,"Research and Development Department, BTS Group, Istanbul, Türkiye",iee_rob_be
IEEE Xplore,11202389,10.1109/TVT.2025.3620810,Journals,"Novel DT-Assisted Vehicular Task Offloading for Cloud, Edge, and Hybrid Deployments",Sarah Al-Shareeda; Nasir Saeed; Keith Redmill; Bander A. Jabr; Yasser Bin Salamah; Ahmed Al-Dubai; Fusun Ozguner,2026,"Traditional task offloading in vehicular networks is governed by reactive, physical-layer decisions that often assume stable infrastructure availability. Traditional offloading models, Cloud-based (TC), Edge-based (TE), and Hybrid (TH), lack foresight and coordination, resulting in suboptimal performance under dynamic vehicular conditions. Digital Twin (DT) technologies offer synchronized cyber representations of physical entities, enabling predictive and system-wide control. This paper introduces a unified DT-assisted task offloading framework that shifts decision-making to the cyber layer, where synchronized DTs support foresight-driven decisions. We instantiate three deployment models, Cloud Twin (CT), Edge Twin (ET), and Hybrid Twin (HT), and formulate the offloading process as a latency minimization problem modeled as a Markov Decision Process (MDP). A Proximal Policy Optimization (PPO) agent interacts with real-time DT states to learn optimal task offloading and resource allocation strategies. Extensive simulations benchmark CT, ET, and HT against their traditional counterparts (TC, TE, TH) under varying task sizes, vehicle densities, and transmission rates. CT achieves the lowest average latency (25.8 msec), compared to 57.9 msec for TC, reducing delay by 55.4%. ET yields 67.1 msec latency versus 71.9 msec for TE, with improvements ranging from 6.3% in dense to 29.8% in sparse networks. HT achieves 60.7 msec latency versus 92.6 msec for TH, reducing delay by 15.5–49.3% depending on network density. On average, DT-assisted deployments reduce latency by 46.2% compared to traditional baselines. These results confirm the effectiveness of cyber-layer intelligence in minimizing latency and improving scalability. The proposed framework provides a reproducible foundation for intelligent offloading in future vehicular networks.",,0,IEEE Transactions on Vehicular Technology,"Informatics Institute, Istanbul Technical University, Istanbul, Türkiye",iee_rob_be
IEEE Xplore,11471819,10.1109/TGCN.2026.3679951,Journals,Scalable Machine Learning-Based Approaches for Energy Saving in Densely Deployed Open RAN,Xuanyu Liang; Ahmed Al-Tahmeesschi; Swarna Chetty; Cicek Cavdar; Berk Canberk; Hamed Ahmadi,2026,"Densely deployed base stations are responsible for the majority of the energy consumed in Radio access network (RAN). While these deployments are crucial to deliver the required data rate in busy hours of the day, the network can save energy by switching some of them to sleep mode and maintain the coverage and quality of service with the other ones. Benefiting from the flexibility provided by the Open RAN in embedding machine learning (ML) in network operations, in this work we propose Deep Reinforcement Learning (DRL)-based energy saving solutions. Firstly we propose 3 different DRL-based methods in the form of xApps which control the Active/Sleep mode of up to 6 radio units (RUs) from Near Real time RAN Intelligent Controller (RIC). We also propose a further scalable federated DRL-based solution with an aggregator as an rApp in None Real time RIC and local agents as xApps. Our simulation results present the convergence of the proposed methods. We also compare the performance of our federated DRL across three layouts spanning 6–24 RUs and 500–1000 m regions, including a composite multi-region scenario. The results show that our proposed federated TD3 algorithm achieves up to 43.75% faster convergence, more than 50% network energy saving and 37. 4% lower training energy versus centralized baselines, while maintaining the quality of service and improving the robustness of the policy.",,0,IEEE Transactions on Green Communications and Networking,"School of Physics Engineering and Technology, University of York, York, U.K.",iee_rob_be
IEEE Xplore,10473558,10.1109/IRC59093.2023.00044,Conferences,UDW: A Dataset For Automated Monitoring Of Cargo-Handling During Sling-Load Operations,Marvin Brenner; Peter Stütz,2023,"Unmanned aerial vehicles can automate transportation of construction materials and supplies to remote locations. Current operations are performed by manned helicopter crews as the cargo is typically attached with an external sling-load hook and its placement requires precise cooperation between pilot and members on the ground. To ensure the safety of comparable operations with an unmanned rotorcraft, it shall automatically assess the object composition on the ground like a human pilot. Given the limited amount of video data depicting operations in the field from a top-view perspective, a novel dataset of interactions between ground crew, pilot and payload is presented. It includes over 17,000 manual annotations for the aerial object detection of people, ground vehicles, various payloads and cargo hooks. In addition, the crew members are labelled with pose attributes to infer additional state information in the same inference step. Despite the high variation in perspective, a trained detection transformer reached a validation mAP50 of $80.4 \% $, a recall of $76.4\% $ at an inference latency of $50\ ms$ on a NVIDIA Jetson Orin. The dataset is made publicy available under the following link: https://universe.roboflow.com/lft/upsidedownwash.",,1,2023 Seventh IEEE International Conference on Robotic Computing (IRC),"Institute of Flight Systems, University of the Bundeswehr Munich, Neubiberg, Germany",iee_rob_be
IEEE Xplore,10643659,10.1109/LRA.2024.3448130,Journals,A Robust High-Strength Multi-Surface Rapid UV-Curable Payload Installation System for Generic Multirotors via Impact Delivery,Ryan Lim; Jeck Tan; Matthew Ng; Hong Yee Low; Shaohui Foong,2024,"This letter details the design and development of a novel 3D-printed, lightweight and rapid-curing automated payload installation system for aerial robots, using a 3D printed resin-filled adhesive carrier tile (ACT). Its structure is designed to fracture and disperse ultraviolet (UV) curable resin on impact, delivered with a lightweight spring-driven impactor that rams the tile against a target surface. The dispersed resin is then cured with UV light. Shear-testing experiments with 40 × 40 mm ACTs across common building materials, surface conditions and roughness demonstrate loading exceeding 900 N only after 10 seconds of curing, showcasing the strength, robustness and speed of the proposed system. Automated payload installation experiments show potential for applications requiring strong and permanent bonds to wall structures, such as sensor payloads or tether points within urban environments. To the authors' knowledge, this is the first work employing wet UV adhesives for payload installation via multirotors.",,1,IEEE Robotics and Automation Letters,"Engineering Product Development Pillar, Singapore University of Technology and Design, Singapore",iee_rob_be
IEEE Xplore,10915325,10.1109/IITCEE64140.2025.10915325,Conferences,Evaluation of UAV Path Planning Approaches for Urban Air Mobility,Tanzeem Pasha; Shri Hari M; Shreeram K R; Bhuvana Suganthi D; Jyoti Raghavendra Munavalli,2025,"In contemporary society, it is pertinent to address the feature of the Urban Air Mobility (UAM), a new mode of urban transport, whereby unmanned aerial vehicles transport people and goods with the view to rendering relief to ground traffic congestion. However, challenging as it may be, the deployment of the UAVs within the confines of the urban built environment is complex. In this systematic review, we provide state-of-the-art developments found in multi-UAV path planning for UAM. We highlight the different aspects of navigation strategies, cooperative algorithms, optimization methods, as well as collision avoidance techniques over the years. In total, we conducted analyses on thirty recent studies, such as those that deal with the combination of machine learning, bio-inspired algorithms, and other environmental-induced factors involved in the path planning process. The review results exhibit significant advances in navigation-aware planning, cooperative systems, advanced optimization techniques, and real-alive applications. However, while all these have been achieved, adaptations in real-time, dynamic environment management, and the integration of learning-based methods with conventional control methods are challenges that have continued to be faced. Future research will propose directions to fill in these gaps to further the progress towards developing efficacious, safe, and sustainable urban air transportation systems.",,1,"2025 International Conference on Intelligent and Innovative Technologies in Computing, Electrical and Electronics (IITCEE)","Dept. of Electronics & Communication Engineering, BNM Institute of Technology, Bengaluru, India",iee_rob_be
IEEE Xplore,8951214,,Books,7 FRONTIERS,John M. Jordan,2019,"Additive manufacturing is farthest along in its evolution in polymer scenarios, as the tens of millions of SLA-printed hearing aids attest. Work in metal is slightly behind, because the technology is newer, although the importance of aerospace and defense applications is pushing the frontier rapidly forward. While there remains much to learn about metal and plastic, new materials are being explored in labs and startups. Each of these—mammalian tissue, building construction, food, clothing, micromachines, and electronic circuits—represents a set of solutions to a grand-challenge-scale problem. In conjunction with mainstream uses of additive manufacturing, in turn, the many new applications challenge existing methods for education, production processes, and capital allocation.",,0,3D Printing,Pennsylvania State University,iee_rob_be
IEEE Xplore,6893400,10.1109/ETHICS.2014.6893400,Conferences,Ethics and ICT: Beyond design,Gerard van Oortmerssen,2014,"In recent years it has become quite obvious that ethical aspects play an increasingly important role in Information and Communication Technology (ICT). Many incidents like the revelations by WikiLeaks, breach of privacy by governments (massive surveillance by intelligence organisations) as well as by commercial businesses request for importunately reconsidering the way we design and use ICT systems. Recent developments towards integrating human values in design processes are briefly described, including application in the field of ICT. Where it is obvious that privacy and security aspects should be considered carefully in the design phase, it is argued here that a consideration of human values in a broader sense must be addressed in order to increase the acceptability and usefulness of new ICT systems. The role of human values for the adoption of ICT-based working methods in the building construction sector in the Netherlands was recently investigated. Some typical results are presented and discussed. They clearly demonstrate the relevance of values and can be used as a starting point for a process to enhance the adoption of the new digital way of working. It should be recognised, however, that the possibilities to foresee potential ethical aspects in the design phase are limited. Often we find that ICT systems are used in ways that were not intended by the designers. A simple example is SMS messaging, designed to support mobile systems maintenance but discovered by the public as a powerful communication tool. But more important, ICT is developing at an increasingly rapid pace into a huge organism-like “whole” of interconnected systems. This global, web-based “super-system” is not designed but is growing and evolving similar to biological systems. Although the constituting components are designed and controlled by humans, the ensemble, the “whole”, is not. Consequently, we can expect new emergent behaviour due to the ever growing complexity, raising new ethical issues that were not and could not be foreseen. We should be aware of this development and it is argued that a debate among engineers, scientists and the general public is needed to raise awareness, determine our common values and find new strategies to safeguard these values to the maximum possible.",,0,"2014 IEEE International Symposium on Ethics in Science, Technology and Engineering","Tilburg Center for Cognition and Communication, Tilburg University, Tilburg, The Netherlands",iee_rob_be
IEEE Xplore,11042134,10.1109/ICAISS61471.2025.11042134,Conferences,Application of Artificial Intelligence: Recurrent Neural Network and Convolution Neural Network Performs in Industrial Design and Optimization,Venkata Pradeep Reddy Pamaiahgari; Gottumukkala Santhi; Kiran Jagannadha Reddy; Pamula Udayaraju; Sudharshan Tumkunta,2025,"Efficiency is supreme in Industrial Engineering. Many advanced AI algorithms are generally used in the industrial environment to monitor, identify, and detect machinery conditions and other related activities. The primary challenging task is accurate fault detection, which is essential to classifying the defects in manufacturing. Hence, choosing a suitable AI algorithm for monitoring the industrial environment is most important. This paper intends to solve the problem of automatically optimizing specific industrial products' design, structure, and process; it selects advanced AI models, such as RNN and CNN. The paper will address the optimization issue using neural networks in the Recurrent Neural Network and Convolutional Neural Network architectures. The goal behind the CNN model is to implement fault detection, selection of construction materials, and validation of the design through CAD methods utilizing feature extraction and pattern recognition. The RNN model assists the user by",,0,2025 Third International Conference on Augmented Intelligence and Sustainable Systems (ICAISS),"Wendys International LLC, Dublin, OH, USA",iee_rob_be
IEEE Xplore,10214366,10.1109/TSG.2023.3304196,Journals,Novel IoT-Based Droop Control for Battery SoC Balancing Among Multiple Microgrids,Doaa M. Yehia; Mohamed Numair; Diaa-Eldin A. Mansour,2024,"Energy storage systems are a crucial part of microgrids, making up for their autonomous operation. Therefore, much research has focused on increasing their lifetime and operational efficiency. One of the most viable topics is maintaining connected energy storage units (ESUs) at the same state of charge (SoC). Droop control techniques have been developed in centralized, decentralized, and distributed fashions. This paper proposes a novel IoT-based droop control that can achieve SoC balancing not only within the same microgrid but also between multiple microgrids. The proposed architecture increases reliability and flexibility while allowing the system to be expanded, reconfigured, or upgraded, enabling the plug-and-play capability more easily. First, the proposed IoT-based hierarchical control and communication architecture is presented. Then, the proposed SoC balancing technique and its coordination with IoT architecture are introduced. Through 24-hour simulations, the proposed technique’s scalability, adaptiveness, and robustness are validated under different scenarios, including the operation of any microgrids or ESUs with different capacities and the operation in case of a communication failure. Finally, the IoT value chain of the proposed technique is experimentally validated using a physical laboratory microgrid that uses HTTP protocol to send and receive data through the ThingSpeak IoT-cloud service.",,44,IEEE Transactions on Smart Grid,"Electrical Power and Machines Engineering Department, Faculty of Engineering, Tanta University, Tanta, Egypt",iee_rob_be
IEEE Xplore,10947532,10.1109/TIM.2025.3557124,Journals,AIoT: Artificial Intelligence and the Internet of Things for Monitoring and Prognosis of Systems and Structures,Hailing Fu; Jing Rao; Fang Deng; Yihan Wang; Bowen Zhao; Zhuowen Liu; Hong Guan; Paweł H. Malinowski; Lijun Xu,2025,"The Internet of Things (IoT) and artificial intelligence (AI) are revolutionizing the operation of systems, processes, infrastructure, and society, especially in the context of monitoring and prognosis. In these applications, it is crucial to adopt various types of sensors that can accurately assess the condition of systems and structures across extensive areas in a distributed manner and to effectively process multimodal sensing data using AI algorithms. This enables the autonomous and intelligent operation of systems and structures in a safe and efficient way. To summarize recent progress and challenges, this article presents a comprehensive review of the fundamentals of AI and IoT, their recent advancements, and their integration in monitoring and prognosis applications. Current issues, challenges, and future directions are discussed and summarized to highlight potential advancements in this rapidly evolving area. Overall, the combination of AI and IoT will significantly enhance the autonomy and intelligence in the monitoring and prognosis of systems and structures, leading to the era of the Artificial Intelligence of Things (AIoT).",,19,IEEE Transactions on Instrumentation and Measurement,"School of Automation, Beijing Institute of Technology, Beijing, China",iee_rob_be
IEEE Xplore,10586905,10.26599/JICV.2023.9210027,Journals,Localization and Mapping Algorithm Based on Lidar-IMU-Camera Fusion,Yibing Zhao; Yuhe Liang; Zhenqiang Ma; Lie Guo; Hexin Zhang,2024,"Positioning and mapping technology is a difficult and hot topic in autonomous driving environment sensing systems. In a complex traffic environment, the signal of the Global Navigation Satellite System (GNSS) will be blocked, leading to inaccurate vehicle positioning. To ensure the security of automatic electric campus vehicles, this study is based on the Lightweight and Ground-Optimized Lidar Odometry and Mapping on Variable Terrain (LEGO-LOAM) algorithm with a monocular vision system added. An algorithm framework based on Lidar-IMU-Camera (Lidar means light detection and ranging) fusion was proposed. A lightweight monocular vision odometer model was used, and the LEGO-LOAM system was employed to initialize monocular vision. The visual odometer information was taken as the initial value of the laser odometer. At the back-end opti9mization phase error state, the Kalman filtering fusion algorithm was employed to fuse the visual odometer and LEGO-LOAM system for positioning. The visual word bag model was applied to perform loopback detection. Taking the test results into account, the laser radar loopback detection was further optimized, reducing the accumulated positioning error. The real car experiment results showed that our algorithm could improve the mapping quality and positioning accuracy in the campus environment. The Lidar-IMU-Camera algorithm framework was verified on the Hong Kong city dataset UrbanNav. Compared with the LEGO-LOAM algorithm, the results show that the proposed algorithm can effectively reduce map drift, improve map resolution, and output more accurate driving trajectory information.",,10,Journal of Intelligent and Connected Vehicles,"School of Mechanical Engineering, Dalian University of Technology, Dalian, China",iee_rob_be
IEEE Xplore,10537183,10.1109/ACCESS.2024.3404554,Journals,PIXGAN-Drone: 3D Avatar of Human Body Reconstruction From Multi-View 2D Images,Ali Salim Rasheed; Marwa Jabberi; Tarek M. Hamdani; Adel M. Alimi,2024,"Study is being conducted on training Generative Adversarial Networks (GANs) from 2D datasets to generate 3D human body avatars. Numerous applications, such as virtual reality, sports analysis, cinematography, surveillance, and more, have advanced significantly as a result of the promising research in this subject. Aerial photography sensors together with drone active tracking can remove occlusions and enable 3D avatar body reconstruction by avoiding obstacles and generating high-resolution, rich-information multi-view (RGB) photos. Training failures of 3D avatar reconstruction techniques lead to distortions and loss of features in 3D reconstructed models due to several reasons, including limited viewpoint coverage, visible occlusions, and texture disappearance. The recently developed end-to-end trainable deep neural network technique This work presents PIXGAN-Drone, a photo-realistic 3D avatar reconstruction system for the human body from multi-view photos. To create high-resolution 2D models, is predicated on integrating aerial photography sensors (a steady autonomous circular motion system) coupled with active tracking drones into the Pix2Pix GANs training framework. Accurate and realistic 3D models can be created with conditional image-to-image translation and dynamic aerial views. This study used tests on several datasets to show that our approach outperforms state-of-the-art approaches for a variety of metrics (Chamfer, P2S, and CED). Our 3D reconstructed human avatars in RenderPeople were 0.0293, 0.0271, and 0.0232; on People Snapshot (inside), 0.0133, 0.0136, 0.0050; on People Snapshot (outdoor), 0.0154, 0.0101, 0.0063; and on Custom data-drone (collected dataset), 0.0316, 0.0275, 0.0216.",,4,IEEE Access,"Department of Media Technology and Communications Engineering, College of Engineering, University of Information Technology and Communications, Baghdad, Iraq",iee_rob_be
IEEE Xplore,5662487,10.1109/GCC.2010.63,Conferences,Constraint Rules-based Recovery for Business Transaction,Cao Jiuxin; Zhang Biao; Mao Bo; Liu Bo,2010,"In web service computing, a business transaction is integrated by web services provided by multiple enterprises, therefore the transaction is deployed in a loose-coupled, heterogeneous and autonomous environment. When failures or exceptions occur, the traditional rolling back technique is inappropriate for recovery since locking is inapplicable. Current solutions, including forward recovery and backward recovery, didn't take into consideration enough business logic of the business transaction and thus were lack of flexibility and efficiency. In this paper, we introduce the conception-constraint rule, which express the business logic of a business transaction. A better control of recovery is achieved based on the constraint rules. A detailed description of our algorithms for recovery is given and a travel agency case study is illustrated. In addition, we compare our recovery mechanism with some existing solutions and the simulation results show that our method has both better success rate and efficiency.",,3,2010 Ninth International Conference on Grid and Cloud Computing,"School of Computer Science and Engineering, South-East University, Nanjing, China",iee_rob_be
IEEE Xplore,11437543,10.1109/TSG.2026.3674759,Early Access Articles,Optimising P2P Energy Trading Using Internet of Things and Agentic AI Cluster Zooming,Kelvin Anoh; Benard Kipchumba; Dejan Vukobratovic; Augustine Ikpehai; Kennedy Chinedu Okafor; Sabita Maharjan; Bamidele Adebisi,2026,"Artificial intelligence (AI) has become the game changer in smart grids-an enabler of network autonomy, self-healing, and reconfiguration. This study integrates AI and Internet of Things (IoT) to organise peer-to-peer (P2P) energy prosumers into virtual clusters without altering the physical topology of the power network. The aim is to enable an autonomous, scalable and dynamic virtual microgrids (VMG) by leveraging federated learning, agentic AI, AI agents, IoT, and cluster zooming to optimise P2P energy trading costs for prosumers and operational expenditure (OPEX) for network operators, depending on the number of prosumers available. The study employs a central controller AI to coordinate multiple local AI agents. Each AI agent resides in the network server and monitors energy trading traffic for each long-range wide-area network (LoRaWAN) gateway to optimise trading and OPEX costs via cluster zooming achieved by the spreading factor (SF) via adaptive data rate (ADR) mechanism of LoRaWAN. The agentic AI module in the cloud autonomously selects and adapts the network coverage based on SF, via the AI energy trading agent configured in the LoRaWAN access network server, to zoom the clusters (i.e., VMGs) in grid-connected and island modes. The study formulates an energy trading model connecting the physical (electrical) and virtual (telecom) distances and OPEX in the VMG. With agentic AI-assisted cluster zooming, over 70% of the energy is traded at lower SF. At the same time, the energy costs decrease by 40% in proportion to the network size and the number of prosumers. For the network operator, OPEX reduces by 21% and 38% in base-station power consumption. Ultimately, grid-connected prosumers pay higher charges than their off-grid counterparts. The agentic AI model in this study exemplifies a use case of the 3GPP model of the future 6G network.",,0,IEEE Transactions on Smart Grid,"Centre for Future Technologies, University of Chichester, Bognor Regis, UK",iee_rob_be
IEEE Xplore,11301685,10.1109/JIOT.2025.3645009,Journals,Intent-Based Secure Fault Tolerance Model With Integrated AI for Edge-IoT Networks,Menwa Alshammeri; Mamoona Humayun; Khalid Haseeb; Malak Alamri; Abdellah Chehri; Gwanggil Jeon,2026,"The development of real-time applications integrated with intent-based networking (IBN) integrates an Internet of Things (IoT), providing interconnection between heterogeneous devices and physical objects for the formulation of smart cities. These systems provide seamless communication and maintain the adaptive network policies and infrastructure. Many existing schemes have proposed solutions for efficient routing with support from intelligent architectures; however, although most of them overlook the bounded and limited resources of IoT networks, they impose additional overhead while addressing unpredictable communications in IBN-IoT. Furthermore, security and trustworthiness are significant research challenges that must be addressed to prevent data breaches and allow only the use of authentic devices. This research presents a scalable model for an IBN-IoT environment that utilizes edge computing to enable trustworthy and fault-tolerant communication with energy efficiency. First, software-defined networking (SDN) is explored for load balancing and effective resource allocation in 6G-IoT systems. Second, the proposed model explores artificial intelligence techniques to analyze the network environment and predict anomalies in the fault tolerance approach. Finally, data is kept private and maintained in integrity using a private blockchain, providing a more reliable, distributed, autonomous system with minimal overhead. Using synthetic data, the proposed model is validated against quantum genetic algorithm and ant colony optimization (QGA-ACO) and metaheuristic energy-aware routing with optimal DL-based anomaly detection technique (MER-ODLADT) solutions for energy consumption, anomaly detection, and time-to-failure metrics across dynamic scenarios.",,0,IEEE Internet of Things Journal,"Department of Computer Science, College of Computer and Information Sciences, Jouf University, Sakaka, Al-Jouf, Saudi Arabia",iee_rob_be
IEEE Xplore,11450726,10.1109/GCET68529.2025.11450726,Conferences,An application of Neural Network for Human Performance Modelling,Keattikorn Samarnggoon; Mohammad S. Hasan; Hongnian Yu; Russell Campion,2025,"Human Performance Modelling (HPM) is needed in many applications e.g. predicting driver performance for semi-autonomous vehicles, eSports gamers, adaptive machines in manufacturing to improve safety, productivity or a response from a machine. However, it is often challenging to establish a reliable HPM. This paper proposes and validates Neural Network (NN) models for human performance using a simulated Inverted Pendulum Driven Capsule Model (IPDCM) platform as a case study. The joystick data is utilised to build a classification and a regression model to predict the IPDCM’s movement direction and position, respectively. Then the number of neurons in the single hidden layer is optimised for both models using 10-time-10-fold cross-validation. Finally, the optimised classification and regression NN models are applied to a blind test dataset which exhibits accuracies of 92.2% and 77.01%, respectively.",,0,2025 Global Congress on Emerging Technologies (GCET),"Department of Digital Game, Chiang Mai University, Thailand",iee_rob_be
IEEE Xplore,11048768,10.1109/IOTM.001.2400222,Magazines,RFiDAR: Contactless RFID and Radar Data Fusion for Enhanced Human Activity Recognition,Muhammad Zakir Khan; William Taylor; Muhammad Usman; Jawad Ahmad; Naeem Ramzan; Bilal A. Khawaja; Arshad Karimbu Vallappil; Muhammad Imran; Qammer H. Abbasi,2025,"Human activity recognition (HAR) in indoor environments is essential for healthcare, elder care, and assisted living applications, especially in complex scenarios involving non-line-of-sight (NLoS) and long-range conditions. Traditional single-sensor HAR systems often struggle with accuracy and reliability in such environments. This study introduces the RFiDAR system, a novel fusion approach that combines radio frequency identification (RFID) and Radar technologies with an LSTM-variational autoencoder (LSTM-VAE) model to enhance HAR accuracy and reliability. The RFiDAR system applied data-level, feature-level, and decision-level fusion techniques to integrate temporal patterns from RFID and Radar data, facilitating the recognition of five distinct activities at varying distances. Results indicate that fusion methods, particularly feature-level fusion, significantly improve classification accuracy. For instance, feature-level fusion achieves up to 98.8% accuracy at 2 meters and 97.9% at 3 meters, outperforming single-sensor models by 5.3% and 6.2%, respectively. The RFiDAR system demonstrates superior performance in complex scenarios, offering reliable and cost-effective solutions for autonomous, long-term monitoring. The proposed approach has potential applications in healthcare and accessible IoT environments and demonstrates the innovative impact of multi-sensor fusion in developing safe, flexible, and inclusive technology.",,0,IEEE Internet of Things Magazine,"James Watt School of Engineering, the University of Glasgow, UK",iee_rob_be
IEEE Xplore,11278042,10.1109/TASE.2025.3640208,Journals,Set-Membership Global Estimation for Multi-Sensor Asynchronous Sampling Systems: A Soft Actor–Critic-Based Approach,Zhenxiang Wang; Yilian Zhang; Weimin Xu; Qinqin Fan; Fuwen Yang,2026,"This paper investigates a novel set-membership global estimation method for a class of discrete time-varying systems with unknown-but-bounded noises. Firstly, in order to improve the accuracy of the state estimation, a multi-sensor network structure is deployed for the considered system, in which the adjacent sensors can communicate with each other. Considering the different sampling rates of multiple sensors, a resampling strategy is proposed to transform the asynchronous sampling system into a synchronous one. Additionally, the unknown-but-bounded noises and system parameter variations are considered. A novel distributed set-membership filter with parameter variation is designed, and the optimal local state estimation ellipsoid is obtained by developing a convex optimization method. Subsequently, a soft actor-critic algorithm based on reinforcement learning is proposed, which fuses all local estimation ellipsoids from each sensor to obtain global estimation results, providing a solution for the considered system. Finally, a port crane system is employed for performance analysis to verify the feasibility and effectiveness of the proposed method. Note to Practitioners—This work addresses the problem of global state estimation in time-varying multi-sensor networks, which is a key component of modern intelligent systems that provides the foundation for monitoring and control. In practice, asynchronous sampling and unknown-but-bounded noises may reduce the reliability of multi-sensor estimation, and it is difficult to determine appropriate fusion weights for local estimations. In this work, we introduce a resampling strategy to synchronize data, design distributed set-membership filters to obtain local ellipsoidal estimations, and develop a global fusion strategy based on deep reinforcement learning. The learning framework is implemented through an offline training–online deployment scheme, enabling adaptive fusion while accounting for sensor performance differences. The proposed approach has been applied to a crane system for monitoring, showing effective performance. This work offers a promising tool for monitoring in industries such as intelligent manufacturing, autonomous driving, and robotics, and also provides a foundation for precise system control.",,0,IEEE Transactions on Automation Science and Engineering,"Key Laboratory of Transport Industry of Marine Technology and Control Engineering, Shanghai Maritime University, Shanghai, China",iee_rob_be
IEEE Xplore,8908127,10.1109/HONET.2019.8908127,Conferences,Vision-Guided Robot for Planetary Habitat Assembly,Kohl A. Whitlow; Aidan F. Browne,2019,"The focus of this research is to develop a vision guided autonomous system for simulated structure assembly on distant planets/moons. This concept supports NASA’s Space Technology Mission Directorate (STMD) by enabling autonomous structure or habitat assembly. To accomplish this, simulated building materials shaped as bricks are used to assemble structures in a similar fashion as on earth. The bricks would be produced via additive manufacturing from the in-situ environment, which is not the focus of this research. This is an alternative methodology to many of the NASA 3D Printed Habitat Centennial Challenge concepts; it is accomplished by mounting a robot arm atop a mecanum drive robotic platform. The mecanum base enables the system to traverse omni-directionally over the terrain while the robot arm provides material manipulation abilities. To counter the changing work conditions, a vision system provides flexible peripheral input. The system would travel to the approximate build location then the vision system would provide guided input for the automated assembly. Each subsystem provides flexibility to simulate a scenario of being deployed on a distant planet/moon while the appropriately sized construction blocks allowed the rover to build a structure piece by piece.",,0,2019 IEEE 16th International Conference on Smart Cities: Improving Quality of Life Using ICT & IoT and AI (HONET-ICT),"William States Lee College of Engineering, The University of North Carolina at Charlotte, Charlotte, NC 28223, USA",iee_rob_be
IEEE Xplore,7046064,10.1109/UKSim.2014.50,Conferences,Monitoring Concepts for a 3D Printer Applied to Build a Human Outpost on the Moon,Valentina Colla; Enrico Dini; Giovanni Cesaretti; Xavier De Kestelier; Laurent Pambaguian,2014,"The paper presents the concept of a monitoring system for a 3D printer capable of printing big artifact, which has been successfully evaluated for a possible application for building components of a human outpost on the Moon surface by using the local sand. The monitoring system is designed to allow autonomous detection of eventual faults or decrease of printing performance, in order to early operate suitable countermeasures, by taking into account that the human supervision on the printing operations will be absent or very poor. The monitoring systems exploits an industrial CCD camera positioned above the printing area and directed perpendicular to the layer plane, which collects images of the printing process and computes some performance index on the basis of the comparison to the ideal shape of the area to be printed. Such system has been tested on some preliminary printing experiments and the concepts for further exploitation of the extracted information has been developed.",,0,2014 UKSim-AMSS 16th International Conference on Computer Modelling and Simulation,"TeCIP Institute - Scuola Superiore Sant’ Anna, Pisa, Italy",iee_rob_be
IEEE Xplore,1650045,10.1109/ISEE.2006.1650045,Conferences,Wireless Sensors and Controls Make the Organic Building,J.T. Adams,2006,"The concept of the intelligent building, able to make informed, autonomous decisions about energy consumption based upon real-world variables such as occupancy and the external environment, has suffered from the cost and complexity required to deploy sufficient sensors and actuators to provide fine-grained control and sensing. While there have been a plurality of proprietary wireless systems developed over the past decade or so for application to this problem, these systems have suffered from robustness and reliability issues, as well as the inability to scale well in cost and network complexity. In 2003, the IEEE 802.15.4 standard was ratified, and almost immediately silicon manufacturers began producing compliant single-chip radios. The ZigBee Alliance, formed in 2002 and dedicated to using the IEEE standard as its baseline wireless communications standard, has developed a specification that allows the rapid creation of mesh networks that are also self-healing. With energy-saving features designed into the basic IEEE standard, and other possibilities applied by the applications developer, IEEE 802.15.4 radios have the potential to be the cost-effective communications backbone for simple sensory mesh networks that can effectively harvest data with relatively low latency, high accuracy, and the ability to survive for a very long time on small primary batteries or energy-scavenging mechanisms like solar, vibrational, or thermal power. This paper focuses on the commercial building control environment and its needs for substantial energy consumption reduction now and in the future by means of more tightly linking the raw energy consumption with the human presence or activity within the building. A practical example of green building construction on a small scale, with some level of linking between the disparate systems, is given",,6,"Proceedings of the 2006 IEEE International Symposium on Electronics and the Environment, 2006.","Freescale Semiconductor, Inc., Tempe, AZ, USA",iee_rob_be
IEEE Xplore,9589770,10.1109/IECON48115.2021.9589770,Conferences,3D Printing Deformation Estimation Using Artificial Vision Strategies for Smart-Construction,Juan Villacrés; Robert Guamán; Oswaldo Menéndez; Fernando Auat Cheein,2021,"Additive manufacturing is a disruptive technology that enables the efficient construction of lighter and stronger concrete structures. In general, fabrication procedures are produced by industrial 3D printers, which constantly deposit concrete to ensure high building standards and reduce potential deformations in generated components. However, the deposition rate of building materials remains an empirical and heuristic procedure that depends on prior knowledge of the model. This work introduces a methodology to automatically detect deformations in printed layers by analyzing the 3D characterization of concrete structures. To this end, the performance of a monocular camera, LiDAR, and LiDAR-camera is studied according to point cloud density and 3D map reconstruction. In addition, a portable ground-based system for detecting possible deformations is conceived, manufactured, and experimentally tested. Empirical findings show that the proposed system is capable of detecting printed layer variation with a low error of 0.3%, revealing that the low-cost sensors can be an autonomous and highly reliable solution for deformation detection in concrete structures.",,10,IECON 2021 – 47th Annual Conference of the IEEE Industrial Electronics Society,"Department of Electronics, Federico Santa María Technical University, Valparaíso, Chile",iee_rob_be
IEEE Xplore,1305102,,Conferences,"Photovoltaics RTD, demonstration and promotion supported by the European Commission",W. Gillett; P. Menna; R. Ostrom; H. Scholz,2003,"In view of the EU's policy commitments to expanding the contribution of renewable energy sources (notably renewable electricity) to final EU energy consumption and to supporting is use in third countries, the future development of PV in the European Union will be supported through both research and demonstration actions. Research will focus on the next generation of PV technologies, including thin film PV, processing and automated manufacturing, cost reductions for components and systems as well as research for innovative applications of PV in the built environment. The aim of the demonstration activities will be to accelerate the market penetration of more cost-effective PV technologies. The priorities are to demonstrate innovative production concepts for high efficiency modules (including integrated inverter solutions), and to transfer a new generation of PV products to industrial scale, as well as to promote the markets for building integration and autonomous generation systems. Special attention will be given to facilitating access to new PV technologies for developing countries.",,0,"3rd World Conference onPhotovoltaic Energy Conversion, 2003. Proceedings of","Directorate General for Energy and Transport, European Commission, Brussels, Belgium",iee_rob_be
IEEE Xplore,10156031,10.1109/ICUAS57906.2023.10156031,Conferences,Nonlinear MPC for Full-Pose Manipulation of a Cable-Suspended Load using Multiple UAVs,Sihao Sun; Antonio Franchi,2023,"In this work, we propose a centralized control method based on nonlinear model predictive control to let multiple UAVs manipulate the full pose of an object via cables. At the best of the authors knowledge this is the first method that takes into account the full nonlinear model of the load-UAV system, and ensures all the feasibility constraints concerning the UAV maximumum and minimum thrusts, the collision avoidance between the UAVs, cables and load, and the tautness and maximum tension of the cables. By taking into account the above factors, the proposed control algorithm can fully exploit the performance of UAVs and facilitate the speed of operation. Simulations are conducted to validate the algorithm to achieve fast and safe manipulation of the pose of a rigid-body payload using multiple UAVs. We demonstrate that the computational time of the proposed method is sufficiently small (<100 ms) for UAV teams composed by up to 10 units, which makes it suitable for a huge variety of future industrial applications, such as autonomous building construction and heavy-load transportation.",,23,2023 International Conference on Unmanned Aircraft Systems (ICUAS),"Robotics and Mechatronics Department, Electrical Engineering, Mathematics, and Computer Science (EEMCS) Faculty, University of Twente, AE Enschede, The Netherlands",iee_rob_be
IEEE Xplore,7008980,10.1109/INTELES.2014.7008980,Conferences,Directional enhancements for emergency navigation,Andras Kokuti; Erol Gelenbe,2014,"We present a novel direction based shortest path search algorithm to guide evacuees during an emergency. It uses opportunistic communications (oppcomms) with low-cost wearable mobile nodes that can exchange packets at close range of a few to some tens of meters without help of an infrastructure. The algorithm seeks the shortest path to exits which are safest with regard to a hazard, and is integrated into an autonomous Emergency Support System (ESS) to guide evacuees in a built environment. The ESS that we propose, that includes the directional algorithm and the Oppcomms, are evaluated using simulation experiments with the DBES (Distributed Building Evacuation Simulator) tool by simulating a shopping centre where fire is spreading. The results show that the directional path finding algorithm can offer significant improvements for the evacuees. In particular, we see that the improved and more reliable communications offered by Oppcomms, especially when the number of evacuees is larger, can help to compensate for the effects of congestion and improve the overall success of the evacuation scheme. Throughout the simulations we observe improvements of a few percent, which can translate into a valuable number of more people that are safely evacuated when human lives and safety are at risk.",,1,2014 IEEE Symposium on Intelligent Embedded Systems (IES),"Department of Electrical and Electronic Engineering, Intelligent Systems and Networks Group, UK",iee_rob_be
IEEE Xplore,6645849,10.1109/ISCIT.2013.6645849,Conferences,A novel two-stage Multi-crieteria evaluation for internal attack in WSN,Muhammad R Ahmed; Xu Huang; Hongyan Cui; N. K. Srinath,2013,"Wireless sensor networks (WSNs) are an emerging technology for collecting data about the natural or built environment. They consist of low-cost and multifunctional resources and autonomous nodes comprising the appropriate sensors along with computational devices that transmit and receive data wirelessly. The nodes work independently to function on environmental conditions. Normally each node cooperates with its neighbours to wirelessly transmit their readings via a deployed network. A wireless sensor network can be used for many different applications range from a military implementation in the battlefield, an environmental monitoring, playing an function in health sector as well as emergency response of surveillance. With its nature and application scenario WSN had drawn a great attention to the increasing applications. In order to ensure its functionality especially in malicious environments, security mechanisms become essential. Internal attacks have gained prominence and pose most challenging threats to all WSNs. Althougḩ a number of works has been done to secure a WSN but internal attacks have gained little attention. The conventional cryptographic technique does not give the appropriate security to save the network from internal attack that cause by abnormally behaved legitimate nodes. In this paper, we have proposed a new approach for detecting internal attack in two stages with multi-criteria evaluation. A prior to the stage of implementation we have checked whether the targeted node is in transmission range or not then in the current stage, we will make a misbehavior judgment with Abnormal Behavior Identification Mechanism (ABIM) by using cosine similarity for abnormality. Secondly, we combined the multiple pieces of evidences made by the internal attacker or the abnormally behaved nodes evidenced by information sources and then using the Dempester-Shafer Theory (DST) to make final decision. The advantage of this method is that it does not need the knowledge about the normal or malicious node in advance.",,0,2013 13th International Symposium on Communications and Information Technologies (ISCIT),"School of Information Sciences and Engineering, University of Canberra, ACT, Australia",iee_rob_be
IEEE Xplore,11260078,10.1109/ECCE58356.2025.11260078,Conferences,"Leveraging IoT, Big Data and AI Capabilities for Technological Regenerative Innovation in Commercial and Industrial Energy Management",Nouman Ahmed; Guido Canti; Giacomo Cassetta; Yuemin Ding; Norma Anglani,2025,"Traditional energy management systems in the commercial and industrial (C&I) built environment rely on reactive maintenance and fixed operational parameters, leading to sub-optimal energy efficiency and increased operational costs. This paper presents a comprehensive data driven framework that integrates Internet of Things (IoT) sensors, Big Data analytics platforms, and Explainable Artificial Intelligence (XAI) to transform energy management from reactive to predictive framework. The proposed technological regenerative innovation(TRI) framework employs real time IoT enabled condition monitoring to collect granular data related to mostly energy consumption, which is processed through machine learning algorithms or SHAP (SHapley Additive Explanations) analysis providing interpretable insights into energy consumption patterns and decision making strategies as compared to conventional statistical analysis, to ensure transparency and stakeholder trust. Two case studies show the practicality of the TRI framework's effectiveness: (i) a commercial chiller system and (ii) an industrial chiller facility in which hourly data was considered which showed predictive accuracy with ML models. The industrial case study presented critical operational parameters through SHAP analysis, identifying key parameters driving primary energy consumption. A scalable TRI framework, applicable for autonomous energy systems, increases improvement in predictive and provides actionable XAI insights enabling targeted energy analysis for system efficiency and sustainability. Through practical implementation, proposed TRI framework provides energy managers with transparent, AI-driven tools that shift energy management from reactive maintenance to predictive optimization, delivering actionable insights through SHAP analysis and reliable forecasting capabilities.",,0,2025 IEEE Energy Conversion Conference Congress and Exposition (ECCE),"University of Pavia IUSS Pavia, Pavia, Italy",iee_rob_be
IEEE Xplore,9631132,10.1109/TNNLS.2021.3123833,Journals,Guest Editorial Special Issue on Adaptive Learning and Control for Autonomous Vehicles,Ahmet Enis Cetin; Qing-Guo Wang,2021,"Recent developments in the field of neural networks, adaptive learning, and control will enable autonomous vehicles to operate in complex environments including urban, rural, and dangerous environments.",,0,IEEE Transactions on Neural Networks and Learning Systems,"Department of Electrical and Computer Engineering, University of Illinois at Chicago, Chicago, IL, USA",iee_rob_be
IEEE Xplore,9942841,10.1049/et.2022.0923,Magazines,Interview Dr Andy Levers,Andy Levers,2022,"WE'RE SITTING in a conference room in the recently inaugurated Digital Innovation Facility (DIF), a £12.7m centre of excellence for emerging engineering technologies. Headed by Dr Andy Levers, DIF is a purpose-built environment to support collaborations and partnerships between academia and industry in the areas of computer and data science, robotics and engineering. Levers' full title is executive director of the Institute of Digital Engineering and Autonomous Systems (IDEAS), which sits above DIF and the Virtual Engineering Centre in the organisational food chain. He says that DIF was set up to bring together a multi-disciplinary team of engineers, scientists and technologists who will use their expertise to ""maximise the possibilities and impact of these emerging technologies"".",,0,Engineering & Technology,,iee_rob_be
