source_db,id,doi,item_type,title,authors,year,abstract,keywords,citedby_count,journal_or_venue,affiliation_country,task
IEEE Xplore,9911128,10.1109/ICAC55051.2022.9911128,Conferences,Robotic disassembly and remanufacturing automation,Yongjing Wang,2022,"Disassembly is a key step in remanufacturing and recycling, both of which are critical components in a circular economy. Disassembly is also a common operation in the repair and maintenance of machines and public infrastructure facilities (e.g. transport and energy). In many ways, disassembly is challenging to robotise due to variability in the condition of the returned products and the required dexterity in robotic manipulations. Unlike the tasks that have no physical contacts (e.g. computer visual inspection) or simple contacts (e.g. cutting, welding, pick-and-place), disassembly usually involves complex contact problems. Compared to the assembly of new products, which is deterministic because the components to be assembled are of known geometries, dimensions and states, disassembly is more stochastic as it has to contend with used products of uncertain shapes, sizes and conditions. This talk reviews progress that has been made at Birmingham in the area of robotic disassembly and emerging opportunities.",,0,2022 27th International Conference on Automation and Computing (ICAC),,iee_dec_rob
IEEE Xplore,9419740,10.1109/TASE.2021.3072663,Journals,Robotic Disassembly Sequence Planning With Backup Actions,Yuanjun Laili; Xiang Li; Yongjing Wang; Lei Ren; Xiaokang Wang,2022,"A key step in remanufacturing is disassembly of the “core” or the returned product to be remanufactured. Disassembly sequence planning is challenging due to uncertainties in the conditions of the cores. Rust, corrosion, deformation, and missing parts may require disassembly plans to be changed and adapted frequently. Conventional industrial automation that usually serves in repetitive and structured activities may fail when it is applied to disassembly. This research investigates the flexible sequencing of robotic disassembly in the presence of failed automation operations and develops online recovery by incorporating backup actions. It starts with modeling the time and success rate of a backup action. The expected disassembly time and completion rate of a disassembly plan are deduced according to the failure probability of both the operations and their backup actions. A biobjective optimization model for robotic disassembly sequence planning is established using a dual-selection multiobjective evolutionary algorithm. Two solution selection criteria are combined to produce potential offspring candidates in each evolutionary generation. Experimental results show that the backup actions allow efficient recovery from automation and can potentially improve the robustness of robotic disassembly. Note to Practitioners—This research was motivated by the development of automated disassembly techniques. Industrial automation techniques usually use predetermined operation motions. Robotic disassembly using such an approach may fail due to uncertainties in the condition of the products (e.g., positioning and geometry). This article introduces backup actions for disassembly sequence planning and describes the logic and reasoning of their implementation. Our proposed method can theoretically increase the completion rate of automated robotic disassembly. Experimental studies suggested that backup actions are efficient in providing a reliable disassembly sequence and, thus, can improve the robustness of robotic disassembly. In future research, we will implement typical backup actions and establish an automated disassembly process with a replanning module.",,24,IEEE Transactions on Automation Science and Engineering,"School of Automation Science and Electrical Engineering, Beihang University, Beijing, China",iee_dec_rob
IEEE Xplore,7081199,10.1109/ICARA.2015.7081199,Conferences,General plans for removing main components in cognitive robotic disassembly automation,Supachai Vongbunyong; Sami Kara; Maurice Pagnucco,2015,"A principle of cognitive robotics has been introduced to resolve the problems associated with the uncertainties and variations found in the automated disassembly process. The general plans are used to compensate the inaccurate information perceived by the sensors. They are used in the trial-and-error phase to remove particular types of main components according to cognitive behaviours. Statistical information is used to identify the operation plans and the parameters for (semi-)destructive disassembly. The effectiveness of these plans determines the success rate of the disassembly and the degree of autonomy. In this paper, PCBs and PCB cover in various model LCD screens were used as a case-study.",,9,"2015 6th International Conference on Automation, Robotics and Applications (ICARA)","School of Mechanical and Manufacturing Engineering, The University of New South Wales, Sydney, Australia",iee_dec_rob
IEEE Xplore,4384759,10.1109/INDIN.2007.4384759,Conferences,Generation and Application of Precedence Information for the Planning of Assembly and Disassembly Procedures,Iker Aguinaga; Diego Borro; Luis M. Matey,2007,"The correct planning of the assembly or disassembly of a product is of great importance for many aspects of a product such as its final cost, its impact on the environment or the number of hours that it can be used. We present a method for the automatic and fast generation of part precedence information for the planning of assembly and disassembly sequences of a complex product, based only on the geometric representation of a product. The information generated by this method can be applied to a variety of applications that covers a great part of the life cycle of a product.",,0,2007 5th IEEE International Conference on Industrial Informatics,"CEIT and TECNUN (University of Navarra), San Sebastian, Spain",iee_dec_rob
IEEE Xplore,9376672,10.1109/TASE.2021.3061506,Journals,Energy-Efficient Robotic Parallel Disassembly Sequence Planning for End-of-Life Products,Kaipu Wang; Liang Gao; Xinyu Li; Peigen Li,2022,"End-of-life (EOL) products contain many valuable parts and materials. The timely disassembly and recycling of EOL products can bring considerable economic benefits and reduce environmental pollution. To reduce the cost of manual disassembly, robotic disassembly has become one of the main methods used to dismantle EOL products. In addition, parallel disassembly can shorten the makespan of EOL products. Therefore, this article focuses on a new problem involving robotic parallel disassembly sequence planning for EOL products and establishes a corresponding multiobjective model to minimize the makespan and energy consumption. To obtain high-quality disassembly schemes, a discrete artificial bee colony algorithm based on problem characteristics is proposed. The performance of the proposed algorithm is verified by solving 32 benchmark problems and a comparison with three well-known multiobjective algorithms. The proposed model and method are applied to a real-world LCD TV disassembly case, and multiple preferred disassembly schemes are obtained. The results show that the proposed model and method can effectively shorten the makespan and reduce energy consumption. Note to Practitioners—Parallel disassembly is one of the most efficient disassembly methods, and robotic disassembly will be one of the main disassembly methods in the future. Therefore, this article focuses on the robotic parallel disassembly planning to achieve an efficient and environmentally friendly treatment of end-of-life products. With the importance of production efficiency and energy saving, it is essential to simultaneously assess the makespan and energy consumption. The results demonstrate that the proposed artificial bee colony algorithm can provide multiple disassembly schemes that balance the makespan and energy consumption. The obtained disassembly schemes can provide references for the disassembly planning of the disassembly enterprise and expand the decision-making space for decision-makers.",,36,IEEE Transactions on Automation Science and Engineering,"State Key Laboratory of Digital Manufacturing Equipment and Technology, School of Mechanical Science and Engineering, Huazhong University of Science and Technology, Wuhan, China",iee_dec_rob
IEEE Xplore,6490972,10.1109/ROBIO.2012.6490972,Conferences,New approach in control of assembly/disassembly line served by robotic manipulator mounted on mobile platform,E. Minca; A. Filipescu; A. Voda,2012,"The new idea of this paper is to make reversible an assembly line, i.e. to allow complete disassembly, by using a mobile platform equipped with robotic manipulator. The approach is a hybrid one in which the assembly/disassembly line is the discrete system whilst the wheeled mobile robot (WMR) together with the robotic manipulator (RM) is considered the continuous one. The mobile platform is used only in disassembling operations, in order to transport the components from the disassembling locations to the storage locations. Therefore, Synchronized Hybrid Petri Nets (SHPN) approach is used in modeling and control. This hybrid system takes into consideration the distribution of the necessary tasks to perform the hybrid disassembly of the components, using robot synchronization with flexible line process. The ultimate goal is to make completely reversible the assembly line. The SHPN model is transposed into LabView platform, thus getting a control structure of the mechatronic line and of WMR.",,15,2012 IEEE International Conference on Robotics and Biomimetics (ROBIO),"Department of Automation and Electrical Engineering, Dunarea de Jos University of Galati, Romania",iee_dec_rob
IEEE Xplore,407575,10.1109/IROS.1994.407575,Conferences,An experimental multisensorial robotic system for disassembly automation,P. Dario; C. Guadagnini; C. Laschi; M. Rucci,1994,"Disassembly and recycling are becoming increasingly important in our society, especially for their ecological implications. In this paper the authors present an approach to disassembly problems, which is essentially based on the concepts of multisensory integration and fusion and on the use of purposive actions to simplify perceptual tasks. The authors present a robotic system for the recognition and sorting of individual objects from a group, operations that are extremely important in most disassembly tasks. An example application of the system is described and experimental results are discussed. The effectiveness of the system in operating in a partially structured environment, shows how problems which are difficult to manage by using a single sensory modality can be solved by integrating multisensory data.<>",,1,Proceedings of IEEE/RSJ International Conference on Intelligent Robots and Systems (IROS'94),"ARTS Laboratory, Pisa, Italy",iee_dec_rob
IEEE Xplore,11369636,10.1109/ICCMA67641.2025.11369636,Conferences,Dynamic Robotic Disassembly using Reinforcement Learning and Simulation: Initial Application to EV Batteries,Martin Økter; Ilya Tyapin; Martin Choux,2025,"The disassembly of electric vehicle (EV) battery packs remains a labor-intensive and potentially hazardous process, complicated by significant variations in pack design and condition. Conventional automation relies on rigid programming and prior knowledge of component layout, which limits scalability and adaptability. This work presents a proof-of-concept framework for adaptive robotic disassembly using reinforcement learning (RL) and high-fidelity simulation. A simplified two-stage disassembly task—removing a locking pin from a pipe-and-cylinder assembly, was implemented in NVIDIA Isaac Sim and integrated with the Isaac Lab RL environment. Proximal Policy Optimization (PPO) agents were trained using both the RSL-RL and StableBaselines3 libraries, employing structured reward shaping, targeted hyperparameter tuning, and Cartesian end-effector control to improve learning stability and task precision. Initial results demonstrate consistent task completion, with reduced unintended movement of non-target components and high repeatability across validation runs. The developed simulation and training pipeline provides a flexible, modular platform for future exploration of alternative RL algorithms and more complex disassembly scenarios. These results highlight the potential of RL-based methods to enable scalable, dynamic automation for EV battery recycling in environments with high variability and uncertainty.",,0,"2025 13th International Conference on Control, Mechatronics and Automation (ICCMA)","Department of Engineering, University of Agder, Grimstad, Norway",iee_dec_rob
IEEE Xplore,10610546,10.1109/ICRA57147.2024.10610546,Conferences,Generalized Partially Destructive Disassembly Planning for Robotic Disassembly,Malte Hansjosten; Jan Baumgärtner; Jürgen Fleischer,2024,"While robotic assembly is a well researched topic, recycling and disassembly of products are also becoming ever more important as we transition to a more sustainable economy. In disassembly, we are typically only interested in a subset of product parts, which opens the possibility of using destructive processes such as tearing, cutting, or milling to speed up the disassembly. Currently, such destructive actions are only included as predefined case-specific actions such as milling away a screw head. By contrast, this paper presents a generalized approach to destructive disassembly planning that can automatically derive destructive disassembly actions from a symbolic representation of the disassembly state. Viable destructive actions are identified and verified only based on the underlying geometric model, circumventing the need for their explicit definition. We showcase the performance of this system both virtually on several test parts and physically by destructively and non-destructively disassembling a model of an electric motor using a robot manipulator with a multitool end effector.",,2,2024 IEEE International Conference on Robotics and Automation (ICRA),"wbk Institute of Production Science, Karlsruhe Institute of Technology, Karlsruhe, Germany",iee_dec_rob
IEEE Xplore,6360769,10.1109/ICIEA.2012.6360769,Conferences,Hybrid system control of an assembly/disassembly mechatronic line using robotic manipulator mounted on mobile platform,Adrian Filipescu; Silviu Filipescu; Eugenia Minca,2012,"Two models of a mechatronic assembly line served by robotic manipulator mounted on mobile platform in order to perform disassembly are proposed in this paper. The first one is a discrete event model, where both the assembly/disassembly mechatronic line and wheeled mobile robot (WMR) equipped robotic manipulator are treated as discrete systems. The second one is a hybrid system in which the mechatronic line is the discrete event system (DES) and the WMR together with the manipulator is considered as a continuous system. To the first model, Temporized Petri Net (TPN) is used in order to model assembly/disassembly tasks of the mechatronic line served by robotic manipulator mounted on WMR. The mobile platform is used only in disassembling operations in order to transport the parts from the disassembling locations to the storage locations. To the second model, the cycle performed by the WMR equipped with robotic manipulator is considered as a continuous system. Therefore, Hybrid Petri Net (HPN) is used in modeling and control. This hybrid system takes into consideration the distribution of the necessary tasks to perform the hybrid disassembly of a component using robots synchronization with flexible line process. The ultimate goal is to make completely reversible the assembly line, that is to execute and disassembly.",,9,2012 7th IEEE Conference on Industrial Electronics and Applications (ICIEA),"Department of Automation and Electrical Engineering, Dunãrea de Jos Galati University, Galati, Romania",iee_dec_rob
IEEE Xplore,10932139,10.1109/IC2AI62984.2025.10932139,Conferences,AI-Driven Robotic Disassembly: Harnessing IoT and Data Collection for Sustainable E-Waste Solutions,Soufiane Ameur; Zineb Hidila; Mohamed Tabaa; Richard Bearee; Mohamed Hamlich,2025,"The escalating environmental impact of electronic waste poses substantial challenges for sustainable waste management and material reclamation. This study proposes an intelligent robotic disassembly station that integrates Artificial Intelligence (AI) and Internet of Things (IoT) to optimize autonomous e-waste data collection and disassembly processing. The station incorporates a conveyor belt, metal sensor, and a camera attached to a robot to detect and categorize materials in real-time. The idea is to construct a learning-based dataset, enabling the system to recognize and optimize disassembly procedures for unknown waste. Over time, the system enhances efficiency by predicting the disassembly pathway for similar products, reducing time and energy expenditure. The integration of IoT enhances communication between sensors and cloud platforms for real-time monitoring and data storage, ensuring the robot recognizes its environment. Experimental findings demonstrate a significant enhancement in material recovery rates and its precision, contributing to more environmental Solutions.",,0,"2025 International Conference on Control, Automation, and Instrumentation (IC2AI)","CCPS Laboratory, ENSAM, University of Hassan II, Casablanca, Morocco",iee_dec_rob
IEEE Xplore,10934940,10.1109/ICM62621.2025.10934940,Conferences,Recognition and Evaluation of Cables for Automated Cutting in Dismantling Process,Riina Matsushita; Kensei Tanaka; Shogo Arai,2025,"Electronic waste (e-waste) continues to increase annually. Automation of the dismantling process is essential for improving recycling rates, but high-mix, low-volume e-wastes make automation particularly challenging, and this leads to reliance on manual operations. The demand for robotic systems that operate without specialized positioning jigs or dismantling lines is increasing. To promote sustainable resource circulation, our aim is to achieve Automation of e-waste dismantling. For this purpose, we propose a novel wire recognition framework and evaluation metrics for wire-cutting tasks. We utilize a pre-trained instance segmentation model fine-tuned with a custom cable image dataset. Because of deformable linear object, cables are harder to recognize than rigid objects and tend to score lower on Average Precision (AP) and Average Recall (AR). Since precise recognition near cutting points is critical for cable-cutting tasks, we propose new evaluation metrics tailored to such operations. Experiments on condenser units demonstrate robust recognition accuracy for cable-cutting, even with overlapping cables. This study validates the effectiveness of the proposed recognition method and evaluation metrics in automating the dismantling process. Future work will address the detection of cutting points and motion generation for cable-cutting operations.",,0,2025 IEEE International Conference on Mechatronics (ICM),"Faculty of Science and Technology, Tokyo University of Science, Chiba, Japan",iee_dec_rob
IEEE Xplore,10151756,10.1109/ICCAR57134.2023.10151756,Conferences,Robotic Arm for Unfastening Screws in Automated Disassembly Process,Konkala Manisha; S K Ananya; Dasari Geervani; Kota Sanjeev Sanihith; G Swetha,2023,"The importance of the Disassembly Process has gradually grown in recent days. The system proposed in this paper is a solution for unfastening screws to help automate disassembly of electronic devices or e-waste using a Robotic Arm. We see a new variety of Electronic Devices coming into market every day, and all these products have short life. They also have uncertainties when it comes to their disassembly after the end of product life. The intention of product disassembly is to minimize value loss at the end of product life. This project makes use of a SCARA robotic arm with 5 DOF to be used for the automatic disassembly of old electronic devices. The idea is to detect the type of the screw from its overhead image as seen by the arm and pick an appropriate driver and unfasten the screw using the driver. This is achieved using the Robot Operating System (ROS), a framework that acts as an meta-operating system to interface the robot. A robotic arm of Scara type was designed for this purpose with a suitable gripper using Autodesk Fusion 360. The arm is capable of detecting and classifying the screws using Yolo V5, a machine learning model.",,3,"2023 9th International Conference on Control, Automation and Robotics (ICCAR)","Department of Electronics and Communication Engineering, PES University, Bengaluru, Karnataka, India",iee_dec_rob
IEEE Xplore,11093519,10.1109/ICCRE65455.2025.11093519,Conferences,Automatic Disassembly System using Computer Vision for the Omron Viper 650 Robotic arm,Fávell Núñez; Luis Gonzales; Sofía Andino; Jorge Ricardo Sánchez Vilorio; Sergio Francisco Martínez Maldonado,2025,"This paper presents an automated disassembly system using the Omron Viper 650 robotic arm, focused on separating two plates joined by four screws. In the first phase, different end effectors were designed and built using SolidWorks and 3D printing technology, addressing the technical challenges of accurately extracting the plates. In the second phase, a vision system was integrated, based on advanced computer vision and machine learning techniques, using Python and OpenCV. The integration of these systems allowed the robotic arm to autonomously detect, locate, and disassemble the plates, regardless of their initial orientation. The use of AI models, such as the YOLO algorithm, improved the accuracy and efficiency of the process. The results demonstrated that the combination of the mechanical design of the end effectors and artificial vision can effectively separate the assembly into its different parts, contributing to more efficient and sustainable disassembly processes.",,0,2025 10th International Conference on Control and Robotics Engineering (ICCRE),"Facultad de ingeniería, Universidad Tecnológica Centroamericana (UNITEC), Tegucigalpa, Honduras",iee_dec_rob
IEEE Xplore,7321273,10.1109/ICSTCC.2015.7321273,Conferences,Two mobile robotic systems synchronous servicing an Assembly/Disassembly production line,Adriana Serbencu; Adrian Emanoil Serbencu,2015,"This paper proposes a model for a reversible assembly line useful in order to analyze its structural properties. Wheeled mobile robots (WMRs) equipped with robotic manipulator are used in the disassembly operation. The developed model can be used in the stages of designing, configuring and sizing of an Assembly/Disassembly Mechatronic Line (A/DML). For the control and monitoring of an A/DML a Hybrid Petri Net (HPN) model is proposed. In order to facilitate the transformation of the developed HPN model into models useful for supporting the design of control algorithms, a methodology to transform arcs in synchronization events is outlined. The decomposition of Hybrid Petri Net in Synchronized Hybrid Petri Nets (SHPN) suitable for specific programming language is discussed. Finally, results from the simulation of HPN are compared with that recorded from the real A/DML.",,0,"2015 19th International Conference on System Theory, Control and Computing (ICSTCC)","Dep. of Automation and Electrical Engineering, “Dunarea de Jos” University of Galati, Galati, ROMANIA",iee_dec_rob
IEEE Xplore,337235,10.1109/ISEE.1994.337235,Conferences,Automation of disassembly processes of consumer goods,A.M.M. Ansems,1994,"Currently the disassembly of consumer products is mainly done by hand. Only for a few simple products do mechanized processes already exist. Possible automation is obstructed due to the present relatively small numbers and the product diversity. Nevertheless, automation/mechanization must be considered because of reducing the labour costs when large numbers of products became available. In some pilot solutions robot-based methods were introduced to carry out relatively rigid disassembly sequences, confined to a certain product variant of a low ""disassembly depth"".<>",,5,Proceedings of 1994 IEEE International Symposium on Electronics and The Environment,,iee_dec_rob
IEEE Xplore,992423,10.1109/ECODIM.2001.992423,Conferences,Intelligent disassembly of electr(on)ic equipment,R. Knoth; M. Hoffmann; B. Kopacek; P. Kopacek,2001,"Almost all end-of-life possibilities-upgrade, re-use, recycling of materials-require some form of disassembly. Despite the high standard of automation for the assembly of electric and electronic equipment, the standard of automation for disassembling is still very low and therefor dismantling is often done manually. The approach to automate disassembling processes of electr(on)ic equipment with disassembly cells and the development of a flexible semi-automatic disassembly cell for printed circuit boards (PCB) will be described and discussed.",,7,Proceedings Second International Symposium on Environmentally Conscious Design and Inverse Manufacturing,"Austrian Society for Systems Engineering and Automation, Vienna, Austria",iee_dec_rob
IEEE Xplore,10809107,10.1109/ICMRA62519.2024.10809107,Conferences,Monocular Multi-Perspective 3D Reconstruction for Robotic Ultrasonic Testing in Remanufacturing,Zezhong Wang,2024,"Inspection is one of the main processes of remanufacturing. As an important inspection method, contact ultrasonic testing (UT) needs surface scanning on the objects. The transducer should contact and be vertical to the surface. When implementing UT using a robotic arm, path planning on a complex surface is challenging as the parts are deformed from the original CAD model. Computer vision can be used to reconstruct the object surface to plan paths for the surface scanning application. However, the accuracy of reconstruction using structure from motion (SfM) is still critical. The features of images and feature matching directly affect the reliability of the reconstruction of the model. In this study, a method of object reconstruction is established for robotic UT. Only one monocular camera is installed on the end effector of the robotic arm to acquire images from multiple views. After the image acquisition, an improved segmentation method is used to separate the object from the background. This helps to decrease mismatches of feature points and irrelevant feature points. The features are searched in the region of interest using an improved descriptor to increase the number of features in the object area. Subsequently, the poses and positions of the camera are computed using SfM. The 3D model is reconstructed according to the pose information and feature points. The proposed method outperforms the traditional method and also reduces the reconstruction time.",,0,"2024 7th International Conference on Mechatronics, Robotics and Automation (ICMRA)","College of Engineering and Physical Sciences, Aston University, Birmingham, United Kingdom",iee_dec_rob
IEEE Xplore,4259920,10.1109/WAC.2006.376004,Conferences,Multi-Sensorial System for the Generation of Disassembly Trajectories,J. Pomares; S. T. Puente; G. J. Garcia; F. Torres,2006,"The disassembly of products for they reuse is an important field of research. One aspect that appears when a product is been disassembled is the uncertainty in the trajectories for the removal of a component from the rest of the product. In order to reduce this lack of information, a multi-sensorial system is proposed. This system uses visual and force-sensor information to avoid the unknown factors in the disassembly plan and correct the trajectories generated which are based on the model of the product. This paper also describes the structure of a de-manufacturing system that can perform the desired disassembly task.",,1,2006 World Automation Congress,"University of Alicante, Spain",iee_dec_rob
IEEE Xplore,6359336,10.1109/WCICA.2012.6359336,Conferences,Research on structured light 3D vision in the remanufacturing system based on robotic arc welding,Ziqiang Yin; Xin Yuan; Guangjun Zhang; Huihui Zhao,2012,"Three-dimensional sensing technologies based on computer vision make it possible to rapid establish the three-dimensional model of the worn parts for remanufacturing system. This research design a novel structured light three-dimensional vision sensor for the remanufacturing system based on robotic arc welding. The sensor is mainly constituted of two devices: the MTC-368CB CCD camera and the ML-645 structured light projector. The sensor system can be calibrated by a simple two step calibration method. The three-dimensional sensing experiment and analysis are conducted to verify the feasibility and the practicality of the sensor system by taking a semi-cylinder, a mouse and a calibration block as remanufacturing object. The experiment results indicate that the maximum sensing error is less than 1 mm, which is acceptable for remanufacturing system based on robotic arc welding.",,3,Proceedings of the 10th World Congress on Intelligent Control and Automation,"The Institute of Oceanographic Instrumentation, Shandong Academy of Sciences, Qingdao, China",iee_dec_rob
IEEE Xplore,9708413,10.1109/TASE.2022.3149242,Journals,Artificial Learning for Part Identification in Robotic Disassembly Through Automatic Rule Generation in an Ontology,Gwendolyn Foo; Sami Kara; Maurice Pagnucco,2023,"With the increasing concern for sustainable treatment of waste electrical and electronic equipment (WEEE), methods of robotic disassembly of WEEE to address various challenges of handling end-of-life products has been a trend in research. The main challenge for robotic disassembly is the uncertainties of product structures, models, and conditions. The ability of a robotic disassembly system to learn new product structures and reason about existing knowledge of product structure is vital to addressing this challenge. This paper presents an effective learning framework and demonstrates the system’s ability to learn relevant information for the disassembly of LCD monitors. The learning algorithm uses a database of previous disassembly experience of the product family and analyses it to create rules and relations between the components and disassembly concepts before expanding the generic ontology for future disassembly runs. The results show a significant increase from 11% to 87% in successful part identification of LCD monitors after being trained on past disassembly experience. The proposed method can greatly aid robotic disassembly of any product family. Note to Practitioners—Robotic systems struggle to disassemble electronic waste due to the complexity and uncertainties in end-of-life products and variations in models and parts. An artificially intelligent method is proposed to enable a robotic disassembly system to address these uncertainties. The method uses a computing technique resembling the cognitive reasoning of a human mind in the form of a map of disassembly concepts connected by relationships. Artificial learning by the robotic system occurs by collecting data from previous disassembly runs of a product, analyzing the data, and expanding the map of knowledge with new concepts and relational rules found. The approach is tested on the robotic disassembly system’s ability to identify parts of LCD monitors which possess uncertainties. An improvement from 11% of successful part identification to 87% is found, which demonstrate that learning has taken place. This approach will be implemented in a larger robotic disassembly system and tested with real robotic disassembly runs in the near future.",,23,IEEE Transactions on Automation Science and Engineering,"Sustainable Manufacturing and Life Cycle Engineering Research Group, School of Mechanical and Manufacturing Engineering, University of New South Wales, Sydney, NSW, Australia",iee_dec_rob
IEEE Xplore,407592,10.1109/IROS.1994.407592,Conferences,Ecologically conscious automated disassembly system,T. Shibata; K. Tanie,1994,"Human beings are using and consuming resources to make various products. However, the resources on the earth are limited. Therefore, recycling of the resources is very important for human beings now and in the future. After use of the products, they are thrown away or burnt while discharging COx. The environment of the earth is being damaged and the resources are being exhausted. In order to reuse the resources and to protect the environment of the earth, this paper introduces a conceptual design of disassembly automation system for automated manufacturing with ecological recycling. The system employs many robots to disassemble the used products. The disassembly process has to deal with a lot of uncertainty of the used products, while assembly process does not have to deal with so much uncertainty of the products. This paper explains a configuration of the system, functions of the robots and some problems.<>",,0,Proceedings of IEEE/RSJ International Conference on Intelligent Robots and Systems (IROS'94),"Bio-Robotics Division Robotics Department, Mechanical Engineering Laboratory, M.I.T.I., Tsukuba, Japan",iee_dec_rob
IEEE Xplore,6284332,10.1109/ICMA.2012.6284332,Conferences,Automated generation of robot MAG surfacing path for remanufacturing system,Ziqiang Yin; Xin Yuan; Guangjun Zhang; Lin Wu,2012,"Remanufacturing engineering is a complex business due to the high degree of uncertainty in the production process. The robot welding path plan for remanufacturing system is a difficult problem. This investigation develops a novel approach to generate the robot welding path automatically based on the “slicing & stacking” principle. The proposed robot welding path generation strategy is conducted by three steps. First, a fast region filling algorithm is applied to automatically calculated points of intersection between tool path segments and layer boundary. Secondly, these points are connected into a continuous tool path of welding robot. Thirdly, output module of the remanufacturing system converts tool path plan result into robot programs, and exports to text files. Users can directly upload these program files to robot welding workstation to complete remanufacturing task. Remanufacturing experiment shows a satisfactory result.",,2,2012 IEEE International Conference on Mechatronics and Automation,"Institute of Oceanographic instrumentation, Shandong Academy of Sciences, Qingdao, China",iee_dec_rob
IEEE Xplore,11023241,10.1109/ACCESS.2025.3576441,Journals,Toward Sustainable Manufacturing: A Review on Innovations in Robotic Assembly and Disassembly,Adip Ranjan Das; Maria Koskinopoulou,2025,"In the quest for sustainable manufacturing, the integration of robotic assembly and disassembly processes has emerged as a pivotal innovation. This paper explores advancements in robotic assembly and disassembly aimed at enhancing sustainable manufacturing. Key advancements include machine learning for optimized robotic motion, advanced sensors for real-time control, and collaborative robots (cobots) for safe human-robot interaction. These technologies enable precise and efficient assembly of complex products and effective end-of-life disassembly for recycling. Case studies across various industries demonstrate significant reductions in waste, energy consumption, and environmental impact. The paper discusses current challenges and future directions, emphasizing the need for interdisciplinary collaboration and ongoing technological development to achieve fully sustainable manufacturing systems.",,7,IEEE Access,"School of Engineering and Physical Sciences, Heriot-Watt University, Edinburgh, U.K.",iee_dec_rob
IEEE Xplore,10774292,10.1109/INDIN58382.2024.10774292,Conferences,How Pretrained Foundation Models and Cloud-Fog Automation Empower the Recycling of Electrical Vehicles,Siyuan Liu; Dapeng Lan; Jia Wang; Dongxiao Hu; Zhibo Pang; Honghao Lyu,2024,"The increasing prevalence of electric vehicles de-mands efficient and sustainable management of end-of-life lithium-ion batteries. This paper examines the use of Pretrained Foundation Models and Cloud-Fog Automation to improve robotic disassembly of these batteries. We evaluate the performance of two Vision Transformer Models, in tasks involving deformed, rusty, contaminated, and worn batteries. Our proposed architecture, utilizing cloud and fog computing, balances performance with resource efficiency, providing a scalable solution for electric vehicles battery recycling.",,1,2024 IEEE 22nd International Conference on Industrial Informatics (INDIN),"School of Advanced Technology, Xi'an Jiaotong-Liverpool University, China",iee_dec_rob
IEEE Xplore,10711804,10.1109/CASE59546.2024.10711804,Conferences,Peg-Hole Robotic Disassembly Compliant Strategy based on Soft Actor-Critic Algorithm,Xiaolong Zhang; Jiayi Liu; Lei Qi; Wenjun Xu; Xianxu Peng; Tianshu Wu,2024,"Disassembly is a vital process in remanufacturing the end-of-life products and robotic disassembly is an effective way to improve the remanufacturing efficiency. Peg-hole robotic disassembly is quite common during disassembling the products, in which the disassembly force may rapidly increase due to unsuitable controlling parameters. To protect the robot from damage caused by excessive disassembly force, compliant disassembly strategy should be considered. In this paper, soft actor-critic algorithm is utilized to achieve the compliant strategy. First, the framework of proposed method is established to provide a basic structure which includes the digital model, soft actor-critic model for dynamic decision-making and data transmission method. Then, robotic disassembly compliant strategy based on soft actor-critic is proposed. Afterwards, case study is conducted to validate the proposed method, and its performance is analyzed. The results indicate that the converged soft actor-critic model helps to greatly reduce the disassembly force during disassembling the peg-holes and peg-hole robotic disassembly compliant strategy is realized.",,4,2024 IEEE 20th International Conference on Automation Science and Engineering (CASE),"School of Information Engineering, Wuhan University of Technology, Wuhan, China",iee_dec_rob
IEEE Xplore,351030,10.1109/ROBOT.1994.351030,Conferences,An investigation on a robot system for disassembly automation,P. Dario; M. Rucci; C. Guadagnini; C. Laschi,1994,"The traditional approach to automation and robotics has focused so far mainly on assembly problems, whereas the managing of manufactured products at the end of their life cycle has been almost entirely neglected. However, disassembly and recycling are becoming important factors as the ecological and economical implications of manufacturing raise increasing concerns. As an initial investigation of the very general problem of disassembly, in this paper the authors outline first the motivations and the potentially very important perspectives of this approach for robotics and automation research and for industrial application. Then the authors present a robotic system for the extraction, recognition and sorting of individual objects from an ""agglomerate"". Such operations are of crucial importance in several disassembly tasks, such as recycling and raw materials recovering. The system is based on the integration of different sensory modalities with motor actions. An example of application of the system is described and experimental results are discussed.<>",,16,Proceedings of the 1994 IEEE International Conference on Robotics and Automation,"ARTS Lab, Scuola Superiore Sant'' Anna, Pisa, Italy",iee_dec_rob
IEEE Xplore,8540713,10.1109/ICSTCC.2018.8540713,Conferences,Extended Approach for Modelling and simulation of Mechatronics Lines Served by Collaborative Mobile Robots,Eugenia Minca; Adrian Filipescu; Heneri-George Coanda; Florin Dragomir; Otilia Elena Dragomir; Adriana Filipescu,2018,"This article proposes an extended approach to assembly/disassembly mechatronics lines (A/DML) modelling, in terms of service system typologies: autonomous mobile robots, collaborative mobile robots versus mobile robots with parallel action. The A/DML systems served by mobile robots have a specific typology and are modelled by specialized hybrid instruments belonging to Petri Nets class: Timed Petri Nets (TPN), Synchronised Hybrid Petri Nets (SHPN). For the reasons imposed by the production manufacturing management, for transporting components, are used mobile robotic platforms equipped with manipulators, which are dedicated or shared status between production manufacturing lines. The collaborative transport systems meet the specific concepts of shared resources with avoiding collisions while the parallel transport systems are subordinated of synchronized actions concepts. This paper focuses on SHPN models and off-line simulation results for the state, boundedness, viability and possible deadlock of process analysis. Task planning is used to identify synchronous events of SHPN model, the last one being useful for implementing of real-time control.",,3,"2018 22nd International Conference on System Theory, Control and Computing (ICSTCC)","Dep. of Automation, Computer Science and Elect. Engineering, “Valahia” University of Targoviste, Romania",iee_dec_rob
IEEE Xplore,9911085,10.1109/ICAC55051.2022.9911085,Conferences,Perspective of self-learning robotics for disassembly automation,Farzaneh Goli; Yongjing Wang; Mozafar Saadat,2022,"Increasing attention has been paid to remanufacturing which plays an important role in environmental protection and circular economy. Disassembly is a key operation in remanufacturing, repair, and recycling. Several robotic disassembly developments have shown that the use of robots in disassembly is feasible; however, the programming of robots is usually complex, schedule-based, and time-consuming. Recent research about self-learning robotics and human-robot collaboration have created an opportunity for schedule-free robotics, in which various machine learning and deep learning techniques have been developed. This paper attempts to review the development of self-learning robots with applications in robotic disassembly and remanufacturing. Key algorithms, designs, control methods, and future research directions have been highlighted and analysed. This review paper serves as a useful resource for researchers in the areas of robotics, smart remanufacturing, and disassembly automation.",,10,2022 27th International Conference on Automation and Computing (ICAC),"Department of Mechanical Engineering, University of Birmingham",iee_dec_rob
IEEE Xplore,11480395,10.1109/ICARA69401.2026.11480395,Conferences,Design and Application of Virtual Disassembly and Quick-Change Tool for Retired Power Battery Modules,Licheng Fang; Yunhan Li; Yuhang Jiang; Jiayu Han; Lihao Xu,2026,"To address the issues of low disassembly efficiency and high labor costs associated with retired power battery modules, this study designed a robotic quick-change tool system for virtual disassembly of retired power battery modules based on the RobotStudio platform. Standardized battery modules were constructed using a modular hierarchical structure, and three types of quick-change tools were developed for screw removal, casing removal, and cell disassembly. Combined with Smart components and RAPID programming, the system enables automatic tool switching and collaborative operations. The entire process-from tool loading and component disassembly to material handling-was simulated in a virtual environment, encompassing robotic arm motion trajectory planning, tool loading/unloading logic control, and multi-sensor information integration. Experimental results demonstrate that this system effectively reduces disassembly time and lowers labor costs. Virtual disassembly of simplified retired power battery modules validated the feasibility of combining robotic arms with quickchange tools for practical disassembly, providing valuable insights for green recycling and intelligent disassembly of power batteries.",,0,"2026 12th International Conference on Automation, Robotics and Applications (ICARA)","School of Intelligent Manufacturing, Huzhou College, Huzhou, China",iee_dec_rob
IEEE Xplore,10947602,10.1109/TASE.2025.3557155,Journals,Dynamic Disassembly Planning of End-of-Life Products for Human–Robot Collaboration Enabled by Multi-Agent Deep Reinforcement Learning,Yiqun Peng; Weidong Li; Yong Zhou; Duc Truong Pham,2025,"Disassembly is a critical step in the remanufacturing of end-of-life products. High labor costs and the limited ability of robots to perform intricate disassembly tasks have led to the increasing use of human-robot collaboration (HRC) for disassembly. This paper addresses a challenge in HRC-based disassembly, i.e., the inherent human uncertainty during disassembly. The uncertainty is that the disassembly time for a task and the task sequence selection by a human during execution might differ from the pre-defined disassembly plan so that dynamic disassembly planning for subsequent tasks is necessary. Stackelberg equilibrium-enabled disassembly task assignment policies are designed to meet the above purpose efficiently and safely. The human leader’s policy is to choose tasks that maximize the efficiency-related return value based on the robot’s optimal response to the human’s choice. As the follower, the robot selects tasks that maximize the safety-related return value for each human task choice. To identify the optimal values of the policies to ensure the safety and efficiency of the entire HRC-based disassembly process, an improved multi-agent proximal policy optimization (i-MAPPO) algorithm is designed. Finally, a case study for disassembling an electric vehicle battery is used to verify that the proposed approach can adapt to human uncertainty with a high success rate while ensuring that the disassembly time remains short and the human-robot distance remains within the safety threshold throughout the disassembly process. Note to Practitioners—HRC-based disassembly approaches can enhance the flexibility of disassembly lines. However, a significant challenge in HRC-based disassembly planning is the inherent uncertainty of human behavior, including instability in task completion times and unpredictability in task selection. To address this issue, this study combines the Stackelberg game theory with a multi-agent deep reinforcement learning optimization algorithm to design a dynamic disassembly task assignment approach. This approach can adapt to human uncertainties and quickly provide task assignment solutions based on changes in the disassembly scenario. Using the disassembly of retired electric vehicle batteries as a representative case, this approach offers a feasible solution for safe and efficient disassembly processes.",,13,IEEE Transactions on Automation Science and Engineering,"School of Transportation and Logistics Engineering, Wuhan University of Technology, Wuhan, China",iee_dec_rob
IEEE Xplore,845307,10.1109/ROBOT.2000.845307,Conferences,A system for analyzing automatic assembly and disassembly operations,S.M. Mok; Chi-Haur Wu; D.T. Lee,2000,"A system for evaluating products in their design phase has been developed. It is integrated into a CAD/CAM environment to calculate cost for assembling and disassembling parts. In previous work, a generic assembly and disassembly model was developed to represent operations required for product manufacturing and demanufacturing. To be useful, the model requires a method for translating high-level instructions from product designers into low-level assembly and disassembly instructions. This paper presents a set of rules for accomplishing this task. The developed rules are used for manipulating strings representing parts and handlers in binary assembly and disassembly operations. A telephone assembly and disassembly simulation is used to illustrate the developed system.",,5,Proceedings 2000 ICRA. Millennium Conference. IEEE International Conference on Robotics and Automation. Symposia Proceedings (Cat. No.00CH37065),"Department Electrical and Computer Engineering, Northwestern University, Evanston, IL, USA",iee_dec_rob
IEEE Xplore,407571,10.1109/IROS.1994.407571,Conferences,Feasibility study of disassembly task based on topological operations-consideration in 2-dimensional space,A. Inaba; T. Suzuki; S. Okuma,1994,"An automatic generation of assembly or disassembly sequence is a significant problem for an automatic assembly using robotic manipulators. This problem can be separated into following three stages. 1. Extraction of all feasible assembly/disassembly tasks. 2. Generation of all assembly/disassembly sequence. 3. Decision of optimal sequence. As for the stages 2 and 3, one of the efficient strategy based in the AND/OR graph has been proposed. However, as for 1, previous researches are not efficient. In this paper we propose a new technique for the examination of the feasibility of each assembly/disassembly task by using topological operations. The presented method is expected to execute with smaller computational amount compared with the previous methods, because a separating path of a mechanical part without collision with other parts is obtained without search of all space. A mapping, which maps shape of a subassembly to a feasible path of the other subassembly around the first subassembly, keeping contact, is introduced. An area of feasible translational motion of the second subassembly without interaction with the first is calculated. Criteria of feasibility of disassembly task are presented. Finally, we show a simple example to verify the proposed algorithm.<>",,0,Proceedings of IEEE/RSJ International Conference on Intelligent Robots and Systems (IROS'94),"Gifu Prefectural Metal Research Institute, Gifu, Japan",iee_dec_rob
IEEE Xplore,10543267,10.1109/TASE.2024.3406772,Journals,APTMRS: Autonomous Prism Target Maintenance Robotic System for FAST,Rui Tao; Fengshui Jing; Jun Hou; Shiyu Xing; Yichen Fu; Junfeng Fan; Min Tan,2025,"The Five Hundred Meter Spherical Radio Telescope (FAST) is the largest spherical radio telescope in the world, and there are more than 2,000 prism targets distributed on its reflector that require regular maintenance. These prism targets are screwed into the corresponding threaded holes by target bolts. At present, manual maintenance is mainly used, which is inefficient and unsafe. To address this issue, we develop an autonomous prism target maintenance robotic system, called APTMRS. This system integrates a mobile robot with an assembly robot and a collaborative robot, enabling it to move and perform the prism target replacement task on the reflector. Its technical development is threefold. First, a robotic end-effector that can be used for screwing the non-standard target bolt from the side is designed. Second, a novel pose measurement framework, which incorporates a feature point extraction and matching method, is utilized to measure the pose of the prism target. Third, the manipulation policies for the challenging steps in the workflow are presented, including picking and placing, initial thread mating, and final tightening. Independent experiments indicate that the performances of these methods are satisfactory. Moreover, tests in both simulated and real FAST scenarios confirm the effectiveness of APTMRS in achieving autonomous prism target maintenance. Note to Practitioners—Due to its excellent versatility, threaded connections have been widely adopted in a multitude of scenarios. Threads are not only present on standard bolts and nuts but also on a myriad of non-standard components. The robotic system proposed in this paper offers a solution for assembling and disassembling target bolts for FAST. Specifically, the scenario applied in this paper covers several extremely challenging problems in autonomous threaded assembly. Firstly, the object of assembly is a non-standard bolt, with obstacles above it, rendering traditional tools inapplicable. Secondly, the surface of the object is weakly textured and highly reflective. These pose significant challenges for the vision system to accurately acquire its pose. Lastly, the assembly environment is harsh. The threaded holes reside on an incline that is hard to access, with a maximum slope of 56°. To address these challenges, this paper presents a robotic system supplemented by three techniques including a novel robotic end-effector, a new pose measurement framework, and manipulation policies. The experimental results indicate that this robotic system is capable of autonomously disassembling and assembling non-standard target bolts. We explore the potential for generalizing these designs and methods to other scenarios, with the hope of contributing new insights to the development of threaded assembly systems.",,3,IEEE Transactions on Automation Science and Engineering,"State Key Laboratory of Multimodal Artificial Intelligence Systems, Institute of Automation, Chinese Academy of Sciences, Beijing, China",iee_dec_rob
IEEE Xplore,11339779,10.1109/ICCECT64621.2025.11339779,Conferences,Design and Research of Robot Tools for Dismantling Scrap Car Wheel Hub Bolts,Yanfang Li,2025,"With the continuous increase in car ownership and the shortening of replacement cycles, the number of scrapped cars is showing a rapid growth trend. Currently, although domestic scrap car dismantling enterprises have introduced automation equipment to a certain extent, most dismantling steps still rely on manual dismantling, which results in high labor intensity and low operational efficiency. We are currently researching a robot tool that can automatically disassemble bolts on scrapped car wheels. This tool integrates modules such as quick change tool connectors, torque sensing units, overload protection mechanisms, and loosening devices to form a closed-loop control system. It can detect changes in bolt loosening torque in real time and automatically replace the tool for bolts of different specifications.",,0,"2025 IEEE 3rd International Conference on Control, Electronics and Computer Technology (ICCECT)","Weifang Vocational College of Engineering, Qingzhou, Shandong, China",iee_dec_rob
IEEE Xplore,10949991,10.1109/ICMERR64601.2025.10949991,Conferences,Brick by Brick - Findings of an of-the-Shelf Automation System Application for Building Block Component Group Disassembly,Dominique Briechle; Tobias Geger; Lena Schartow; Andreas Rausch,2025,"Automation is one of the key drivers in today's global economy. It ensures the conduction of a manifold of standardized processes which helps tackle the decreasing amount of skilled workers in certain areas as well as reducing cost. Although automation is broadly used nowadays, the overall applicability of automated processes is often limited to use cases with predefined process steps of minor flexibility. However, new and upcoming sustainable industries that are focusing on product life-cycle prolonging (e.g. repair, refurbish, and remanufacture (3Rs)) options to enable Circular Economy-friendly treatment, require a high amount of adaptability in automated systems to tackle the high variability of product compositions in disassembly scenarios. The goal of the conducted case study is therefore to investigate the possibilities of a nowadays available of-the-shelf automation system regarding its functions and mechanisms towards enabling automated adaptability by using disassembly scenarios of component groups consisting of different building blocks as an example scenario and the concluding future research areas. The paper, therefore, investigates the different methods offered by the default system and applies them to various levels of disassembly scenarios. The conducted study helps to clarify the capabilities of the system's functionalities in the overall goal to enhance adaptability in disassembly processes.",,0,2025 9th International Conference on Mechanical Engineering and Robotics Research (ICMERR),"Institute for Software and Systems Engineering, Clausthal University of Technology, Clausthal-Zellerfeld, Germany",iee_dec_rob
IEEE Xplore,925662,10.1109/3468.925662,Journals,Modeling automatic assembly and disassembly operations for virtual manufacturing,S.M. Mok; Chi-Haur Wu; D.T. Lee,2001,"A system for evaluating products in their design phase has been developed for virtual manufacturing. It is integrated into a CAD/CAM environment to calculate the cost for assembling and disassembling parts. In our earlier work, a generic assembly and disassembly model was developed to represent operations required for product manufacturing and de-manufacturing. To be useful, the model requires a method for translating high-level instructions from product designers into low-level assembly and disassembly instructions. This paper presents a set of rules for accomplishing this task. The developed rules are used for manipulating strings representing parts and handlers in binary assembly and disassembly operations. A telephone assembly and disassembly simulation is used to illustrate the developed system.",,21,"IEEE Transactions on Systems, Man, and Cybernetics - Part A: Systems and Humans","Motorola Advanced Technology Center, Motorola Laboratories, Motorola, Inc., Schaumburg, IL, USA",iee_dec_rob
IEEE Xplore,337236,10.1109/ISEE.1994.337236,Conferences,Requirements for robot assisted disassembly of not appropriately designed electronic products: lessons from first studies,A. Weigl,1994,"For environmental and economical reasons future applications in automation may focus on robot assisted disassembly of a large variety of electronic products with the general aim to re-use valuable modules, sub-assemblies and components recovered from old products. This paper presents first activities, investigations and experiments in applying intelligent robots to autonomous disassembly of electronic products. In particular the structure of a flexible robot system, including suitable actuators and sensors is developed and disassembly difficulties which arose in the first experiments are analysed. As a representative example for electronic products a video camera recorder has been selected for practical disassembly experiments. The robot system used within this research work comprises a six-axes robot arm a three-fingered dexterous gripper, a two-jaw-gripper, a wrist force/torque-sensor and a multicamera imaging system.<>",,11,Proceedings of 1994 IEEE International Symposium on Electronics and The Environment,"Control Systems Theory and Robotics Department, Darmstadt University of Technology, Darmstadt, Germany",iee_dec_rob
IEEE Xplore,932818,10.1109/ROBOT.2001.932818,Conferences,Disassembly sequencing using a motion planning approach,S. Sundaram; I. Remmler; N.M. Amato,2001,"Our motion planning based approach treats the parts in the assembly as robots and operates in the composite configuration space of the parts' individual configuration spaces. Randomized techniques inspired by recent motion planning methods are used to sample configurations in this space. Since typical assemblies consist of many parts, the corresponding composite C-spaces have high dimensionality. Also, since many important configurations for the disassembly sequence will involve closely packed parts, the disassembly problem suffers from the so-called narrow passage problem. We bias the sampling by computing potential movement directions based on the geometric characteristics of configurations known to be reachable from the assembled configuration. We construct a disassembly tree which is rooted at the starting assembled configuration. Our experimental results with several non-trivial puzzle-like assemblies show the potential of this approach.",,38,Proceedings 2001 ICRA. IEEE International Conference on Robotics and Automation (Cat. No.01CH37164),"Department of Mechanical Engineering, Texas A and M University, College Station, TX, USA",iee_dec_rob
IEEE Xplore,9911174,10.1109/ICAC55051.2022.9911174,Conferences,Development of a Robotic Arm Control Platform for Ultrasonic Testing Inspection in Remanufacturing,Zezhong Wang; Ming Zhang; Yuchun Xu,2022,"Remanufacturing improves sustainability in manufacturing industry by reducing the use of new components. As a key process of remanufacturing, inspection is responsible for evaluating the state of key components for future remanufacturing plans. For inspecting the non-working equipment waiting for further operations, non-destructive testing (NDT), such as ultrasonic testing (UT), is the optimal method to use. Currently, most UT is implemented manually, which is not stable on accuracy due to environmental and human factors. To tackle this issue, an automatic NDT inspection implemented with a robotic arm control platform was proposed. It is still challenging how to implement robotic inspection more effectively and efficiently. To ensure the implementation of the manipulation, simulation should be executed firstly, the implementation in the real world is made subsequently. A control platform based on robot operating system (ROS) was developed for simulation and experiment of robotic inspection. A monocular camera was used to reconstruct the object to plan paths for the robotic arm. Contact force control was used to improve the accuracy of autonomous scanning. The platform was tested in simulation environment and implemented in the real world.",,6,2022 27th International Conference on Automation and Computing (ICAC),"College of Engineering and Physical Sciences, Aston University, Birmingham, United Kingdom",iee_dec_rob
IEEE Xplore,928994,10.1109/ISATP.2001.928994,Conferences,Generation of precedence graphs for a product family using a disassembly approach,P. Fouda; P. De Lit; B. Rekiek; A. Delchambre,2001,"The design of an assembly system is generally composed of two main steps, namely assembly planning and resource planning. The paper focuses on the first issue, which consists in generating the assembly plans of the product. A method to generate and to evaluate a set of assembly plans for a product family, using a disassembly approach is proposed. The plan evaluation is performed by a multicriteria decision-aid method (PROMETHEE). The method is applied to an industrial case study and the corresponding results are presented.",,3,Proceedings of the 2001 IEEE International Symposium on Assembly and Task Planning (ISATP2001). Assembly and Disassembly in the Twenty-first Century. (Cat. No.01TH8560),"CAD/CAM Department, Université Libre de Bruxelles, Brussels, Belgium",iee_dec_rob
IEEE Xplore,10119511,10.1109/Nanoman-AETS56035.2022.10119511,Conferences,A Conceptual Framework of Cyber-Physical Remanufacturing System,Youxi Hu; Chao Liu; Ming Zhang; Yu Jia; Yuchun Xu,2022,"Remanufacturing has been regarded as one of the most effective methods for extending the life cycle and saving materials of the End-of-Life (EOL) products. Different from traditional highly integrated and automated manufacturing systems, remanufacturing systems have to manage various uncertain factors and small-batch customized production plans. Currently, the intelligence and autonomy of remanufacturing systems are at the initial stage, which cannot support autonomous decision-makings and optimization of production plans. Inspired by the widespread applications of the Digital Twin (DT) and Cyber-Physical System (CPS) in smart manufacturing, this paper proposes a conceptual framework of Cyber-Physical Remanufacturing System (CPRS) to improve the automation, intelligence and capability of the remanufacturing system. Based on the proposed seven steps of remanufacturing process, the CPRS is represented as a three-layer structure. The physical layer and edge layer are introduced for representing the components of physical entities and DT models in CPRS respectively. The cloud service layer represents the potential applications of CPRS. The interactions among different components and different layers are also introduced. Then, the research challenges of developing the CPRS are identified. Future development trends and research directions for implementing the actual application of CPRS are also discussed in conclusion.",,2,2022 8th International Conference on Nanomanufacturing & 4th AET Symposium on ACSM and Digital Manufacturing (Nanoman-AETS),"School of Engineering and Applied Science Aston University, Birmingham, UK",iee_dec_rob
IEEE Xplore,7474735,10.1109/ICIT.2016.7474735,Conferences,The control architecture RoViDiAsS — A robotic visual disassembly and assembly system,Christian Friedrich; Armin Lechler; Alexander Verl,2016,"In highly automated and dynamic production systems the plant availability plays a crucial role, especially in terms of economic goals. In order to ensure a high system availability various maintenance strategies like preventive or predictive approaches are studied and applied. Through the increasing complexity of production systems, more and more methods for (semi-)automation of maintenance tasks are in use, especially for fault-diagnosis. Today, service or repairing tasks are usually performed by a human operator. To enable a flexible automation of different maintenance tasks this paper introduces the modular robot control architecture of RoViDiAsS (Robotic Visual Disassembly and Assembly System). RoViDiAsS combines CAD data from assembly models with vision system data for planning possible manipulations for an autonomous robot. The use of offline data from CAD and online data from the vision system enables the compensation of uncertainties as well as a suitable planning approach. RoViDiAsS is therefore divided into five function modules which handle different responsibilities from the management of the input data to controlling the different manipulations. The architecture is designed in a modular way, making it possible to integrate new functions and algorithms. This contribution describes the structure of the system architecture and closes with the preparation of experiments.",,4,2016 IEEE International Conference on Industrial Technology (ICIT),"Institute for Control Engineering of Machine Tools and Manufacturing Units (ISW), University of Stuttgart, Stuttgart, Germany",iee_dec_rob
IEEE Xplore,10374794,10.1109/ICCMA59762.2023.10374794,Conferences,Fusion of Multiview Images for EV Battery Disassembly,Muhammad Talha Bilal; Ilya Tyapin; Martin Marie Hubert Choux,2023,"Automation in Electric Vehicle (EV) Li-Ion Battery (LIB) pack disassembly is getting a lot of attraction with increased number of EVs being manufactured. Highly cluttered components placed in complex configurations present a unique challenge for object detection models. To get maximum coverage of the components in the EV battery pack, images from multiple viewpoints are considered and merged using Multiple-View Super Resolution (MVSR). The proposed method provides 7% higher accuracy in the screw detection task than the statistical methods previously derived [[1]].",,2,"2023 11th International Conference on Control, Mechatronics and Automation (ICCMA)","Dept. of Engg. Sciences, University of Agder, Grimstad, Norway",iee_dec_rob
IEEE Xplore,8885824,10.1109/ICSTCC.2019.8885824,Conferences,Optimal control of the complete assembly/disassembly cycle for a mechatronics line prototype,Octavian DUCA; Valentin GURGU; Eugenia MINCA; Adrian FILIPESCU; Florin DRAGOMIR; Otilia DRAGOMIR,2019,"The aim of this paper is to define a control strategy for complete manufacturing cycle of an assembly/disassembly educational mechatronics line (EML), assisted by a complex autonomous system (CAS), a wheeled mobile robot (WMR) equipped with robotic manipulator (RM). By reversibility we mean that the line is able to perform automatic disassembly of the product detected as defect. Disassembly starts after the assembly process and after the assembled piece fails the quality test, in order to recover the parts. The CAS is used only during disassembly, to transport the parts from the disassembling locations to the storage locations. The disassembly workstation, designed and implemented as a prototype structure, functions as an integrated system in the automized control of the SMART Assembly Mechatronic Line (SAML), on which the research was made. For the control of the complete cycle assembly/disassembly mechatronic line, was identified a strategy that will be subordinated to the concepts of energetical optimization and high productivity. For this purpose, the EML served by CAS, having a specific typology, are modelled by specialized hybrid instruments belonging to Petri Nets class: Timed Petri Nets (TPN), Hybrid Petri Nets (SHPN). The results of the simulations highlight the coherence of the control structure and the absence of blockages in the dynamics of the simulated processes: assembly, disassembly, recovery of the components in warehouses. Using these models and the optimization results, a real-time control structure has been designed and implemented, allowing automated assembly and disassembly, assisted by a CAS.",,8,"2019 23rd International Conference on System Theory, Control and Computing (ICSTCC)","Institute of Multidisciplinary Research for Science and Technology, Valahia University of Targoviste, Targoviste, Romania",iee_dec_rob
IEEE Xplore,10807203,10.1109/ACCESS.2024.3520414,Journals,Technoeconomic Assessment of Electric Vehicle Battery Disassembly-Challenges and Opportunities From a Robotics Perspective,Jamie Hathaway; Cesar Alan Contreras; Mohammed Eesa Asif; Rustam Stolkin; Alireza Rastegarpanah,2025,"The rapid shift towards electric vehicles (EVs) demands effective end-of-life strategies for lithium-ion batteries (LIBs), necessitating examining recycling methodologies, particularly the disassembly process. This study presents a technoeconomic analysis of EV battery disassembly, focusing on incorporating robotics to address challenges and capitalize on opportunities. Based on the case study of the Mitsubishi Outlander PHEV battery pack, we identify the most labor and cost-intensive components and introduce a structured approach to evaluate automating disassembly tasks. Classifying tasks based on their automation potential, we find 57% of pack-to-module (P2M) tasks readily automatable, with an additional 24% requiring minimal human intervention. Incorporating this into an analysis of task feasibility, level of automation and robot time efficiency, we establish a roadmap towards robotizing the disassembly process based on human-robot colllaboration, demonstrating a 12.85% increase in net annual revenue and 43.75% reduction in disassembly cost with current level of task feasibility. Our findings indicate a long-term roadmap towards increasing level of automation, while surmounting feasibility of complex disassembly tasks remains an unsolved challenge.",,8,IEEE Access,"School of Metallurgy and Materials, University of Birmingham, Birmingham, U.K.",iee_dec_rob
IEEE Xplore,5675479,10.1109/IECON.2010.5675479,Conferences,Towards ontology-based automated disassembly systems,Munir Merdan; Wilfried Lepuschitz; Thomas Meurer; Markus Vincze,2010,"The disassembly of products is a key process in the treatment of Waste Electrical and Electronic Equipment. When performed efficiently, it enables the maximization of resources re-usage and a minimization of pollution. However, currently employed automation solutions are mainly custom-oriented and not quite suited to cope with the dynamic nature of the disassembly environment resulting from the wide variety of products to be disassembled as well as their general shape at their disposal (e.g., scratches and fractions). To overcome these limitations we present an ontology-based automated disassembly system that integrates distributed multiagent based machine control as well as vision-based real-time path planning and robot automation. On the one side, the usage of ontologies in combination with intelligent agents provides the system with agility and the ability to autonomously perform soft-and hardware modifications in order to perform a particular activity (e.g., by selecting a specific tool). On the other side, the flexible semantic coupling of the ontology with the vision system supports the “understanding” of the captured image and enables an automated and robust realization of the individual disassembly operations as well as their coordination.",,32,IECON 2010 - 36th Annual Conference on IEEE Industrial Electronics Society,"Automation and Control Institute, University of Technology, Vienna, Vienna, Austria",iee_dec_rob
IEEE Xplore,9686083,10.1109/ICCES54031.2021.9686083,Conferences,Autonomous Non-Destructive Assembly/Disassembly of Electronic Components using A Robotic Arm,Abdelrahman S. Farhan; Abdelrhman M. Bassiouny; Youssef T. Afif; Abdelrhman A. Gamil; Mohammed A. Alsheikh; Amr M. Kamal; Khaled S. Elenany; Michael A. Bahour; Mohammed I. Awad; Shady A. Maged,2021,"E-waste recycling is becoming one of the fast de-veloping fields of research. This is due to the presence of valuable raw materials within E-waste that are often dumped in landfill sites. Recent researches have sought to bridge the gap between current robot capabilities and their potential application in disassembly processes. As such, this paper demonstrates an implementation of five non-destructive disassembly tasks: button press, peg-in-hole insertion and removal, key-in-hole insertion, and battery removal and storage. This implementation is done on an ABB IRB120 robot platform using a combination of vision sensor, force sensors, multi-tool heads and control algorithms.",,4,2021 16th International Conference on Computer Engineering and Systems (ICCES),"Mechatronics Department, Robotics and Control Lab (RCL), Ain Shams University, Cairo, Egypt",iee_dec_rob
IEEE Xplore,9067965,10.1109/SITIS.2019.00040,Conferences,DCNN-Based Screw Detection for Automated Disassembly Processes,Erenus Yildiz; Florentin Wörgötter,2019,"Automation of disassembly processes in electronic waste recycling is progressing but hindered by the lack of automated procedures for screw detection and removal. Here we specifically address the detection problem and implement a universal, generalizable, and extendable screw detector which can be deployed in automated disassembly lines. We selected the best performing state-of-the-art classifiers and compared their performance to that of our architecture, which combines a Hough transform with a novel integrated model of two deep convolutional neural networks for screw detection. We show that our method outperforms currently existing methods, while maintaining the high speed of computation. Data set and code of this study are made public.",,31,2019 15th International Conference on Signal-Image Technology & Internet-Based Systems (SITIS),"III.Physics Institute, Georg-August University of Göttingen, Göttingen, Germany",iee_dec_rob
IEEE Xplore,11166380,10.1109/ACDSA65407.2025.11166380,Conferences,A Digital Twin application for an assembly/disassembly flexible robotic cell assisted by ABB IRB 120 robotic manipulator generating the optimal trajectory for the smallest errors using RobotStudio,Anghel Mihaela-Claudia,2025,"This paper presents the development of a Digital Twin (DT) application for a flexible robotic cell (FRC) designed for assembly and disassembly (A/D) tasks, utilizing an ABB industrial robotic manipulator (RM). A 3D simulation environment was built using Siemens NX Mechatronics Concept Designer (MCD). The control of both the physical cell and its virtual counterpart was achieved through a Siemens S7-1200 PLC, programmed in TIA Portal, with the virtual model relying on inverse kinematics algorithms. The concept of Virtual Commissioning (VC) was applied to enhance system performance by enabling task optimization and comprehensive monitoring, analysis, and tracking of manufacturing processes. All robotic trajectories were validated through simulations in RobotStudio. Additionally, the system integrates IoT functionalities and allows remote access via a VPN, enabling remote operation of the 6-DoF ABB IRB 120 robot in the assembly/disassembly robotic cell (A/DRC). The experimental simulations in RobotStudio ensured that the resulting robot paths were optimized for minimal error.",,0,"2025 International Conference on Artificial Intelligence, Computer, Data Sciences and Applications (ACDSA)","Department of Automation and Electrical Engineering, ""Dunărea de Jos"" University of Galați, Galați, Romania",iee_dec_rob
IEEE Xplore,4457823,10.1109/TRO.2008.915464,Journals,Disassembly Path Planning for Complex Articulated Objects,Juan CortÉs; LÉonard Jaillet; Thierry SimÉon,2008," Sampling-based path planning algorithms are powerful tools for computing constrained disassembly motions. This paper presents a variant of the Rapidly-exploring Random Tree (RRT) algorithm particularly devised for the disassembly of objects with articulated parts. Configuration parameters generally play two different roles in this type of problems: some of them are essential for the disassembly task, while others only need to move if they hinder the progress of the disassembly process. The proposed method is based on such a partition of the configuration parameters. Results show a remarkable performance improvement as compared to standard path planning techniques. The paper also shows practical applications of the presented algorithm in robotics and structural bioinformatics. ",,45,IEEE Transactions on Robotics,"Laboratoire dArchitecture et dAnalyse des Systmes, Centre National de la Recherche Scientifique (LAAS-CNRS), Université de Toulouse, Toulouse, France",iee_dec_rob
IEEE Xplore,11301119,10.23919/ICCAS66577.2025.11301119,Conferences,Teleoperated Bolt Removal Supported by Haptic Guidance and Occlusion-Aware Estimation,Ryoya Owada; Satoshi Miura,2025,"The dismantling of end-of-life vehicles relies on manual labor and crushing, and is difficult to automate owing to differences among vehicle types. Among these tasks, bolt removal is a fundamental part of the dismantling process, and it is particularly challenging due to the need to align the tool with the bolt axis in all six degrees of freedom. The teleoperation of a robotic arm by a human is a feasible solution. This study aimed to develop a work support system to assist in aligning the position and orientation of a robotic arm with a bolt for removal. The proposed system guides the operation to facilitate the alignment of the bolt and tool, and estimates the bolt's position even when it is obscured by obstacles. Experiments were conducted to evaluate the accuracy of the position and posture alignment systems. The results showed that the system achieved an average position error of 0.84 mm and an average posture error of 3.22°, demonstrating sufficient accuracy to support remote bolt removal tasks.",,0,"2025 25th International Conference on Control, Automation and Systems (ICCAS)","Department of Mechanical Engineering, Institute of Science Tokyo, Tokyo, Japan",iee_dec_rob
IEEE Xplore,6482552,10.1109/TC.2013.58,Journals,Scalable FPGA Refurbishment Using Netlist-Driven Evolutionary Algorithms,Rizwan A. Ashraf; Ronald F. DeMara,2013,"In this work, Field-Programmable Gate Array (FPGA) reconfigurability is exploited to realize autonomous fault recovery in mission-critical applications at runtime. The proposed Netlist-Driven Evolutionary Refurbishment technique utilizes design-time information from the circuit netlist to constrain the search space of the algorithm by up to 98.1 percent in terms of the chromosome length representing reconfigurable logic elements. This facilitates refurbishment of relatively large-sized FPGA circuits as compared to previous works. Hence, the scalability issue associated with Evolvable Hardware-Based refurbishment is addressed and improved. Experiments are conducted with multiple circuits from the MCNC benchmark suite to validate the approach and assess its benefits and limitations. Successful refurbishment of the apex4 circuit having a total of 1,252 LUTs with 10 percent spares is achieved in as few as 633 generations on average when subjected to simulated randomly injected single stuck-at faults. Moreover, the use of design-time information about the circuit undergoing refurbishment is validated as means to increase the tractability of dynamic evolvable hardware techniques.",,13,IEEE Transactions on Computers,"Department of Electrical Engineering and Computer Science, University of Central Florida, Orlando, FL, USA",iee_dec_rob
IEEE Xplore,9931782,10.1109/ICSTCC55426.2022.9931782,Conferences,Digital Twin for a Mechatronics Line with Integrated Mobile Robotic Systems,Adrian Filipescu; Daniela Cristina Cernega; Eugenia Mincă; Razvan Solea; Dan Ionescu; Georgian Simion; Adriana Filipescu,2022,"The paper presents digital twin multi-functional technology for flexible production on an assembly, disassembly and repair (A/D/RML) mechatronics line assisted by a complex autonomous system (CAS). The real world consists of A/D/RML a mechatronic line (ML) with six workstations (WS) connected to a flexible cell (FC) equipped with an industrial robotic manipulator (IRM). The multifunctionality of the system is given by the three actions, assembly, disassembly and repair (the flexibility is due to the assembly of different types of products). After disassembly or repair, CAS picks up and transports the disassembled components to the appropriate storage positions for reuse. The technology works synchronously with signals from various sensors and a mobile visual servo system (VSS eye-in-hand). The virtual representation serving as a digital counterpart consists of task assignment, scheduling and A/D/RML synchronisation with integrated robotic systems. The virtual world also includes hybrid modeling and simulation with synchronized hybrid Petri nets (SHPN), VSS eye-in-hand modeling and implementation, simulation in MobileSim and graphical user interface (GUI) for real-time control monitoring, so that the whole system becomes fully automated.",,2,"2022 26th International Conference on System Theory, Control and Computing (ICSTCC)","Dep. of Automation and Elect. Eng., Dunarea de Jos University of Galaţi, Romania",iee_dec_rob
IEEE Xplore,10451867,10.1109/CAC59555.2023.10451867,Conferences,Autonomous Exploration Motion Planning Method for Mobile Robot Based on Predicted Paths,Haoyu He; Deyu Tu; Biyong Xu; Shuchao Deng; Baohong Tong; Chenyang Zhang,2023,"Effective and safe autonomous exploration of mobile robots in complex unstructured environments is a challenging research problem. In this paper, we design a predictive motion decision mechanism based on frontier exploration, and then propose a novel motion planning method for autonomous exploration. The autonomous exploration process is decomposed into two stages: the exploration stage and the planning stage. The exploration stage expands the selection of optimal frontier points based on RRT, and the planning stage generates and tracks the optimal frontier points to obtain the most efficient and safe path. An exploration-motion decision mechanism is constructed to regulate the motion speed of the mobile robot and efficiently avoid the local minimum region. Experimental validation shows that the proposed method can safely and stably explore complex unknown scenes and obtain a complete environment grid map.",,1,2023 China Automation Congress (CAC),"School of Mechanical Engineering, Anhui University of Technology, Ma'anshan, China",iee_dec_rob
IEEE Xplore,5509455,10.1109/ROBOT.2010.5509455,Conferences,A robotic module for stochastic fluidic assembly of 3D self-reconfiguring structures,Jonas Neubert; Abraham P. Cantwell; Stephane Constantin; Michael Kalontarov; David Erickson; Hod Lipson,2010,"Stochastic self-reconfiguring robots are modular robots that possess the ability to autonomously change the arrangement of their modules and do so through the use of non-deterministic processes. We present a concept for a robotic system in which the stochastic behavior of turbulent flow in a chamber is used during assembly and disassembly operations. The thermorheological properties of Pluronic® are used to implement flow routing for controlling the assembly process. This is the first use of thermorheological valving in three dimensions. A novel reversible module connection mechanism using a low melting point alloy which is soldered in a fluid environment is presented. Together with our approach to self-alignment, these are the innovations required to allow scalable self-directed assembly in three dimensions.",,22,2010 IEEE International Conference on Robotics and Automation,"Computational Synthesis Laboratory, Cornell University, Ithaca, NY, USA",iee_dec_rob
IEEE Xplore,10566234,10.1109/MED61351.2024.10566234,Conferences,Remote Control of a Flexible Robotic Cell as a Cyber Physical System for Assembly and Disassembly Based on SCADA and Industry 4.0,A. Filipescu; G. Simion; D. Ionescu; A. Filipescu,2024,"This paper aims to design a remote-controlled Flexible Robotic Cell (FRC) equipped with an ABB 120 industrial robotic manipulator (IRM) as Cyber Physical System (CPS) for assembly and disassembly (A/D) of two workpieces (WP1, WP2) with 5 parts each, based on SCADA and Industry 4.0 concepts. CPS involves integrating various digital devices, connected in a local array network (LAN) and Internet for enhanced automation, connectivity, and intelligence, The digital devices are: PLC, 3D cameras, video processing unit (VPU), powerful, embedded computer, Wi Fi router, remote and local Human Machine Interface (HMI), ethernet switch, servo drive and IoT, the last one being an edge device that allows remote connection via VPN. Synchronized timed Petri nets (STPN), for assembly and disassembly, are used for modeling and simulation. The design of CPS was subordinated to the concept of “Digital Twin”, by integrating, and synchronizing task planning and the simulation results of the STPN models, with real-time control in a supervisory control and data acquisition (SCADA) system connected remotely.",,2,2024 32nd Mediterranean Conference on Control and Automation (MED),"Department of Automation and Electrical Engineering, “Dună re a de Jos” University of Galati, Galati, Romania",iee_dec_rob
IEEE Xplore,6085732,,Conferences,Adaptive disassembly sequence control by using mobile robots and system information,A. Radaschin; A. Filipescu; V. Minzu; E. Minca; A. Filipescu,2011,Assembly and disassembly processes are similar from the viewpoint of automation. Assembly process is more or less a “classical” subject; disassembly process is more a quite new field. Flexible system are very important issue in the current industry when disassembling and recycling tasks have to be performed. These tasks can be performed by a human operator or by a robot system. In this paper an autonomous robot with manipulator system perform the required task for different operation. This system takes into consideration the necessary task to perform the disassembly of a component using robots synchronization with flexible line process. The proposed algorithm is to distribute the task among the robot and flexible line and takes into consideration the characteristics of each sequence that needs to be followed to perform the required disassembly of the product. The proposed system is validated by experiments using several types of components.,,6,"15th International Conference on System Theory, Control and Computing","Control Systems, Department of Automation and Electical Engineering, University Dunarea de Jos of Galati, Galati, Romania",iee_dec_rob
IEEE Xplore,10311615,10.1109/IECON51785.2023.10311615,Conferences,Deep Learning LSTM-Based Slip Detection for Robotic Grasping,Zhen Xie; Teerawat Piriyatharawet; Canale Roberto,2023,"Robotic grasping is critical to manufacturing, logistics, and warehouse operations. With the rise of automation and robotization, robots are increasingly being used to pick and place products of various sizes, shapes, and materials in Any-Mixed-Any-Volume scenarios. However, this process can be challenging when dealing with fragile products with mixed volumes, such as glass items and instruments. As a result, slip detection is a key technique used to address these challenges, enabling robots to adjust their grip force and prevent the dropping of fragile products. This research firstly provides an overview of the challenges associated with robotic grasping, particularly in mixed-volume scenarios, and highlights the importance of slip detection in improving efficiency and reducing failures. Next, DIGIT tactile sensors are mounted on the left and right fingertips of the Robotiq 2f-145 gripper to stream the 2-axis tactile images during the grasping motion. Last but not least, a deep learning-based slip detection model is proposed to predict the slipping during the grasping sequence. Experiments show the improvement in success rate with anti-slip detection activated.",,5,IECON 2023- 49th Annual Conference of the IEEE Industrial Electronics Society,"Advanced Remanufacturing and Technology Centre (ARTC), Agency for Science, Technology and Research (A*STAR), Singapore, Singapore",iee_dec_rob
IEEE Xplore,10021468,10.1109/WCMEIM56910.2022.10021468,Conferences,Target Tracking Method for Visual Autonomous Localization of Demolition Robot,Yimo Zong; Jianzhong Huang; Jiahan Bao; Deshang Sun; Yuwan Cen,2022,"To solve the problem of autonomous and precise positioning of the robot arm in the non-structural environment of the demolition robot, binocular vision is used for the measurement of the target point for robot arm positioning, and the real-time tracking and measurement of the end of the robot arm during the positioning process. For demolition robots operating in non-structural environments, their tracking process will have the problems of randomly appearing tracking targets being obscured and a complex background environment. The paper solves this problem by extending the Camshift algorithm to 3D space, using depth information to separate occluders and targets in space. Through experiments, it is proved that this method can effectively solve the problem that the tracking of the end of the robotic arm is lost due to random occlusions during the positioning and tracking of the end of the robotic arm, so as to provide the feedback information of the spatial position of the end of the robotic arm for the autonomous positioning of the robotic arm in a real-time and stable manner.",,1,2022 5th World Conference on Mechanical Engineering and Intelligent Manufacturing (WCMEIM),"School of Mechanical Engineering, Anhui University of Technology, Ma'anshan, China",iee_dec_rob
IEEE Xplore,9035052,10.1109/Humanoids43949.2019.9035052,Conferences,Autonomous Learning of Assembly Tasks from the Corresponding Disassembly Tasks,Mihael Simonič; Leon Žlajpah; Aleš Ude; Bojan Nemec,2019,"An assembly task is in many cases just a reverse execution of the corresponding disassembly task. During the assembly, the object being assembled passes consecutively from state to state until completed, and the set of possible movements becomes more and more constrained. Based on the observation that autonomous learning of physically constrained tasks can be advantageous, we use information obtained during learning of disassembly in assembly. For autonomous learning of a disassembly policy we propose to use hierarchical reinforcement learning, where learning is decomposed into a high-level decision-making and underlying lower-level intelligent compliant controller, which exploits the natural motion in a constrained environment. During the reverse execution of disassembly policy, the motion is further optimized by means of an iterative learning controller. The proposed approach was verified on two challenging tasks - a maze learning problem and autonomous learning of inserting a car bulb into the casing.",,9,2019 IEEE-RAS 19th International Conference on Humanoid Robots (Humanoids),"Department of Automatics, Biocybernetics and Robotics, Jožef Stefan Institute, Ljubljana, Slovenia",iee_dec_rob
IEEE Xplore,11303263,10.1109/TASE.2025.3645180,Journals,Parallel Sampling Attention Model for Real-Time Robotic Disk Disassembly Planning,Jiawei Wei; Caitian Liu; Yuyong Jian; Xiong Chen,2026,"As cloud computing expands, data centers increasingly rely on robotic systems to efficiently disassemble millions of hard disk drives for secure, periodic data erasure and reuse. Managing such large-scale, dynamic operations requires controlling robots under real-time constraints—posing practical challenges in path planning due to shifting locations, limited perception, and the need for coordinated execution between mobile chassis and manipulator. To tackle these demands, we present a Parallel Sampling Attention Model (PSAM), a deep learning architecture designed for high-throughput, real-time decision-making in industrial disassembly scenarios. PSAM introduces a parallel decoding mechanism that generates diverse candidate paths in a single forward pass, enabling efficient path planning. The solutions are segmented and optimized using a genetic-inspired refinement process, while a redundant decoding strategy enhances solution robustness by balancing quality and planning speed. We deploy PSAM on a real-world robotic disassembly platform, achieving a 37% improvement in operational efficiency and maintaining a 94% task success rate. This work contributes to scalable, intelligent automation for next-generation data center operations, with broad potential for real-time robotic path planning and scheduling in industrial environments. Note to Practitioners—This work was motivated by the practical need to automate the disassembly of millions of hard disk drives in large-scale data centers, where secure data erasure and hardware reuse are critical. Traditional robotic planning systems often struggle with frequent location changes, limited real-time perception, and the complexity of coordinating the chassis and manipulator. To address these challenges, we developed a deep reinforcement learning-based planning method that generates multiple feasible task paths in parallel and efficiently refines them. This approach, called PSAM, enables robots to respond with low latency to dynamic task environments while maintaining a strong balance between planning quality and computational speed. The method has been validated in both simulated and real data center scenarios, showing strong potential for real-time industrial deployment. However, the current system relies on accurate initial perception and working zone assignment, which may limit performance in noisier environments. Future work will focus on integrating this method with uncertain sensor data and more complex task constraints. Beyond hard disk drive disassembly, PSAM may also benefit other high-throughput robotic applications such as sorting, inspection, or repair.",,0,IEEE Transactions on Automation Science and Engineering,"School of Future Information Technology, Fudan University, Shanghai, China",iee_dec_rob
IEEE Xplore,7893727,10.1109/TASE.2017.2679720,Journals,A System Combining Force and Vision Sensing for Automated Screw Removal on Laptops,Nicholas M. DiFilippo; Musa K. Jouaneh,2018,"This brief investigates the performance of an automated robotic system, which uses a combination of vision and force sensing to remove screws from the back of laptops. This robotic system uses two webcams, one that is fixed over the robot and the other mounted on the robot, as well as a sensorequipped (SE) screwdriver. Experimental studies were conducted to test the performance of the SE screwdriver and vision system. The parameters that were varied included the internal brightness settings on the webcams, the method in which the workspace was illuminated, and color of the laptop case. A localized light source and higher brightness setting as the laptop's case became darker produced the best results. In this brief, the SE screwdriver was able to successfully remove 96.5% of the screws.",,50,IEEE Transactions on Automation Science and Engineering,"Mechanical Engineering Department, University of Rhode Island, Kingston, RI, USA",iee_dec_rob
IEEE Xplore,747619,10.1109/ECODIM.1999.747619,Conferences,Air conditioner and washing machine primary disassembly process,Y. Uchiyama; R. Fujisawa; Y. Oda; E. Hirasawa,1999,"In a demonstration plant for the recycling of post-use electric home appliances, the authors developed a primary disassembly process of an air conditioner and a washing machine. The purpose of the primary disassembly process for the air conditioner is to collect CFCs (chlorofluorocarbons) and to separate the heat exchangers and compressor. This process is employed by an image processing system and robotic automatic cutting system. It can disassemble the air conditioner with a work efficiency of 17 units per hour. The purpose of the primary disassembly process of the washing machine is to separate the motor. The authors developed a system in which the depth of washing tank is measured automatically by a supersonic wave sensor. It can disassemble a washing machine with a work efficiency of 27 units per hour.",,5,Proceedings First International Symposium on Environmentally Conscious Design and Inverse Manufacturing,"Global Ecoindustry Center, Mitsubishi Material Corporation, Tokyo, Japan",iee_dec_rob
IEEE Xplore,11205805,10.1109/ETFA65518.2025.11205805,Conferences,Integrating LLMs into Collaborative Robotics for Automated Zipped Apparel Disassembly,Andrea Bonci; Alessandro Di Biase; Sauro Longhi; Ilaria Pellicani; Mariorosario Prist; Andrea Serafini,2025,"In order to successfully integrate circular economy principles into current value chains, it is crucial to ensure the economic sustainability of disassembly processes. Recent scientific and technological innovations, including Large Language Models (LLMs) in artificial intelligence (AI), are greatly accelerating progress in enhancing robotic capabilities. Dismantling is the first step in the re-manufacturing, repair, and recycling processes of end-of-life (EoL) products. Traditionally, this operation is performed manually by operators or by expensive dedicated robotic cells. Although manual disassembly offers flexibility in handling complex situations, it is a time-consuming and labour-intensive process that can negatively affect the health of operators and the cost-effectiveness of the disassembly process. However, robot disassembly presents difficulties in handling complex parts in a flexible manner. Robot application emerges as an automated versatile solution, capable of handling uncertainties in the frequency, quantity, and quality of end-of-life products. A fully automated approach for the removal of clothing zips from garments is proposed. The approach detects the pixels corresponding to the zip using LLM-Based AI techniques to plan the path of the robotic arm. The solution reduces the effort of AI training in industrial applications. Simulations validate the approach and its performance.",,1,2025 IEEE 30th International Conference on Emerging Technologies and Factory Automation (ETFA),"Dept. of Information Engineering, Polytechnic University of Marche, Ancona, Italy",iee_dec_rob
IEEE Xplore,10802225,10.1109/IROS58592.2024.10802225,Conferences,Revolutionizing Battery Disassembly: The Design and Implementation of a Battery Disassembly Autonomous Mobile Manipulator Robot(BEAM-1),Yanlong Peng; Zhigang Wang; Yisheng Zhang; Shengmin Zhang; Nan Cai; Fan Wu; Ming Chen,2024,"The efficient disassembly of end-of-life electric vehicle batteries(EOL-EVBs) is crucial for green manufacturing and sustainable development. The current pre-programmed disassembly conducted by the Autonomous Mobile Manipulator Robot(AMMR) struggles to meet the disassembly requirements in dynamic environments, complex scenarios, and unstructured processes. In this paper, we propose a Battery Disassembly AMMR(BEAM-1) system based on NeuralSymbolic AI. It detects the environmental state by leveraging a combination of multi-sensors and neural predicates and then translates this information into a quasi-symbolic space. In real-time, it identifies the optimal sequence of action primitives through LLM-heuristic tree search, ensuring high-precision execution of these primitives. Additionally, it employs positional speculative sampling using intuitive networks and achieves the disassembly of various bolt types with a meticulously designed end-effector. Importantly, BEAM-1 is a continuously learning embodied intelligence system capable of subjective reasoning like a human, and possessing intuition. A large number of real scene experiments have proved that it can autonomously perceive, decide, and execute to complete the continuous disassembly of bolts in multiple, multi-category, and complex situations, with a success rate of 98.78%. This research attempts to use NeuroSymbolic AI to give robots real autonomous reasoning, planning, and learning capabilities. BEAM-1 realizes the revolution of battery disassembly. Its framework can be easily ported to any robotic system to realize different application scenarios, which provides a ground-breaking idea for the design and implementation of future embodied intelligent robotic systems.",,11,2024 IEEE/RSJ International Conference on Intelligent Robots and Systems (IROS),"School of Mechanical Engineering, Shanghai Jiao Tong University, Shanghai, China",iee_dec_rob
IEEE Xplore,616265,10.1109/ETFA.1997.616265,Conferences,Dynamic generation of disassembly sequences,M. Martinez; V.-H. Pham; J. Favrel,1997,"Disassembly for material recovery and environment protection is an increasingly important aspect in the manufacturing industry. Most of the present research works for disassembly focus on the generation of predictive optimal sequences. In fact, the disassembly process is particularly uncertain. Frequent incidents make a predetermined plan unrealistic. In this paper we present a new disassembly method in which the actual sequence of disassembly operations is progressively elaborated during the execution, in function of the real circumstances of the process. New concepts of disassembly operation and sequence equivalence are proposed together with a new representation of disassembly sequence. A decentralised and distributed control system based on a multi-agent technology is presented. The results of experimentation verify system flexibility and reactivity to unpredictable events, particularly disassembly operation failures.",,12,"1997 IEEE 6th International Conference on Emerging Technologies and Factory Automation Proceedings, EFTA '97","PRISMa-UCBL-INSA deLyon, Villeurbanne, France",iee_dec_rob
IEEE Xplore,9613486,10.1109/ETFA45728.2021.9613486,Conferences,Towards Ontology-based Autonomous Intralogistics for Agile Remanufacturing Production Systems,Jan-Felix Klein; Marco Wurster; Nicole Stricker; Gisela Lanza; Kai Furmans,2021,"Remanufacturing, previously characterised by manual and cost-intensive processes, is a decisive step towards a resource-conserving circular economy. Uncertain product states, inconsistent quality, and fluctuating availability of end-of-life products not only pose major challenges for the automation of remanufacturing, but also for intralogistics, which has hardly been considered in the literature to date. This paper gives a concept overview on an ontology-based autonomous intralogistics system embedded in the fluid automation framework, describes and illustrates the main cyber-physical components and shows exemplary workflows. The presented concept is currently implemented as part of the AgiProbot research project.",,10,2021 26th IEEE International Conference on Emerging Technologies and Factory Automation (ETFA ),"Institute for Material Handling and Logistics Karlsruhe Institute of Technology, Karlsruhe, Germany",iee_dec_rob
IEEE Xplore,843173,10.1109/70.843173,Journals,Design and implementation of an adaptive process planner for disassembly processes,E. Zussman; Meng Chu Zhou,2000,"This paper presents a methodology for designing and implementing disassembly plans and processes using Petri nets (PN) for remanufacturing obsolete products. Process modeling and planning using PN are discussed. The proposed PN accommodate product topology and precedence relations during disassembly. Decision values are attached to PN to enable consideration of uncertainty during process execution. The resulting planner guarantees the plan's optimality when product remanufacturing parameters are known. In cases of uncertainty about product parameters, an adaptation scheme is designed and implemented to facilitate the goal of maximum benefit. Three planning and execution algorithms (globally fixed, limited adaptive, adaptive) are presented for disassembly processes. They are demonstrated comprehensively through a robotic disassembly system, and its use is demonstrated in disassembly of a car radio.",,68,IEEE Transactions on Robotics and Automation,"Department of Mechanical Engineering, Technion-Israel Institute of Technology, Haifa, Israel",iee_dec_rob
IEEE Xplore,573938,10.1109/ETFA.1996.573938,Conferences,Semi-automated robotic disassembling of personal computers,P. Kopacek; G. Kronreif,1996,"Recycling will be one of the new complex fields an engineer has to deal with. Due to the expected growing rates for disassembling, which is the starting point of all recycling processes, an automation of the process will be absolutely necessary. Resulting from the different product characteristics the selection and the use of equipment in a disassembling cell as well as the strategies and the types of organisation have to be taken under consideration. Based on this a procedure for the design of a disassembly cell has been identified. For its evaluation a concept of a PC-disassembly cell has being developed with different groups of PCs being classified according to their ability for automated disassembling. Parallel to the development of this automated disassembly cell, a computer aided planning system for a semi-automated cell layout is developed as well. Using this tool the planning and layout of a robotic cell for disassembling should be possible with savings on both the time and cost for planning.",,14,Proceedings 1996 IEEE Conference on Emerging Technologies and Factory Automation. ETFA '96,"Institute for Handling Devices and Robotics, Technical University of of Vienna, Vienna, Austria",iee_dec_rob
IEEE Xplore,337221,10.1109/ICAR.1993.337221,Conferences,An experimental robot system for investigating disassembly problems,P. Dario; M. Rucci; C. Guadagnini; C. Laschi,1993,"The traditional approach to automation and robotics has always been focused on assembly problems, whereas the managing of manufactured products at the end of their life cycle has been mostly neglected. However, disassembly and recycling are becoming important factors in a society like ours, which is increasingly concerned about the ecological and economical implications of manufacturing. In this paper we present a robotic system for the extraction and recognition of object agglomerates and sorting. Such operations are of crucial importance in several disassembly tasks, such as recycling and raw materials recovering. The system is based on the integration of different sensory modalities with motor actions. An example of application of the system is described and the obtained results are discussed.<>",,4,Proceedings of 1993 IEEE/Tsukuba International Workshop on Advanced Robotics,"Scuola Supcriore S.Anna, ARTS Laboratory, Pisa, Italy",iee_dec_rob
IEEE Xplore,7487404,10.1109/ICRA.2016.7487404,Conferences,Autonomous disassembly of electric vehicle motors based on robot cognition,Mohamad Bdiwi; Aquib Rashid; Matthias Putz,2016,"This research work proposes a robotized workstation for automatic disassembly of electric vehicle motors. A novel image processing algorithm is proposed for autonomous detection of motor screws, to automate the task of motor disassembly. Instead of having a database of templates for matching, the screws are detected based on their characteristics with respect to its grayscale, depth and HSV values. Furthermore, with frame iterations, the accuracy of the system is increased mean while reducing its runtime. The algorithm is successfully tested and implemented and yields highly accurate results.",,41,2016 IEEE International Conference on Robotics and Automation (ICRA),"Fraunhofer Institute for Machine Tools and Forming Technology, IWU, Chemnitz",iee_dec_rob
IEEE Xplore,8107039,10.1109/ICSTCC.2017.8107039,Conferences,SHPN models based simulation and control of mobile robotic systems integrated into A/DML,Adrian Filipescu; Daniela Cernega; Adriana Filipescu; Razvan Solea; Eugenia Minca,2017,"Purpose of this paper is to model, simulate and control wheeled mobile robotic systems integrated into an assembly mechatronics line for making it reversible, i.e. have the capacity to deal disassembly using mobile platforms equipped with a manipulator. For this purpose, synchronised hybrid Petri nets (SHPN) models will be used to simulate and control an assembly/disassembly (A/D) mechatronics line (A/DML), with a fixed number of workstations. Two cases are presented: to the first one, A/DML is served by a wheeled mobile robots (WMR) equipped with robotic manipulator (RM). To the second case, A/DML is served by two WMRs, collaborative or parallel working. The SHPN models are hybrid type, where A/DML is the discrete part, and WMRs are the continuous part. Moreover, the model operates in synchronised mode with signals from sensors. Disassembly starts after the assembly process and if the assembled piece fails the quality test, to recover disassembled parts. The WMRs are used only during disassembly, to transport parts from the disassembling locations to the storage locations.",,2,"2017 21st International Conference on System Theory, Control and Computing (ICSTCC)","Department of Automation and Electrical Engineering, “Dunarea de Jos” University of Galati, Romania",iee_dec_rob
IEEE Xplore,9259644,10.1109/ICSTCC50638.2020.9259644,Conferences,Hybrid Control Application Using Mobile Visual Servoing for Flexible Manufacturing Mechatronics Line,Daniela Cernega; Razvan Solea,2020,"The aim of this paper is to present a real time control application to ensure the reusing/reprocessing capability of the non-compliant parts in an Assembly/Disassembly Mechatronics Line (A/DML). The novelty of this paper consists in the use of a Mobile Visual Servoing Application in order to guarantee the correct handling of the reused/reprocessed parts. These parts are the result of the disassembly station and there are taken by a mobile robot equipped with a 7DOF manipulator without having any apriori information concerning the position and orientation of the parts. In order to perform this task, the Wheeled Mobile Robot (WMR) is synchronized with the A/DML. The manufacturing lines served by mobile robots have hybrid characteristics, consisting of continuous dynamic behaviors (mobile robots) and discrete event behaviors (A/DML). Real-time control application is designed and implemented allowing automated processing and reprocessing of a production volume. The solution is validated using the real time implementation of the designed architecture for the hybrid system consisting of the Assembly/Disassembly Mechatronics Line (A/DML), with fixed number of workstations, HERA Horstmann completed with a disassembly workstation, served by Wheeled Mobile Robot (WMR), People Bot equipped with a 7DOF Robotic Manipulator (RM) with mobile visual servoing system.",,3,"2020 24th International Conference on System Theory, Control and Computing (ICSTCC)","Dep. of Automation and Electrical Engineering, ""Dunarea de Jos"" University of Galati, Galati, Romania",iee_dec_rob
IEEE Xplore,5459610,10.1109/ICMTMA.2010.757,Conferences,Random Triangle Sampling Path Planning of Assembly/Disassembly in Environment with Dangerzones,,2010,"To solve the assembly/disassembly path planning in the environment with danger zones, a RRT-based path planning algorithm was presented. The algorithm addressed a random sampling function which obtains random state from the triangles that describe the dangerzones. The local planner connecting the samples with RRT tree is also introduced. Experimental results show that the algorithm much more effectively searches the paths between dangerzones and obstacles.",,6,2010 International Conference on Measuring Technology and Mechatronics Automation,,iee_dec_rob
IEEE Xplore,928990,10.1109/ISATP.2001.928990,Conferences,A rule based approach to the gripper selection issue for the assembly process,P. Pedrazzoli; R. Rinaldi; C.R. Boer,2001,"This paper reports a rule based approach to the gripper selection problem in assembly cells. We deal with gripper's morphology, fingertip and actuation. The goal of the project is to develop a set of rules, based on the formalization of the gripper-selection expert's know-how and reasoning methods. Once the rules are achieved, we point out which parameters, concerning the part handled and process needed, are to be known to correctly choose a gripper.",,11,Proceedings of the 2001 IEEE International Symposium on Assembly and Task Planning (ISATP2001). Assembly and Disassembly in the Twenty-first Century. (Cat. No.01TH8560),"ITIA Institute of Industrial Technologies and Automation of Milan, CNR National Research Council",iee_dec_rob
IEEE Xplore,8967383,10.1109/ICRAI47710.2019.8967383,Conferences,Robust Control Design of 6-DOF Robot for Nuclear Power Plant Dismantling,Hamza Khan; Saad Jamshed Abbasi; Karam Dad Kallu; Min Cheol Lee,2019,"Controller design for robotic manipulator in a nuclear environment has been a challenging task for more than a decade. In this paper three different control techniques were proposed which include PID control, sliding mode control (SMC) and sliding mode control with sliding perturbation observer (SMCSPO). Dynamic modeling of the system was done using the Lagrange approach. The trajectory was planned for manipulator’s end-effector, then trajectory for each joint was computed. Then control algorithms were designed and implemented in MATLAB/Simulink. The simulation results illustrated that PID is a linear control, therefore, when controlling the system with uncertainties the performance of PID is not good. Sliding mode control is a robust non-linear control and have good performance characteristics but information of upper bound of perturbation is necessary. To overcome this problem SMCSPO a robust control with disturbance rejection logic has been implemented and result shows that SMCSPO performance is better than SMC and PID in the presence of uncertainties and external disturbance due to disturbance compensation.",,9,2019 International Conference on Robotics and Automation in Industry (ICRAI),"School of Mechanical Engineering, Pusan National University, Busan, South Korea",iee_dec_rob
IEEE Xplore,4562862,10.1109/ISEE.2008.4562862,Conferences,Simultaneous disassembly of PCBs based on components reusability assessment,Yang Jiping; Xiang Dong; Gao Peng; Cheng Yang; Duan Guanghong,2008,"Disassembly is the first issue in the recycling of obsolete printed circuit boards (PCBs). Although high automation and robotics have been achieved in the industrial assembly of PCBs, the dismantlement of PCBs still keeps a low level of manual operation with simple tools, except some pilot or demonstration projects realized in research institutes. Consumption market of electrical and electronic equipments is very flourishing in China, which causes millions of used PCBs abandoned every year. Manual disassembly of PCBs is the most common method in China now. In order to improve the disassembly efficiency and evaluate the disassembled components, as well as to ameliorate working conditions and minimize the environmental pollution, it is necessary to develop a PCB disassembly and component reusability assessment system which is commercially feasible to industrial application. Under the support of National Key Technologies R&D Program of China, we quested for technological solutions for PCB disassembly and component assessment to catch up the demand of sustainable development.",,0,2008 IEEE International Symposium on Electronics and the Environment,"Department of Precision, Instruments and Mechanology, Tsinghua University, Beijing, China",iee_dec_rob
IEEE Xplore,928967,10.1109/ISATP.2001.928967,Conferences,Development of mobile robot system adaptive to sharp fluctuation of production volume,H. Hibi,2001,"DENSO is developing manufacturing systems to meet the advanced and various needs of automation. The development is based on two axes. One axis is the rationalization axis, and we aimed to develop spot, line, area, cube and networked automation systems. Another axis is the flexibility axis, and we aimed to develop single-product, multi-product, multi-generation and fluctuation-adaptive automation systems. In the process of the automation development, the manufacturing system of DENSO has evolved from a mechanical automation system to a robot automation system, and then a fluctuation-adaptive automation system with a mobile robot. We describe DENSO's activity in automation system development.",,0,Proceedings of the 2001 IEEE International Symposium on Assembly and Task Planning (ISATP2001). Assembly and Disassembly in the Twenty-first Century. (Cat. No.01TH8560),"Robot Engineering Department, Denso Corporation, Aichi, Japan",iee_dec_rob
IEEE Xplore,1290898,10.1109/AGEC.2004.1290898,Conferences,Closing the loop of printed-wire-boards and electronic devices: experiences from automatic disassembling as an input for manufacturers,M. Brandstotter; R. Knoth; B. Kopacek; P. Kopacek,2004,"Due to the fast pace of technological innovation, and the consequent shortening lifetimes of electronic products, particularly ICT equipment, a,flexible semi-automatic disassembling cell ""/spl Sigma/! 1592 - Disassembly Factory"" for extracting components from printed wire boards (PWB) has been developed. Based on these disassembling experiences design criteria for a re-use optimized structure of PWBs and electronic components have been defined in order to maximize the benefit for economy and environment. If industry becomes aware of the elaborated design criteria and uses these investigations, number of reusable components can be achieved and enhanced significantly hand in hand with the improved quality and positive feedback regarding landfill volume and depletion of primary materials.",,1,2004 International IEEE Conference on the Asian Green Electronics (AGEC). Proceedings of,"Austrian Society for Systems Engineering and Automation, Vienna, Austria",iee_dec_rob
IEEE Xplore,6606073,10.1109/ASCC.2013.6606073,Conferences,A theoretical approach of the generalized hybrid model based control of repetitive processes,Eugenia Minca; Adrian Filipescu; Alina Voda,2013,"A generalized Synchronized Hybrid Petri Nets (SHPN) model based control of a hybrid repetitive processes is presented in this paper. The whole process has two components: one discrete and one continuous. Its evolution can be described by a set of repetitive tasks. The generalized SHPN model is associated to this hybrid system with N repetitive tasks. The generalized SHPN model is customized to an assembly/disassembly mechatronics line (A/DML), served by a wheeled mobile robot (WMR) equipped with robotic manipulator (RM). The behavior as a hybrid system appears during disassembly, when WMR with RM is used to transport the work parts from the disassembly locations to the storage location in order to be reused in assembly. The assembly can be modeled as discrete system events (DES). This hybrid system takes into consideration the distribution of the necessary tasks to perform the hybrid disassembly of the work parts, by synchronization between WMR equipped with RM and A/DML. An optimization approach of the cycle time, associated to the control of repetitive processes is also presented.",,2,2013 9th Asian Control Conference (ASCC),"Universitatea Dunarea de Jos din Galati, Galati, RO",iee_dec_rob
IEEE Xplore,4543602,10.1109/ROBOT.2008.4543602,Conferences,Dismantling interior facilities in buildings by human robot collaboration,S. Rolando Cruz-Ramirez; Yuusuke Ishizuka; Yasushi Mae; Tomohito Takubo; Tatsuo Arai,2008,"New robotic systems will be playing an essential role in the future dismantling service for renewing office interiors facilities in buildings. In our study, the dismantling task would be achieved by proper collaboration between human workers and robots utilizing mobile arms, interface devices and software. This paper describes an overview of the proposed dismantling system as well as its requirements. The real experiments presented are focused on the disassembling task of a ceiling lamp panel (LP). In the disassembling task, a robot arm collaborates with the human worker holding the LP, accomplishing an assisting function. At first, in order to approach the robot to the holding position, the worker controls the robot using interface devices which are also evaluated in their usability aspect. Then, a laser pointer fixed at the robot’s tip is used both as a guidance in the teleoperation process and as a first indicator of the holding position. As a second step toward the target, the control program applies model-based 3D object recognition techniques to calculate the final position. At this stage the information of an stereo camera, configured as an eye-in-hand system, is necessary. On the last part of the task, the robot reaches the estimated position automatically by using the results of its kinematic analysis. The experimental results show the effectiveness of the proposed methodology.",,6,2008 IEEE International Conference on Robotics and Automation,"With Arai Laboratory, Department of Systems Innovation, Graduate School of Engineering Science, Osaka University, Toyonaka, Osaka, Japan",iee_dec_rob
IEEE Xplore,10673362,10.1109/CIS-RAM61939.2024.10673362,Conferences,An Application Study on Reconfigurable Robotic Workcells and Policy Adaptation for Electronic Waste Recycling,Mihael Simonič; Boris Kuster; Matija Mavsar; Gašper Šavle; Sebastian Ruiz; Martin Bem; Matevž Majcen Hrovat; Aleš Ude,2024,"The recycling of electronic waste (e-waste) presents significant challenges due to the diverse range of device models and conditions that need to be treated. This paper presents an application study that evaluates a reconfigurable modular robotic workcell platform and adaptation at different levels to address these challenges. The performance and effectiveness of the approach are assessed through two common use cases from the e-waste recycling industry: heat cost allocator disassembly and smoke detector disassembly, with the goal of battery removal. The initial setup time (the definition of dismantling procedures for a new device type), reconfiguration times (changing the workcell layout to switch between processes for different known device types) and cycle times (for dismantling one device) were assessed in terms of their key performance indicators (KPIs). The evaluation demonstrated the flexibility and adaptability of the workcell, which enables streamlined process development and efficient disassembly of electronic devices in different scenarios.",,1,"2024 IEEE International Conference on Cybernetics and Intelligent Systems (CIS) and IEEE International Conference on Robotics, Automation and Mechatronics (RAM)","Department of Automatics, Biocybernetics and Robotics, Jožef Stefan Institute, Ljubljana, Slovenia",iee_dec_rob
IEEE Xplore,11140847,10.1109/INCET64471.2025.11140847,Conferences,Visual-Affordance based Identification and Removal of Screws for Disassembling of Products,Rohan Mahantesh Kodagali; Girish Karikatti; Amogh Sutar; Sachin Karadgi; Uma Mudenagudi,2025,"Industry 4.0 has brought significant changes to manufacturing as well as in the field of recycling and sustainability. This work provides a unique solution integrating YOLOv8 for real-time screw recognition, pixel-scaling algorithms for diameter estimate, and affordance learning for robotic unscrewing. The system merges deep learning-based screw recognition with robotic manipulation, achieving accurate screw positioning and classification. In simulations using ROS2 and Gazebo, YOLOv8 exceeds existing methods in accuracy and real-time precision. The robotic system successfully aligns with screws and simulates removal, furthering automated disassembly. These results indicate the method’s potential for industrial-scale applications, providing a robust foundation for real-world deployment. Future work will strengthen Gazebo’s physical modeling and combine the system with physical robots for further validation.",,0,2025 6th International Conference for Emerging Technology (INCET),"Automation and Robotics Engineering, KLE Technological University, Hubballi, India",iee_dec_rob
IEEE Xplore,583139,10.1109/IROS.1993.583139,Conferences,An approach to disassembly problems in robotics,P. Dario; M. Rucci,1993,"The authors present motivations for the long term research program on the various aspects of disassembly undertaken in their laboratory, and outline a theoretical framework for approaching disassembly problems. An application is described which is derived from such a framework in the context of a specific case-study of disassembly.",,18,Proceedings of 1993 IEEE/RSJ International Conference on Intelligent Robots and Systems (IROS '93),"ARTS Laboratory, Anna ARTS Laboratory, Pisa, Italy",iee_dec_rob
IEEE Xplore,774015,10.1109/ROBOT.1999.774015,Conferences,Disassembly sequencing and assembly sequence verification using force flow networks,S. Lee; H. Moradi,1999,"The design of an assembly line for a mechanical assembly has to satisfy all the geometrical and the physical constraints presented in the assembly such as blocking relation and contact forces. Given a desired final assembly, determining an appropriate assembly sequence which satisfies not only the blocking constraints but also the force constraints needs a proper model to directly provide the information needed to reason about assembly. We introduce a representation, the directional force graph, which explicitly describes how parts interact in the assembly. This representation is used to determine disassemblable parts that are naturally broken apart from an assembly by a decomposition force. A decomposition force is an external force applied to a held part(s) against a fixture part(s). The proposed approach provides a mechanism to explicitly incorporate the real-world constraints of assembly directions, fixturing, and tooling requirements into planning. We describe a complete planning algorithm and report the results.",,14,Proceedings 1999 IEEE International Conference on Robotics and Automation (Cat. No.99CH36288C),"Jet Propulsion Laboratory, California Institute of Technology, Pasadena, CA, USA",iee_dec_rob
IEEE Xplore,8957300,10.1109/LRA.2020.2965869,Journals,Benchmarking Protocols for Evaluating Small Parts Robotic Assembly Systems,Kenneth Kimble; Karl Van Wyk; Joe Falco; Elena Messina; Yu Sun; Mizuho Shibata; Wataru Uemura; Yasuyoshi Yokokohji,2020,"This article presents a set of performance metrics, test methods, and associated artifacts to help progress the development and deployment of robotic assembly systems. The designs for three task board artifacts that replicate small part insertion and fastening operations such as threading, snap fitting, and meshing with standard screws, nuts, washers, gears, electrical connectors, belt drives, and wiring are presented. To support the evaluation of robotic assembly and disassembly operations, benchmarking protocols and performance metrics are presented that leverage these task boards. Finally, robot competitions are discussed as use cases for these task boards.",,68,IEEE Robotics and Automation Letters,"National Institute of Standards and Technology (NIST), 100 Bureau Drive, Gaithersburg, USA",iee_dec_rob
IEEE Xplore,8869050,10.1109/ETFA.2019.8869050,Conferences,Evaluating Skill-Based Control Architecture for Flexible Automation Systems,Kirill Dorofeev; Monika Wenger,2019,"For the manufacturing of customized products, systems require easier and better adaptivity of the production plant especially in terms of the control software. In recent research projects, a skill-based architecture has been introduced and presented within an industrial demonstrator proposing the required adaptivity. Within this work, the skill-based architecture is compared to a more traditional component-based hierarchical approach to identify strength and weakness of this approach, which then enables further improvements of the skill-based architecture. The flexibility of control software can not directly be measured. Therefore execution time, modularity, readability, and reusability considering the impact of component exchanges are used as evaluation criteria. Modularity and reusability are measured by the number of needed Function Blocks (FBs) and that can also be used for other systems respectively. To evaluate readability three derived metrics from the basic Halstead Metric are used. The comparison shows that the skill-based architecture is more complex but much more flexible than the more traditional component-based hierarchical approach.",,18,2019 24th IEEE International Conference on Emerging Technologies and Factory Automation (ETFA),"fortiss GmbH, Munich, Germany",iee_dec_rob
IEEE Xplore,7919231,10.1109/TRO.2017.2693999,Journals,On-Demand Disassembly of Paramagnetic Nanoparticle Chains for Microrobotic Cargo Delivery,Jiangfan Yu; Tiantian Xu; Zheyu Lu; Chi Ian Vong; Li Zhang,2017,"Paramagnetic nanoparticles are considered as attractive building blocks, particularly for robotic delivery of drugs. Although paramagnetic nanoparticles can be effectively gathered and transported using external magnetic fields, the disassembly process is yet to be fully investigated to avoid the formation of aggregations. In this paper, we report a novel method of controllable disassembly of paramagnetic nanoparticle chains using a predefined dynamic magnetic field. The dynamic field is capable of performing spreading and fragmentation of the particle chains simultaneously. Using the magnetic dipole-dipole repulsive forces, the final area covered by the particle chains swells up to 545% of the initial area. The final length distribution presents a strong relationship with the frequency of the dynamic field in deionized (DI) water and two kinds of biofluids. An analytical model of phase lag is proposed, which shows good agreement with the experimental results. Furthermore, we also present an assembly process using a rotating magnetic field, indicating that the assembly disassembly process is reversible. In addition, batch-cargo delivery of polystyrene microbeads using the nanoparticle chains as swarm-like nanorobots is demonstrated.",,129,IEEE Transactions on Robotics,"Department of Mechanical and Automation Engineering, The Chinese University of Hong Kong, Shatin, Hong Kong",iee_dec_rob
IEEE Xplore,652945,10.1109/AIM.1997.652945,Conferences,Feasibility of disassembly tasks considering a posture of a subassembly using genetic algorithm,A. Inaba; T. Suzuki; S. Okuma,1997,"Summary form only given. An automatic generation of assembly or disassembly sequences is a significant problem for assemblies using robot manipulators. We need to judge the feasibility of assembly/disassembly tasks based on geometric information of products. In previous research, only translational motion of a subassembly has been considered. However, there are many cases in which a subassembly can be separated from another subassembly using rotational motion. In this paper, we propose a new algorithm with which we can search a posture of a subassembly to avoid collision with another subassembly. The algorithm is based on the genetic algorithm. The proposed method makes it possible to search a posture of a subassembly to realize assembly/disassembly tasks with small computational amount.",,1,Proceedings of IEEE/ASME International Conference on Advanced Intelligent Mechatronics,"Gifu Prefectural Metal Research Institute, Gifu, Japan",iee_dec_rob
IEEE Xplore,11127816,10.1109/ICRA55743.2025.11127816,Conferences,Force-Conditioned Diffusion Policies for Compliant Sheet Separation Tasks in Bimanual Robotic Cells,Rishabh Shukla; Raj Talan; Samrudh Moode; Neel Dhanaraj; Jeon Ho Kang; Satyandra K. Gupta,2025,"Disassembly is a critical challenge in maintenance and service tasks, particularly in high-precision operations such as electric vehicle (EV) battery recycling. Tasks like prying-open sealed battery covers require precise manipulation and controlled force application. In our approach we collect human demonstrations using a motion capture system, enabling the robot to learn from human-expert disassembly strategies. These demonstrations train a bimanual robotic system in which one arm exerts force with a specialized tool while the other manipulates and removes sealed components. Our method builds on a diffusion-based policy and integrates real-time force sensing to adapt its actions as contact conditions change. We decompose the demonstrations into distinct sub-tasks and apply data augmentation, thereby reducing the number of demonstrations needed and mitigating potential task failures. Our results show that the proposed method, even with a small dataset, achieves a high task success rate and efficiency compared to a standard diffusion technique. We demonstrate in a real-world application that the bimanual system effectively executes chiseling and peeling actions to separate bonded sheet from a substrate.",,1,2025 IEEE International Conference on Robotics and Automation (ICRA),"Realization of Robotic Systems Lab, University of Southern California, Los Angeles, CA, USA",iee_dec_rob
IEEE Xplore,10860297,10.1109/ICNEPE64067.2024.10860297,Conferences,Design and Optimization of Intelligent Sorting and Disassembling Equipment for High-Efficiency Lithium Battery,Zhipeng Zhuang; Xiaoshan Liu; Ziwen Li; Weiqi Luo; Jing Jin; Ge Gao,2024,"The aim of this thesis is to solve the complex exhaust gas problem generated during the dismantling of lithium batteries, and to explore a reasonable, economical and safe exhaust gas treatment process. To this end, a new type of intelligent sorting and dismantling equipment for power batteries has been developed, which combines a variety of advanced technologies in order to improve the effect of exhaust gas treatment. The comprehensive treatment program adopted in this equipment includes several treatment units such as cyclone dust collector, CFB semi-dry deacidification tower, cartridge dust collector, wet deacidification tower, gas-water separator, RTO combustion furnace, rapid cooling tower, alkali washing tower and water washing tower. The synergistic work of these equipments can effectively remove chlorine- and fluorine-containing organic waste gases and ensure that the waste gas emissions during the dismantling process comply with environmental protection standards. Specifically, the design of the equipment is divided into the end-of-life, transit, recycling, treatment and application ends, through the introduction of visual recognition technology to improve sorting accuracy, the use of exhaust gas purification technology and dust automatic collection devices to ensure the efficiency of the treatment, combined with the MES system and Automated Guided Vehicle to achieve a high degree of automation.",,0,2024 4th International Conference on New Energy and Power Engineering (ICNEPE),"College of Life Sciences, Zhuhai College of Science and Technology, Zhuhai, China",iee_dec_rob
IEEE Xplore,10332863,10.1109/CCE60043.2023.10332863,Conferences,ROS-driven Disassembly Planning Framework incorporating Screw Detection,Timon Hoebert; David Neubauer; Munir Merdan; Wilfried Lepuschitz; Stefan Thalhammer; Markus Vincze,2023,"The automation of electronic waste disassembly processes is very challenging due to the diversity and conditions of the products, but also due to the heterogeneous disassembly environments based on different hardware and software components. All these resources and the subjacent information flows should be coordinated and integrated to ensure an effective disassembly process. In this paper, we present a developed architecture for closed-loop planning and controlling dynamic disassembly processes of robots. We extended the infrastructure provided by the Robot Operating System (ROS) to integrate the components of the robotic system with its vision system and the software components for inference, replanning, and knowledge transfer. The architecture was implemented for a real use case of antenna amplifier disassembly. The implemented framework is generalizable for other purposes implementing four automatic configuration mechanisms to support domain-specific tailoring: code generation, object serialization, object mapping, and object-triple mapping.",,2,"2023 20th International Conference on Electrical Engineering, Computing Science and Automatic Control (CCE)","Practical Robotics Institute Austria, Vienna, Austria",iee_dec_rob
IEEE Xplore,8440033,10.1109/TASE.2018.2860945,Journals,Using the Soar Cognitive Architecture to Remove Screws From Different Laptop Models,Nicholas M. DiFilippo; Musa K. Jouaneh,2019,"This paper investigates an approach that uses the cognitive architecture Soar to improve the performance of an automated robotic system, which uses a combination of vision and force sensing to remove screws from laptop cases. Soar's long-term memory module, semantic memory, was used to remember pieces of information regarding laptop models and screw holes. The system was trained with multiple laptop models and the method in which Soar was used to facilitate the removal of screws was varied to determine the best performance of the system. In all the cases, Soar could determine the correct laptop model and in what orientation it was placed in the system. Soar was also used to remember what circle locations that were explored contained screws and what circles did not. Remembering the locations of the holes decreased a trial time by over 60%. The system performed the best when the number of training trials used to explore circle locations was limited, as this decreased the total trial time by over 10% for most of the laptop models and orientations. Note to Practitioners-Although the amount of discarded electronic waste in the world is rapidly increasing, efficient methods that can handle this in an automated non-destructive fashion have not been developed. Screws are a common fastener used on electronic products, such as laptops, and must be removed during nondestructive methods. In this paper, we focus on using the cognitive architecture Soar to facilitate the disassembly sequence of removing these screws from the back of laptops. Soar is able to differentiate between different models of laptops and store the locations of screws for these models leading to an improvement of the disassembly time when the same laptop model is used. Currently, this paper only uses one of Soar's long-term memory modules (semantic memory) and a screwdriver tool. However, this paper can be extended to use multiple tools by using different features available in Soar such as other long-term memory modules and substates.",,21,IEEE Transactions on Automation Science and Engineering,"Mechanical Engineering Department, University of Rhode Island, Kingston, RI, USA",iee_dec_rob
IEEE Xplore,9646213,10.1109/ICCMA54375.2021.9646213,Conferences,Agile and Autonomous Production Control for Remanufacturing,Sebastian Groß; Wolfgang Gerke; Peter Plapper; Matthias Vette-Steinkamp,2021,"Motivated by high ecological and economical potentials, remanufacturing is receiving increasing attention as a process that puts used products into an “as-good-as-new-or-better” condition. Here, many challenges occur, which are unseen in manufacturing, resulting from unknown conditions of used products. One example is the stochastic routing of the products through the remanufacturing system (RS), which makes a flexible material transport by e.g. automated guided vehicles (AGVs) necessary. This places special demands on the control of the RS. To handle these uncertainties a decentralized-hierarchical control architecture is presented. The scheduling of machines and AGVs is optimized simultaneously using Constraint Programming (CP). All the participants within the RS will be networked as a cyber-physical system and controlled by decentralized components. The approach is validated through simulation and the implementation in a model factory. Results show a 35.6% makespan reduction, short computing times and the ability to react adequately to unforeseen events.",,1,"2021 9th International Conference on Control, Mechatronics and Automation (ICCMA)","Sustainable production processes and industrial robotics, Trier University of Applied Sciences, Environmental-Campus Birkenfeld, Birkenfeld, Germany",iee_dec_rob
IEEE Xplore,7321276,10.1109/ICSTCC.2015.7321276,Conferences,Cycle time optimization of a reversible A/DML served by a mobile robotic system,Eugenia Minca; H-G Coanda; Florin Dragomir; Otilia Dragomir; Adrian Filipescu,2015,"This paper presents a new cycle time optimization (CTO) approach for an assembly/disassembly mechatronics line (A/DML) served by a wheeled mobile robot (WMR) equipped with a robotic manipulator (RM). The mobile robot serves A/DML during disassembling for transporting carry the disassembled components from disassembling locations to the corresponding storage warehouse in order to be reused. Disassembling starts if the final product fails the quality test. The cycle time results from adding up the durations of A/D sequences. Since the elementary assembly operations have constant durations (determined by the duration of the each assembly operation and the displacement duration of transporting line at constant speed, between successive workstations), the problem of cycle time optimization concerns only disassembling. During the disassembly, a repetitive sequence can be identified with a single disassembling stage served by WMR equipped with RM. In this case, an elementary cycle time (ECT) optimization is the maximum value between the following time durations: a) time duration of disassembling and transporting remaining piece towards next station; b) time duration of the RM for gripping and storage disassembled part and WMR's displacement. For the events synchronization are inserted the time intervals between: the displacement with constant speed within/between work stations and the manipulations/displacements of the robotic system. For setting time durations and joining the discrete dynamics of the mechatronics line with the continuous dynamics of the robotic system, a Synchronized Hybrid Petri Nets (SHPN) model running autonomously has been used.",,8,"2015 19th International Conference on System Theory, Control and Computing (ICSTCC)","Automation Computer Science and Electrical Engineering Department “Valahia” University of Targoviste, Targoviste, Romania",iee_dec_rob
IEEE Xplore,8374185,10.1109/ICARSC.2018.8374185,Conferences,Automatic generation of disassembly sequences and exploded views from solidworks symbolic geometric relationships,Carlos M. Costa; Germano Veiga; Armando Sousa; Luís Rocha; Eugénio Oliveira; Henrique Lopes Cardoso; Ulrike Thomas,2018,"Planning the optimal assembly and disassembly sequence plays a critical role when optimizing the production, maintenance and recycling of products. For tackling this problem, a recursive branch-and-bound algorithm was developed for finding the optimal disassembly plan. It takes into consideration the traveling distance of a robotic end effector along with a cost penalty when it needs to be changed. The precedences and part decoupling directions are automatically computed in the proposed geometric reasoning engine by analyzing the spatial relationships present in SolidWorks assemblies. For accelerating the optimization process, a best-first search algorithm was implemented for quickly finding an initial disassembly sequence solution that is used as an upper bound for pruning most of the non-optimal tree branches. For speeding up the search further, a caching technique was developed for reusing feasible disassembly operations computed on previous search steps, reducing the computational time by more than 18%. As a final stage, our SolidWorks add-in generates an exploded view animation for allowing intuitive analysis of the best solution found. For testing our approach, the disassembly of two starter motors and a single cylinder engine was performed for assessing the capabilities and time requirements of our algorithms.",,14,2018 IEEE International Conference on Autonomous Robot Systems and Competitions (ICARSC),"Faculty of Engineering, University of Porto, Portugal",iee_dec_rob
IEEE Xplore,10921715,10.1109/TASE.2025.3550305,Journals,GAN-Enabled U-Shaped Network for Adversarial Attack Generation for Autonomous Unmanned Vehicles,Zhitao He; Yongyi Chen; Ankang Chen; Dan Zhang; Hui Zhang; Jingbing Zhang,2026,"With the rapid development of autonomous unmanned vehicle (AUV) technology, the requirements for sensor data integrity and reliability are increasing. Data-driven intrusion detection systems (IDSs) have been widely used as an effective module of defense to ensure AUV security. Once the IDS is destroyed, the impact on the normal driving of the AUV will be unimaginable. Unlike traditional research that seeks to improve the detection accuracy of IDS, this paper discusses the challenges posed by adversarial attacks on autonomous vehicles from the perspective of attackers. In this paper, an generative adversarial-enabled U-shaped network (GEUN) is proposed to generate adversarial sensor attacks in AUVs and reveal vulnerabilities in existing IDSs. Specifically, GEUN consists of a shared feature extraction encoder, an adversarial anomaly reconstruction decoder, a discriminator, and a detector. The feature extraction encoder is used to add multi-scale information to the input to strengthen the multi-scale feature extraction of sensor signals by the network. With the help of discriminators and detectors, the adversarial anomaly reconstruction decoder is used to generate anomalies based on the extracted multi-scale vehicle information. Through experimental comparison with other methods, it is shown that the proposed GEUN can effectively attack various common IDS, which provides guidance for future research and development in the field of security of AUVs. Note to Practitioners—In various sectors including intelligent transportation, aviation, aerospace, and military, the security of autonomous unmanned systems (AUVs) is of paramount importance. The GEUN model presented in this study is a critical tool for assessing the resilience of these systems against sophisticated cyber threats. By generating adversarial attacks using the GEUN model, the vulnerabilities in existing intrusion detection systems (IDSs) are exposed, prompting necessary upgrades to maintain AUV security. Practitioners can utilize GEUN to simulate attacks and enhance the robustness of IDS by integrating multi-scale sensor data, which provides a comprehensive extraction of AUV information. Additionally, the GEUN can be used to simulate poisoning attacks, which involve infiltrating the IDS’s training dataset with adversarial samples, thereby undermining its ability to learn and adapt to new threats. In conclusion, GEUN is designed to offer a rigorous test for the detection capabilities of IDS, ensuring that AUVs remain secure against evolving cyber risks. The model’s effectiveness has been demonstrated through experiments, proving its potential to guide future research and development in AUV security. It is recommended that practitioners implement the GEUN model in a controlled environment to identify and reinforce weak points in their IDS, ensuring the safety and reliability of AUV operations in real-world scenarios.",,3,IEEE Transactions on Automation Science and Engineering,"Department of Automation, Zhejiang University of Technology, Hangzhou, China",iee_dec_rob
IEEE Xplore,11382005,10.1109/TFR.2026.3662619,Journals,"Large-Scale Robotic Material Handling: Learning, Planning, and Control",Filippo A. Spinelli; Yifan Zhai; Fang Nan; Pascal Egli; Julian Nubert; Thilo Bleumer; Lukas Miller; Ferdinand Hofmann; Marco Hutter,2026,"Bulk material handling involves the efficient and precise moving of large quantities of materials, a core operation in many industries, including cargo ship unloading, waste sorting, construction, and demolition. These repetitive, labor-intensive, and safety-critical operations are typically performed using large hydraulic material handlers equipped with underactuated grippers. In this work, we present a comprehensive framework for the autonomous execution of large-scale material-handling tasks. The system integrates specialized modules for environment perception, pile attack-point selection, path planning, and motion control. The main contributions of this work are two reinforcement learning (RL)-based modules: an attack-point planner that selects optimal grasping locations on the material pile to maximize removal efficiency and minimize the number of scoops, and a robust trajectory following controller that addresses the precision and safety challenges associated with underactuated grippers in movement while utilizing their free-swinging nature to release material through dynamic throwing. We validate our framework through real-world experiments on a 40-t material handler in a representative worksite, focusing on two key tasks: high-throughput bulk pile management and high-precision truck loading. Comparative evaluations against human operators demonstrate the system’s effectiveness in terms of precision, repeatability, and operational safety. To the best of our knowledge, this is the first complete automation of material-handling tasks on a full scale.",,1,IEEE Transactions on Field Robotics,"Robotic Systems Laboratory, ETH Zürich, Zürich, Switzerland",iee_dec_rob
IEEE Xplore,8657067,10.1109/EIConRus.2019.8657067,Conferences,Hierarchical Scenarios for Behavior Planning in Autonomous Robots,Sekou A.K. Diane; Sergey V. Manko; Ilan D. Margolin; Alexey K. Novoselskiy,2019,"Task scheduling and behavior planning are important components for enabling robot autonomy in a number of applied problems. This paper provides a methodology for straightforward description and automatic formation of scenarios that lead a robot or a multi-robot system to a successful completion of a given complex task. We employ a finite-automata approach to definition of individual tasks within the scenario, which as a whole is represented by an oriented graph. A multilevel scenario formation is described for simplification of the traveling salesman problem and for scene analysis in the problem of demolition debris removal. The input of the proposed algorithm is a weakly structured sensory data. The produced output contains the hierarchical scenario in the form of a recursively nested graph.",,2,2019 IEEE Conference of Russian Young Researchers in Electrical and Electronic Engineering (EIConRus),"Dept. of Control Problems, MIREA - Russian Technological University, Moscow, Russia",iee_dec_rob
IEEE Xplore,929050,10.1109/ISATP.2001.929050,Conferences,Experiments to achieve accurate vision guided robot movements,H. Pikkarainen; T. Heimonen; H. Juvalainen; M. Manninen,2001,Highly accurate sensor based robot movements are demanded in many light assembly applications. In our study the goal is to implement a vision sensor in the gripper frame of a robotic manipulator to investigate how to achieve high accurate but at the same time flexible movements. Our sensor comprises two cameras and a suitable lighting. The 3D coordinates of the objects close to the grasping point are extracted based on the normal stereo disparity calculations. The recent results of our experiments shows that we are able to achieve the accuracy of about 20 micrometers in the area of 90/spl times/70 mm/sup 2/ and that our control method is capable of driving the robotic manipulator according to this accuracy. In this paper we describe our control method and the performance of the sensor as well as the preliminary results of our studies.,,1,Proceedings of the 2001 IEEE International Symposium on Assembly and Task Planning (ISATP2001). Assembly and Disassembly in the Twenty-first Century. (Cat. No.01TH8560),"The Unit of Technical Education, Kemi-Tomio Polytechnic, Kemi, Finland",iee_dec_rob
IEEE Xplore,10595805,10.1109/ISIE54533.2024.10595805,Conferences,Generalized Framework for Quantitative Analysis of Robot Navigation Under Rain Conditions,Uma Ramu; Mercedes Premalatha Ramesh; Kishore Paranthaman; Shabashkhan Ghori Shalman Khan; Tan Chian Fern,2024,"The deployment of autonomous outdoor robots for complex task execution is steeply increasing amidst technological advancements. This induces a need for effective pre-deployment tools such as simulators and performance analyzers to estimate system behavior under challenging operating conditions. However, the existing performance evaluators often fall short when assessing robots’ capabilities in handling real-world tasks, particularly those involving complex scenarios, especially adverse weather conditions such as rain and exposure to dust. In this work, we present a novel framework for estimating the performance degradation of robots under adverse weather conditions by integrating the sensors related and task related factors. The key components of the proposed framework are the task specific validator and the sensor specific validator, which incorporate performance degradation factors introduced by both task related components and sensor specific components. The validators generate a correlation matrix of performance degradation factors from both sensors and autonomy tasks based on their output. The generated correlation matrix provides the dependencies between the hardware and software components associated with the autonomy of the systems, affecting performance. We evaluated the usability of the proposed framework by conducting experiments with high, moderate, and low intensity rainfalls and estimated performance degradation via the correlation matrix for a 3D lidar based mapping task.",,0,2024 IEEE 33rd International Symposium on Industrial Electronics (ISIE),"ROS Industrial, Advanced Remanufacturing Technology Centre (ARTC) Agency for Science, Technology and Research (A*STAR), CleanTechLoop, 01-01 CleanTechTwo, Singapore, Republic of Singapore",iee_dec_rob
IEEE Xplore,7743489,10.1109/COASE.2016.7743489,Conferences,A planning system for generating manipulation sequences for the automation of maintenance tasks,Christian Friedrich; Armin Lechler; Alexander Verl,2016,"The adaption of autonomous robots to complex assignments like automating maintenance tasks, requires the study of novel planning systems for task generation which use a priori and sensor-based data. This paper presents an approach to disassembly and assembly planning for automating maintenance tasks in production systems. The planning system combines CAD data with visual data from an RGB-D sensor. This allows the creation of a consistent environmental model, which can be used to plan a (dis)assembly task for an autonomous robot. The proposed method allows to compute manipulations directly in the task space of the robot. The algorithm uses a geometric and semantic reasoning concept to compute a relational graph which describes the individual degrees of freedom in-between the components. The proposed algorithm is highly time efficient, thus being particularly suited for the automation of maintenance tasks. With the additional integration of visual data, it is possible to compensate environmental uncertainty from the CAD data as well. This paper describes the planning architecture and algorithms in detail and concludes with an experimental validation.",,7,2016 IEEE International Conference on Automation Science and Engineering (CASE),"Institute of Control Engineering of Machine Tools and Manufacturing Units, University of Stuttgart, Stuttgart, Germany",iee_dec_rob
IEEE Xplore,506889,10.1109/ROBOT.1996.506889,Conferences,Automatic dismantling integrating optical flow into a machine vision-controlled robot system,V. Gengenbach; H.-H. Nagel; M. Tonko; K. Schafer,1996,"In order to automatically run a dismantling task, first a workpiece has to be recognized and its pose has to be estimated. This step is solved by a model-based recognition process using the information from three stationary cameras. Our workpiece model could be extracted from CAD-data and consists of planar patches and circular features, where the circular features are suitable to model parts of connection elements like screws. Using the initial estimation of the workpiece pose we control the robot by evaluating the image sequence given by a camera mounted on the robot hand. We use a multi-level 3D tracking approach to continuously estimate the workpiece pose using an iterative extended Kalman-filter process and integrate velocity estimation based on optical flow. To provide enough computing power for real-time image processing, we combine our dedicated image processing hardware with a heterogeneous parallel computer. Our approach has been tested in numerous experiments on loosening screws with a powered screwdriver and dismantling a workpiece consisting of two blocks of different sizes connected by two screws.",,11,Proceedings of IEEE International Conference on Robotics and Automation,"Fraunhofer-Inst. fur Inf.- und Datenverarbeitung, Karlsruhe, Germany",iee_dec_rob
IEEE Xplore,1208067,10.1109/ISEE.2003.1208067,Conferences,Checklist for optimized design for re-use of printed wire boards and components,M. Brandstotter; R. Knoth; B. Kopacek; P. Kopacek,2003,"Nowadays printed wire boards (PWB) appear in nearly every electr(on)ic appliance. Together with the fast pace of technological innovation and the consequent shortening of the product lifetime, this leads to a rapidly growing waste stream of electronic products. Therefore, solutions for what to do at the end-of-life are urgently required. The intention of this paper and the elaborated design guidelines for PWBs is to maximize the recovery rate of components at the highest possible level of quality. The guidelines address the layout of PWBs, important properties of components and integrated circuits, connection technologies and etc. The checklist will help product designers to identify the most important aspects in terms Of reusability and environmentally conscious design of PWBs.",,2,"IEEE International Symposium on Electronics and the Environment, 2003.","Austrian Society for Systems Engineering and Automation, Vienna, Austria",iee_dec_rob
IEEE Xplore,8593567,10.1109/IROS.2018.8593567,Conferences,The KIT Swiss Knife Gripper for Disassembly Tasks: A Multi-Functional Gripper for Bimanual Manipulation with a Single Arm,Júlia Borràs; Raphael Heudorfer; Samuel Rader; Peter Kaiser; Tamim Asfour,2018,"This work presents the concept of a robotic gripper designed for the disassembly of electromechanical devices that comprises several innovative ideas. Novel concepts include the ability to interchange built-in tools without the need to grasp them, the ability to reposition grasped objects in-hand, the capability of performing classic dual arm manipulation within the gripper and the utilization of classic industrial robotic arms kinematics within a robotic gripper. We analyze state of the art grippers and robotic hands designed for dexterous in-hand manipulation and extract common characteristics and weak points. The presented concept is obtained from the task requirements for disassembly of electromechanical devices and it is then evaluated for general purpose grasping, in-hand manipulation and operations with tools. We further present the CAD design for a first prototype.",,8,2018 IEEE/RSJ International Conference on Intelligent Robots and Systems (IROS),"Institut de Robòtica i Informàtica Industrial, Barcelona, Spain",iee_dec_rob
IEEE Xplore,9784890,10.1109/TASE.2022.3175631,Journals,Maintenance Automation: Methods for Robotics Manipulation Planning and Execution,Christian Friedrich; Ralf Gulde; Armin Lechler; Alexander Verl,2023,"Automating complex tasks using robotic systems requires skills for planning, control and execution. This paper proposes a complete robotic system for maintenance automation, which can automate disassembly and assembly operations under environmental uncertainties (e.g. deviations between prior plan information). The cognition of the robotic system is based on a planning approach (using CAD and RGBD data) and includes a method to interpret a symbolic plan and transform it to a set of executable robot instructions. The complete system is experimentally evaluated using real-world applications. This work shows the first step to transfer these theoretical results into a practical robotic solution. Note to Practitioners—This paper is inspired by the actual deficit to automate maintenance tasks in manufacturing environments through robotic systems. The focus of this work is on providing a practical robotic solution which can automate maintenance tasks completely autonomously. For this, the different skills from manipulation planning to the control and execution are explained. One main aspect of this work is to show how to create elementary robot motion tasks from symbolic plans. The second important part is to explain the practical capabilities applied on real-world applications.",,14,IEEE Transactions on Automation Science and Engineering,"Department of Mechanical Engineering and Mechatronics, HKA Karlsruhe, Karlsruhe, Germany",iee_dec_rob
IEEE Xplore,10591866,10.1109/ICCA62789.2024.10591866,Conferences,IoT-Cloud based Control of a Flexible Assembly/Disassembly Mechatronic System in the Framework of Industries 4.0 and 5.0,A. Filipescu; I. Stamatescu; G. Simion; D. Ionescu; A. Filipescu,2024,"The aim of the work is to present the design and implementation of an IoT-Cloud based system for monitoring and controlling a mechatronic system as a flexible robotic cell (FRC) of assembly/disassembly (A/D), equipped with the 6-DOF ABB 120 industrial robotic manipulator (IRM) that satisfies the framework of Industries 4.0 and 5.0. In addition to the ABB 120 IRM, several IoT edge devices are employed, connected in a local network (LAN), for local processing and data acquisition. The system is connected to the Internet and allows remote control via Cloud and VPN. IoT dashboards, as human machine interfaces (HMIs), for remote monitoring and control of FRC status, initiation and management of A/D tasks, have been implemented. Synchronized timed Petri nets (STPN) were used as digital twin like a virtual reality (VR) representation of A/D FRC operations. Moreover, the assignment, planning and execution of A/D tasks were carried out using an augmented reality (AR) tool. The devices, which are organized in a decentralized, multilevel architecture to ensure interoperability between different subsystems., autonomy., and flexibility.",,1,2024 IEEE 18th International Conference on Control & Automation (ICCA),"Department of Automation and Electrical Engineering, “Dunarea de Jos” University of Galati, Galati, Romania",iee_dec_rob
IEEE Xplore,10666886,10.1109/OJIES.2024.3453900,Journals,A Functional and Practical Taxonomy for the Industrial Implementation of Highly Automated Reverse Manufacturing Cells,Annagiulia Morachioli; Vladimir Sivtsov; Nicolas Rojas; Fabio Bonsignorio,2024,"While it is a widespread understanding that the sustainability of the global economy requires a transition to a circular economy paradigm where a growing share of the raw materials resources used for the manufacturing of the products are recycled when products reach their end-of-life, still this much-needed transition faces organizational and technical challenges. The key technical and economic bottlenecks are in the automation of disassembly. In this article, we propose a viable functional framework for the systematic analysis, design, and implementation of disassembly cells. This framework consists of two main parts: a systematic categorization of disassembly tasks and a modular and flexible hardware (HW)/software (SW) architecture of a disassembly cell able to implement the disassembly tasks. We analyze and categorize human manipulation when disassembling a common object of daily working activities as a new companion concept to the more common concept of daily life activities. We tested and validated our methodology on the disassembly of a car suspension.",,1,IEEE Open Journal of the Industrial Electronics Society,"Canonical, London, U.K.",iee_dec_rob
IEEE Xplore,1225173,10.1109/AIM.2003.1225173,Conferences,A lean framework for prototyping demanufacturing work cell automation,M.B.-V. Kuren,2003,"Electronics manufacturers face a unique challenge in attempting to manage a stream of used goods of different value to meet uncertain demands for reused products or recycled materials. In current systems, items are processed and stored manually and high inventories are often maintained. High volumes of used goods necessitate automated solutions to the sorting and dismantling tasks. A new approach is presented for prototyping demanufacturing cell automation using lean principles. Prototyping of the automation is based on value definition, used good value stream mapping, flow, pull, and continuous improvement. Therefore, the demanufacturing cell automation is optimized to provide the demanufacturer the maximum value in the least amount of time from a used product stream. A prototype demanufacturing cell is proposed based on the comparison of feasible automation strategies for demanufacturing strategy includes the specification of configuration of manipulators, sensors, and material handling devices in the work cell as well as a processing method such as partially destructive disassembly. The prototyping methodology is illustrated with a case study for demanufacturing cell phones. Conclusions regarding the effectiveness of the prototyping methodology are presented and areas for future investigation are identified.",,1,Proceedings 2003 IEEE/ASME International Conference on Advanced Intelligent Mechatronics (AIM 2003),"Department of Manuhchuing and Mechanical Engineering, Miami University, Oxford, OH, USA",iee_dec_rob
IEEE Xplore,5246411,10.1109/ICMA.2009.5246411,Conferences,A script-driven virtual assembly simulation system based on assembly sequence concurrent planning,Xiaomei Hu; Wenhua Zhu; Tao Yu; Zonghui Xiong,2009,"In the design cycle of produce, virtual assembly can help to improve design quality and reduce assembly cost. A script-driven virtual assembly simulation system based on assembly sequence concurrent planning is proposed. The architecture of script-driven virtual assembly simulation system is set up. In this architecture, assembly script language and script interpreter is the key functional module. Virtual assemble sequence concurrent planning algorithm is given to generate the assembly script language. Script interpreter is used to realize the assembly process simulation. Because the assembly sequence can be generated automatically and revised flexibly, the script-driven virtual assembly simulation system can be used for training system that allows training supervisors to create training instructions and allows trainees to learn assembly operations. The description of keywords and grammars in script language and the virtual assembly sequence concurrent planning algorithm based on the inversion of concurrent disassembly sequence are presented in the full paper. Machine vice and PECVD equipment are two applications in the script-driven virtual assembly simulation system. Their description codes of script language and assembly concurrent sequences are given, which shows the feasibility of the script-driven virtual assembly simulation system.",,2,2009 International Conference on Mechatronics and Automation,"Shanghai Key Laboratory of Mechanical Automation and Robotics, Shanghai University, Shanghai, China",iee_dec_rob
IEEE Xplore,929037,10.1109/ISATP.2001.929037,Conferences,Automatic planning of nanoparticle assembly tasks,J.H. Makaliwe; A.A.G. Requicha,2001,"This paper presents a practical planning system for 2D assembly tasks at the nanoscale. The planner covers a whole range of problems in planning the assembly of nanoparticle patterns, including object assignment, obstacle detection and avoidance, path finding, and path sequencing. We describe algorithms based on optimization theory and visibility graph construction, and show how to integrate them into a comprehensive planner that has a low-order polynomial complexity and produces good results. We provide theoretical analysis and experimental results. This is a first step towards automating assembly tasks in nanorobotics.",,27,Proceedings of the 2001 IEEE International Symposium on Assembly and Task Planning (ISATP2001). Assembly and Disassembly in the Twenty-first Century. (Cat. No.01TH8560),"Laboratory for Molecular Robotics, University of Southern California, USA",iee_dec_rob
IEEE Xplore,928970,10.1109/ISATP.2001.928970,Conferences,Concurrent requirement specification for conceptual design of modular assembly cells,S.M. Ratchev; H. Hirani,2001,The requirements for increased product customisation and improved competitiveness in areas such as electronics and mechatronics have defined the need for developing reconfigurable assembly systems that can support a wide range of assembly processes and products over sufficiently long period of time. The paper reports on a collaborative methodology for concurrent design of customisable modular assembly cells.,,2,Proceedings of the 2001 IEEE International Symposium on Assembly and Task Planning (ISATP2001). Assembly and Disassembly in the Twenty-first Century. (Cat. No.01TH8560),"School of Mechanical, Materials, Manufacturing Engineering and Management, University of Nottingham, Nottingham, UK",iee_dec_rob
IEEE Xplore,929041,10.1109/ISATP.2001.929041,Conferences,Kinematic design of assembly machine from task specifications using Lie algebra,H. Tokunaga; S. Imamura,2001,"This paper presents a new method for kinematic synthesis of mechanisms from assembly task specifications in a conceptual design. The assembly task is classified into continuous path or positioning task. The former is the task that moves a mechanical part along a required path, and the latter is the task that puts the part in a particular position or orientation. The authors formulate them mathematically using Lie algebra and propose a method for generating an initial solution of the mechanism that can perform the specified tasks. By applying this solution to the analysis and synthesis procedure proposed in our previous report, a number of equivalent mechanisms can be derived. Finally, in order to evaluate the usefulness of the proposed method, it is applied to an example of kinematic design of an assembly machine.",,1,Proceedings of the 2001 IEEE International Symposium on Assembly and Task Planning (ISATP2001). Assembly and Disassembly in the Twenty-first Century. (Cat. No.01TH8560),"METI, National Institute for Advanced Industrial Science and Technology, Tsukuba, Japan",iee_dec_rob
IEEE Xplore,928980,10.1109/ISATP.2001.928980,Conferences,Teaching of assembly motion by demonstration: Artificial constrained motion primitives and its implementation using virtual small faces,H. Onda,2001,"""Teaching by demonstration"" is a method to generate a robot program that makes a robot do the same task as the task which a human operator demonstrates. The author developed a ""teaching by demonstration in VR"" system which automatically generates a robot program to work in the real world after a task is demonstrated by an operator in the virtual world. This system deal with a task of controlling contact states between bodies like assembly task. The system generates a program which detects each contact state extracted from demonstration and realizes it by skilful motion primitives (SMP), and achieves the task. But when one body is not in contact with another, not only contact states but also other new states which can specify more general arrangement of the bodies are necessary in order to make the robot more skilful. Particularly, (1) specification of the arrangements of the bodies in a free space and (2) specification of the arrangements which should be achieved by preparation motion for a SMP, are important. In this paper, a virtual small face (VSF) and an artificial constrained motion primitive (ACMP) are introduced in order to specify these things and teach them to a robot by demonstration.",,0,Proceedings of the 2001 IEEE International Symposium on Assembly and Task Planning (ISATP2001). Assembly and Disassembly in the Twenty-first Century. (Cat. No.01TH8560),"Electrotechnical Laboratory, LUST, METI, Tsukuba, Ibaraki, Japan",iee_dec_rob
IEEE Xplore,928984,10.1109/ISATP.2001.928984,Conferences,Process-oriented assembly system concepts: the Mark IV approach,H. Alsterman; M. Onori,2001,"The assembly systems unit at the Royal Institute of Technology-IVF has developed several flexible automatic assembly (FAA) cell solutions over the years. Current industrial trends, however, clearly point out that the basic notions of flexibility must be extended and be enhanced without increasing the complexity. The key lies in the creation of modular assembly systems with interfaces based on open standards. It must be possible to adopt equipment from different suppliers to the system. To reach these objectives, the research group has established a development project of both suppliers, users and universities on a European level, called SHARC (standardised hybrid assembly with reactive capacity). This project runs parallel to, and in conjunction with, the national hyper FAA project. These projects will attempt to create a system concept which can be easily adapted to a very large range of products, variants, and their associated volume fluctuations. The paper also describes and discusses our engineering platform, the Mark IV application.",,0,Proceedings of the 2001 IEEE International Symposium on Assembly and Task Planning (ISATP2001). Assembly and Disassembly in the Twenty-first Century. (Cat. No.01TH8560),"Department of Industrial Production, Royal Institute of Technology, Stockholm, Sweden",iee_dec_rob
IEEE Xplore,928969,10.1109/ISATP.2001.928969,Conferences,Hybrid assembly line design,B. Rekiek; A. Delchambre,2001,"This paper presents a method to address the multiple objective hybrid assembly line balancing problem. The aim is to assign a set of tasks to stations and select equipment to perform each of them. The goal is to minimize the total cost of the line by integrating design (station space, equipment cost, etc.) and operation issues (cycle time, precedence constraints and availability, etc.). We use a grouping genetic algorithm to tackle the problem, hybridized with an branch and cut algorithm and a multicriteria decision-aid method called PROMETHEE-II. The essential concepts adopted by the method are described. The results of the algorithm are illustrated by a case study.",,0,Proceedings of the 2001 IEEE International Symposium on Assembly and Task Planning (ISATP2001). Assembly and Disassembly in the Twenty-first Century. (Cat. No.01TH8560),"CAD/CAM Department, University of Brussels, Roosevelt, Belgium",iee_dec_rob
IEEE Xplore,928965,10.1109/ISATP.2001.928965,Conferences,A roadmap for autonomous robotic assembly,H. Bruyninckx; T. Lefebvre; L. Mihaylova; E. Staffetti; J. De Schutter; J. Xiao,2001,"Describes the components (""software agents "") that are needed in an autonomous robotic assembly system. Such a system is called ""autonomous"" if it is able to cope with all uncertainties in the real-world execution (control and sensing) of an assembly task that was planned off-line, and with the (re)planning itself. For each component, the paper answers the following three questions: What is needed in this component? What has already been achieved in (industrial and research) practice? And what are realistic expectations for the short to medium term future? The goal is to facilitate discussions about the future of robotic assembly, by providing a structured overview.",,14,Proceedings of the 2001 IEEE International Symposium on Assembly and Task Planning (ISATP2001). Assembly and Disassembly in the Twenty-first Century. (Cat. No.01TH8560),"K.U. Leuven, Belgium",iee_dec_rob
IEEE Xplore,10631177,10.23919/EGG62010.2024.10631177,Conferences,Vision-Based Robotic Grasping with Constraints for Robotic Demanufacturing,Mohammad Mahin Shoaib; Maung Thant; ChuangChuang Zhou; Jef Peeters; Karel Kellens,2024,"The rapid increase in the volume of Waste Electrical and Electronic Equipment (WEEE) urges the need for more efficient reuse and recycling technologies. The necessity for these technologies stems from environmental, as well as strategic and economic concerns. To achieve such efficiency improvements in an economically viable manner in Europe, the automation of the demanufacturing process is typically considered to encompasses greatest potential. Robotic demanufacturing of small domestic appliances consists of several processing steps, typically starting with a product inspection, followed by robotic grasping and manipulation. Whereas various state-of-the-art methods exist for grasp pose determination, they are not suited for robotic demanufacturing, as they can today not anticipate for subsequent disassembly steps. Therefore, the presented research has developed an analytical method for optimal grasp pose estimation with constraints imposed due to the presence and location of screws and batteries. The presented grasping pipeline involves three main steps; (1) segmentation (2) grasp pose estimation (3) grasp execution. In this pipeline, the analytical algorithm proposes the most optimal strategy to grasp a given object using a parallel-jaw gripper, while making sure the detected screws and batteries are still accessible after grasping. For validation and evaluation, grasping trials are conducted within virtual simulations adopting the PyBullet environment and by means of lab scale experiments with a six-axis robot. Simulated trials involved 8 objects, while physical trials utilized 10 small domestic appliances, with all objects undergoing 10 trials each. Preliminary results show success rates of 76.25% and 85% for simulated and physical grasping trials with constraints, respectively.",,1,2024 Electronics Goes Green 2024+ (EGG),"Department of Mechanical Engineering, FlandersMake@KU Leuven, KU Leuven, Leuven, Belgium",iee_dec_rob
IEEE Xplore,1511158,10.1109/AIM.2005.1511158,Conferences,An intelligent disassembly assistant for man-machine demanufacturing,M.B. Kuren; J. Soltani,2005,"In order to handle the complexity of demanufacturing operations, a combined man-machine system is proposed that incorporates projector-vision technology. As part of this system, an intelligent disassembly assistant has been developed to provide a flexible and efficient method for facilitating demanufacturing. The assistant is comprised of a set of software modules that are processed in a distributed computing environment. Hardware and software components of the intelligent assistant are identified. The assistant determines the base elements of the structure, checks for stability, and then determines a disassembly sequence. The projector-vision system provides information to a human operator and detects operations performed on the product. The system can adapt to unexpected human operator behavior",,0,"Proceedings, 2005 IEEE/ASME International Conference on Advanced Intelligent Mechatronics.","Department of Manufacturing and Mechanical Engineering, Miami University, Oxford, OH, USA",iee_dec_rob
IEEE Xplore,7790671,10.1109/ICSTCC.2016.7790671,Conferences,"Hybrid modeling, balancing and control of a mechatronics line served by two mobile robots",Adrian Filipescu; Adriana Filipescu; Alina Voda; Eugenia Minca,2016,"This paper presents hybrid model for an assembly/disassembly mechatronics line serviced by two mobile robotics systems, working in parallel. The aim is to reverse an assembly line using these mobile platforms. For this purpose, an assembly/disassembly line balancing (A/DLB) and synchronized hybrid Petri nets (SHPN) will be used to model and control an assembly/disassembly mechatronics line (A/DML), with a fixed number of workstations, served by two wheeled mobile robots (WMRs) one of them equipped with a robotic manipulators (RM). The WMR with RM is used for part manipulation and the other for transporting. Moreover, the model operates in synchronized mode with signals from sensors. The SHPN model is hybrid type, where A/DML is the discrete part, and WMRs are the continuous parts. Disassembly starts after the assembly process and after the assembled piece fails the quality test, for recovering the parts. The WMRs are used only during disassembly, to manipulate and transport the parts from the disassembling locations to the storage warehouse locations.",,4,"2016 20th International Conference on System Theory, Control and Computing (ICSTCC)","Department of Automation and Electrical Engineering, “Dunarea de Jos” University of Galati, Romania",iee_dec_rob
IEEE Xplore,9561336,10.1109/ICRA48506.2021.9561336,Conferences,The KIT Gripper: A Multi-Functional Gripper for Disassembly Tasks,Cornelius Klas; Felix Hundhausen; Jianfeng Gao; Christian R. G. Dreher; Stefan Reither; You Zhou; Tamim Asfour,2021,"We introduce a multi-functional robotic gripper equipped with a set of actions required for disassembly of electromechanical devices. The gripper consists of a robot arm with 5 degrees of freedom (DoF) for manipulation and a jaw gripper with a 1-DoF rotation joint and a 1-DoF closing joint. The system enables manipulation in 7 DoF and offers the ability to reposition objects in hand and to perform tasks that usually require bimanual systems. The sensor system of the gripper includes relative and absolute joint encoders, force and pressure sensors to provide feedback about interaction forces, a tool- mounted camera for screw detection and precise placement of the tool tip using image-based visual servoing. We present a data-driven method for estimating joint torques based on the output voltage and motor speed. Further, we provide methods for teaching disassembly actions based on human demonstration, their representation as movement primitives and execution based on sensory feedback. We provide quantitative results regarding positioning and torque estimation accuracy, disassembly success rate and qualitative results regarding the successful disassembly of hard disc drives.",,18,2021 IEEE International Conference on Robotics and Automation (ICRA),"Institute for Anthropomatics and Robotics, Karlsruhe Institute of Technology, Karlsruhe, Germany",iee_dec_rob
IEEE Xplore,893194,10.1109/IROS.2000.893194,Conferences,Robot assisted disassembly of electronic devices,K. Hohm; H. Muller Hofstede; H. Tolle,2000,"Today in almost every part of our daily life we use some kind of electronic device. Among these devices are e.g, small tools used in the kitchen as well as larger devices like a TV set or a personal computer. Because of the large quantity of such end of life products, an environmentally and economically sensible way to treat this problem must be found. Especially for expensive products containing valuable modules nondestructive disassembly and the possibility to reuse some components seems to be a promising approach. The paper describes research for autonomous disassembly of standard PC hardware. A flexible robot system is realized as a complete experimental setup in our laboratory. This demonstrates achieved abilities in the fields of image analysis and extraction and processing of information for planning of actions as well as flexible control of the disassembly process.",,8,Proceedings. 2000 IEEE/RSJ International Conference on Intelligent Robots and Systems (IROS 2000) (Cat. No.00CH37113),"Control Theory and Robotics Laboratory, Darmstadt University of Technology, Darmstadt, Germany",iee_dec_rob
IEEE Xplore,8125706,10.1109/TASE.2017.2759814,Journals,Efficient Task and Path Planning for Maintenance Automation Using a Robot System,Christian Friedrich; Akos Csiszar; Armin Lechler; Alexander Verl,2018,"The research and development of intelligent automation solutions is a ground-breaking point for the factory of the future. A promising and challenging mission is the use of autonomous robot systems to automate tasks in the field of maintenance. For this purpose, the robot system must be able to plan autonomously the different manipulation tasks and the corresponding paths. Basic requirements are the development of algorithms with a low computational complexity and the possibility to deal with environmental uncertainties. In this paper, an approach is presented, which is especially suited to solve the problem of maintenance automation. For this purpose, offline data from CAD is combined with online data from an RGBD vision system via a probabilistic filter, to compensate uncertainties from offline data. For planning the different tasks, a method is explained, which uses a symbolic description, founded on a novel sampling-based method to compute the disassembly space. For path planning, we use global state-of-the-art algorithms with a method that allows the adaption of the exploration stepsize in order to reduce the planning time. Every method is experimentally validated and discussed.",,13,IEEE Transactions on Automation Science and Engineering,"Institute of Control Engineering of Machine Tools and Manufacturing Units, University Stuttgart, Stuttgart, Germany",iee_dec_rob
IEEE Xplore,10018668,10.1109/SSRR56537.2022.10018668,Conferences,Towards a Semi-Autonomous Robot Platform for the Characterisation of Radiological Environments,David De Schepper; Ivo Dekker; Mattias Simons; Lowie Brabants; Wouter Schroeyers; Eric Demeester,2022,"During the last decades, the (partial) automation of tasks during the dismantling and decommissioning of potentially nuclear contaminated environments has become of emerging interest for e.g. homeland security, disaster response, continuous maintenance, and dismantling and decomissioning activities. Nowadays, the nuclear scene is mostly dominated by manual labour. Radiation protection officers have the task of characterising an environment, which is often unknown a priori, before any dismantling and decomissioning activity can take place. Besides the potential involved health risks, going from radiation disease to an increase in the risk of cancer, this important preliminary task is very time-consuming and prone to errors concerning the taken measurements, storage and post-processing of the recorded data. To minimise the disadvantages, this paper presents the design and development of a proof-of-concept semi-autonomous, ground-based mobile manipulator robot ARCHER (Autonomous Robot platform for CHaractERization) suited for radiological monitoring purposes. Besides the mechanical and electrical overview of the design of the mobile manipulator, this paper describes the software tools used to build and deploy the robot. In addition, this paper describes the results of several in-situ laboratory experiments where the mobile manipulator platform is asked to perform a radiological scanning task on a wall.",,4,"2022 IEEE International Symposium on Safety, Security, and Rescue Robotics (SSRR)","Department of Mechanical Engineering Campus Diepenbeek, ACRO Research Group, KU Leuven, Faculty of Engineering Technology, Belgium",iee_dec_rob
IEEE Xplore,10260664,10.1109/CASE56687.2023.10260664,Conferences,A MR-Assisted and Scene Perception System for Human-Robot Collaborative Disassembly of Power Batteries,Liangliang Duan; Jie Li; Jinsong Bao; Jianhao Lv; Hangbin Zheng,2023,"To make up for the deficiency of manual disassembly which is low efficiency, high cost and poor safety, robots have great advantages in performing safe and effective disassembly for end-of-life power batteries. Human-robot collaboration (HRC) is mostly pre-programmed, lacks adaptability as well as flexibility to dynamic scenarios. Therefore, it is challenging to ensure the efficiency and safety of human-robot collaborative disassembly(HRCD) for retired power batteries. Targeting that, this research proposes a mixed reality (MR) assisted scene perception system for human-robot collaborative disassembly. The scene semantic recognition module integrates instance segmentation, gesture recognition and action recognition for the perception of the elements in the disassembly scene, including the position of the operation, the robot, the power battery and the tools. The MR technology is utilized to simulate and visualize the HRCD processes, and ensure the safety distance between the human and the robot. The results of the experimental case study indicate that the proposed approach increase the efficiency and enhance the safety of the HRCD system.",,4,2023 IEEE 19th International Conference on Automation Science and Engineering (CASE),"College of Mechanical Engineering, Donghua University, Shanghai, PR China",iee_dec_rob
IEEE Xplore,99969,10.1109/ROBOT.1989.99969,Conferences,Automatic assembly planning with fasteners,J.M. Miller; R.L. Hoffman,1989,"The automatic assembly planning with fasteners (AAPF) prototype system is described. Given a model of a product to be manufactured, the AAPF system produces a high-level assembly sequence for producing that product. The model is defined in terms of constructive solid-geometry primitives and nut, bolt, and screw fastener primitives. The system works backwards by disassembling the finished product model. Under the assumption that no internal or external forces are present, the reverse of a disassembly sequence is a valid assembly sequence. This assembly planning system pays attention to the individual characteristics of the fasteners to produce a more efficient assembly plan. By paying attention to the type, size, and location of each fastener, the fasteners can be grouped and ordered for assembly (where possible) according to similar fastener type, size, and location. Depending on the factory environment, this can reduce the need for moving subparts from work cell to work cell, retooling time, and the time spent at any given machine or work cell. Several examples, ranging from a simple blocks world model to a mechanical computer mouse, are given, including their run times.<>",,28,"Proceedings, 1989 International Conference on Robotics and Automation","Department of Computer Science, Michigan State University, East Lansing, MI, USA",iee_dec_rob
IEEE Xplore,7733705,10.1109/ETFA.2016.7733705,Conferences,Underpinning UK high-value manufacturing: Development of a robotic re-manufacturing system,Richard French; Hector Marin-Reyes,2016,"Impact and its measure of outcome is a given performance indicator within academia. Impact metrics and the associated understanding play a large part of how academic research is judged and ultimately funded. Natural progression of successful scientific research into industry is now an essential tool for academia. This paper describes what began over ten years ago as a concept to automate a bespoke welding system, highlighting its evolution from the research laboratories of The University of Sheffield to become a platform technology for aerospace re-manufacturing developed though industry-academia collaboration. The design process, funding mechanisms, research and development trials and interaction between robotic technology and experienced welding engineers has made possible the construction of a robotic aerospace turbofan jet engine blade re-manufacturing system. This is a joint collaborative research and development project carried out by VBC Instrument Engineering Limited (UK) and The University of Sheffield (UK) who are funded by the UK governments' innovation agency, Innovate-UK with the Aerospace Technology Institute, the Science and Facilities Technology Council (STFC) and the Engineering and Physical Sciences Research Council (EPSRC).",,4,2016 IEEE 21st International Conference on Emerging Technologies and Factory Automation (ETFA),"Department of Physics and Astronomy, The University of Sheffield Sheffield, United Kingdom",iee_dec_rob
IEEE Xplore,9911143,10.1109/ICAC55051.2022.9911143,Conferences,AI-Enabled Soft Versatile Grasping for High-Mixed-Low-Volume Applications with Tactile Feedbacks,Zhen Xie; Josh Chen Ye Seng; Guowei Lim,2022,"Handling mass customized products is one of the key challenges in manufacturing and logistic industries. Flexible solutions which can cater to novel objects are desirable in these industries which are continually producing unique catalogues of products. However, most of the robotic grasping solutions on the market are not suitable for novel objects in high mix and low volume scenarios. Currently, the gaps in the areas of grasping accuracy and speed are impeding the widespread adoption of robotic grasping in these industries. This research aims to improve the grasping capability for novel objects and demonstrate robotic grasping using soft grippers based on data driven learning to accommodate novel objects with varying shapes and textures.We compare data driven approach with deep reinforcement learning (DRL) approach and found that the limitations of DRL such as being data-intensive, complex, and collision-prone reduce its industry readiness level. Therefore, we opt for PointNetGPD which is a data driven approach in this research. We have also performed a comprehensive market survey on tactile sensors and soft grippers with consideration of factors such as price, sensitivity, simplicity and modularity. Based on our evaluation, we choose Rochu two-fingered soft gripper with our customized Force Sensing Resistors (FSR) force sensors mounted on the fingertips because of Rochu’s modularity and compatibility with these tactile sensors.Finally, we conduct data training using soft gripper configuration and test various fast-moving consumer goods (FMCG) products inclusive of fruits and vegetables which are unknown to the database. The grasping accuracy is improved from 75% based on Push and Grasp to 81% based on PointNetGPD. Our versatile grasping platform is independent of gripper configurations and robot models.",,2,2022 27th International Conference on Automation and Computing (ICAC),"Advanced Remanufacturing and Technology Centre, 3 Cleantech Loop, #01/01 CleanTech Two, Singapore",iee_dec_rob
IEEE Xplore,1035335,10.1109/AERO.2002.1035335,Conferences,Robotic assembly of truss structures for space systems and future research plans,W. Doggett,2002,"Many initiatives under study by both the space science and Earth science communities require large space systems, i.e. with apertures >15 m or dimensions >20 m. This paper reviews the effort in NASA Langley Research Center's Automated Structural Assembly Laboratory which laid the foundations for robotic construction of these systems. In the Automated Structural Assembly Laboratory reliable autonomous assembly and disassembly of an 8 m planar structure composed of 102 truss elements covered by 12 panels was demonstrated. The paper reviews the hardware and software design philosophy which led to reliable operation during weeks of near continuous testing. Special attention is given to highlight the features enhancing assembly reliability.",,54,"Proceedings, IEEE Aerospace Conference","NASA-Langley Research Center, Hampton, MS, USA",iee_dec_rob
IEEE Xplore,11494571,10.1109/ICERAI69511.2026.11494571,Conferences,Design and Development of a Modular Large-Scale UAV using Additive Manufacturing and Autonomous Control,Mohammed Seyam; Mhd Safouh; Azm Najjar; Ahmed Serag; Mohamed M. Kamra; Tarek N. Dief,2026,"Conventional unmanned aerial vehicle (UAV) platforms face trade-offs between endurance, stability, modularity, and operational adaptability, limiting their effectiveness in long-duration missions such as environmental monitoring, precision agriculture, and surveillance. This paper presents the design and development of a modular large-scale UAV featuring a 4.4 m wingspan and a U-tail configuration, optimized for aerodynamic efficiency and flight stability. The airframe is fabricated using additive manufacturing with polylactic acid (PLA) and reinforced through an integrated carbon and steel rod framework to achieve a high strength-to-weight ratio. Modularity is realized through segmented wing and tail assemblies, enabling rapid assembly, disassembly, and efficient transportation. Autonomous flight capability is implemented using a Pixhawk 6C flight controller with customized ArduPilot firmware, providing reliable autonomous operation with minimal operator intervention. Structural limitations of lightweight printed materials are addressed through a dual carbonrod reinforcement strategy, enhancing load-bearing capacity without significant mass increase. The proposed UAV architecture demonstrates improved endurance, operational flexibility, and deployment efficiency, offering a scalable solution for long-range and high-precision aerial missions.",,0,"2026 International Conference on Electrical/Electronics, Robotics, Artificial Intelligence, and Informatics (ICERAI)","College of Engineering, United Arab Emirates University, Al Ain, U.A.E",iee_dec_rob
IEEE Xplore,10310158,10.1109/TLT.2023.3330471,Journals,A Virtual Reality Training System for Automotive Engines Assembly and Disassembly,Gongjin Lan; Qiangqiang Lai; Bing Bai; Zirui Zhao; Qi Hao,2024,"Automotive engine assembly and disassembly are common and crucial programs in the automotive industry. Traditional education trains students to learn automotive engine assembly and disassembly in lecture courses and then to operate with physical engines, which are generally low effectiveness and high cost. In this article, we developed a multilayer structured virtual reality (VR) system to provide students with training in automotive engine (Buick Verano) assembly and disassembly. The VR training system is designed to have several major features, including replaceable engine parts and reusable tools, friendly user interfaces and guidance, and bottom-up designed multilayer architecture, which can be extended to various engine models. The VR system is evaluated with controlled experiments of two groups of students. The results demonstrate that our VR training system provides remarkable usability in terms of effectiveness and efficiency. Currently, our VR system has been demonstrated and employed in the courses of Chinese colleges to train students in automotive engine assembly and disassembly. A free-to-use executable file (Microsoft Windows) and open-source code are availablefor facilitating the development of VR systems in the automotive industry.",,16,IEEE Transactions on Learning Technologies,"Department of Computer Science and Engineering, Southern University of Science and Technology, Shenzhen, China",iee_dec_rob
IEEE Xplore,6566567,10.1109/ICIEA.2013.6566567,Conferences,Hybrid model based control of a mechatronics line served by mobile robot with manipulator,Eugenia Minca; Adrian Filipescu; Alina Voda; Adriana Filipescu,2013,"This paper presents the model and control structure of an assembly/disassembly mechatronics line (A/DML) served by a wheeled mobile robot (WMR) equipped with robotic manipulator (RM). The model is a hybrid type, where A/DML is the discrete part and WMR with RM is the continuous part. Moreover, the model operates as a synchronized with signals from sensors. Thus, using Petri Nets (PN) in modeling, get a Synchronized Hybrid Petri Nets (SHPN). The disassembly process starts after the assembly process and final piece fails the quality test, in order to recover the components. The WMR equipped with RM is used only in disassembling process, in order to transport the components from the disassembling locations to the storage locations. Thus, the A/DML becomes reversible. Using a LabView platform and SHPN model, a real-time control structure is implemented.",,2,2013 IEEE 8th Conference on Industrial Electronics and Applications (ICIEA),"Department of Automation, Computer Science and Electrical Engineering, Valahia University of Targoviste, Romania",iee_dec_rob
IEEE Xplore,11220802,10.1109/MRA.2025.3619331,Early Access Articles,"The Challenges of Using Robots to Automate the Recycling of Electronic Devices: A New Approach Incorporating AI, Modularity, and Soft Robotics",Aleš Ude; Mihael Simonić; Boris Kuster; Matija Mavsar; Martin Bem; Sebastian Ruiz; Minija Tamosiunaite; Manuel Catalano; Vinicio Tincani; Antonio Bicchi; Kübra Karacan; Hamid Sadeghian; Sami Haddadin; Riccardo Persichini; Hannes Fröhlich; Florentin Wörgötter,2025,"This article tackles the challenges of automating battery removal from small electronic devices, such as heat-cost allocators (HCAs) and smoke detectors (SDs). Safe and efficient removal is essential to mitigate fire hazards posed by lithium batteries in recycling facilities and to support a circular economy. We present advanced methodologies and robotic technologies to address hurdles arising from diverse device designs, complex battery compartments, and varying states of damage. Our approach integrates vision-language models (VLMs) for real-time adaptive disassembly planning, computer vision, tactile skills, soft robotics, and reconfigurable robotic workcells to enhance perception, dexterity, and adaptability. The resulting workcell with modular hardware and standardized interfaces enables seamless adaptation across device types. Laboratory tests demonstrate higher efficiency and reduced manual intervention, underscoring the potential of artificial intelligence (AI)-driven reconfigurable robotics for scalable and sustainable e-waste recycling.",,1,IEEE Robotics & Automation Magazine,"Department of Automatics, Biocybernetics and Robotics, Jožef Stefan Institute, Ljubljana",iee_dec_rob
IEEE Xplore,929071,10.1109/ISATP.2001.929071,Conferences,Development of the fully-automatic live-line maintenance robot-Phase III,K. Takaoka; K. Yokoyama; H. Wakisako; K. Yano; K. Higashijima; S. Murakami,2001,"Live-line maintenance of high-voltage overhead electrical lines is extremely difficult but of utmost importance particularly for the rapidly changing society caused by the development of information technology. The robot is indispensable for this job with high safety and efficiency. The paper offers first the background of the system development of Phase I and Phase II that are already put into operation for executing standard jobs automatically and non-standard jobs manually. It continues to describe the third generation robot system (fully automatic live-line maintenance robot-Phase III) that is at the research and development stage. In particular, Phase III explains the concept that improves robot intelligence using vision sensor and compliance control.",,25,Proceedings of the 2001 IEEE International Symposium on Assembly and Task Planning (ISATP2001). Assembly and Disassembly in the Twenty-first Century. (Cat. No.01TH8560),"Research Laboratory, Yaskawa Electric Corporation:, Kitakyushu, Japan",iee_dec_rob
IEEE Xplore,929036,10.1109/ISATP.2001.929036,Conferences,Automatic parameter identification for cooperative modular robots,K. Matsumoto; H. Chen; J. Ota; T. Arai,2001,"The paper describes a concept of a modular robots system and a methodology of parameter identification of the system. The system helps humans to perform tasks by cooperation of modules placed distributively in a working area. Modules of the system have one function (e.g. sensor or actuator) and cooperate based on radio communication. Generally it is difficult and troublesome for users to set up distributed system, because of measuring many parameters (e.g. position and orientation of modules) in practical use. To identify these parameters, motion design algorithm is presented by evaluating influence of errors of sensing and positioning by dead-reckoning for the case of a mobile robot and a ceiling camera module.",,6,Proceedings of the 2001 IEEE International Symposium on Assembly and Task Planning (ISATP2001). Assembly and Disassembly in the Twenty-first Century. (Cat. No.01TH8560),"Department of Precision Machinery Engineering School of Engineering, University of Tokyo, Bunkyo, Tokyo, Japan",iee_dec_rob
IEEE Xplore,928986,10.1109/ISATP.2001.928986,Conferences,Analysis of finger position regions on grasped object with multifingered hand,Yong Yu; Ying Li; S. Tsujio,2001,"In this paper, an analytical approach for obtaining finger position regions of an object with multifingered hand is proposed. The successful grasp of the object can be achieved if the resultant force and resultant moment acting on the object are zero. First, a method that can be used to determine which combination of the object edges touched by fingers is possible to be used for grasping, is given by using the force equilibrium condition. Then, a graspable finger position region on an edge combination is defined where the object can be held successfully and that the region is bounded by plural boundary hyperplanes is shown. With the combination of these boundary hyperplanes, an algorithm for obtaining the graspable finger position region is proposed. Finally, computing examples are performed to verify the effectiveness for the proposed approach.",,0,Proceedings of the 2001 IEEE International Symposium on Assembly and Task Planning (ISATP2001). Assembly and Disassembly in the Twenty-first Century. (Cat. No.01TH8560),"Department of Mechanical Engineering, Kagoshima University, Japan",iee_dec_rob
IEEE Xplore,10046453,10.1109/ICARCE55724.2022.10046453,Conferences,Design and Analysis of Intelligent Robot Arm for FAST Operation and Maintenance,Hongxi Ren; Ligang Qiang; Lin Li; Taokang Xiao; Dingan Song; Zhiyuan Zhang,2022,"In view of the long-term operation and maintenance needs of the Five-hundred-meter Aperture Spherical radio Telescope (FAST) feed cabin, focusing on the practical problems of limited installation space of the feed cabin, numerous disassembly and assembly bolts, low disassembly and assembly efficiency of the feed cabin and high cost, an intelligent robot arm integrating positioning, identification and disassembly is designed. Through the stability analysis of the control system, the amplitude margin is 5.69dB and the phase margin is 49.1deg, meeting the system stability requirements. Through finite element static analysis, modal analysis, harmonic response analysis and test verification, the effective operation and maintenance radius of the robot arm is 1.5m, the maximum torque can reach 130N·m, and the movement space is ±170 °, which can realize the rapid disassembly and assembly of M8 bolts and M12 bolts, and provide technical support for the operation and maintenance of FAST feed cabin.",,0,"2022 International Conference on Automation, Robotics and Computer Engineering (ICARCE)","Guizhou Aerospace Control Technology Co., Ltd, Guizhou Aerospace Industry Co., Ltd, Guiyang, China",iee_dec_rob
IEEE Xplore,10821631,10.1109/ICARCV63323.2024.10821631,Conferences,PLC Inverse Kinematics Model-Driven Digital Twin Focused on HIL for a Flexible Robotic Cell,D. Ionescu; A. Filipescu; G. Simion; R. Şolea; A. Filipescu; A. Serbencu,2024,"This paper focuses on the design, implementation and testing of a Digital Twin (DT) application for a assembly/disassembly (A/D) flexible robotic cell (FRC) assisted by ABB robotic manipulator (RM). A 3D virtual model is implemented in Siemens NX Mechatronics Concept Designer (MCD). S7-1200 PLC is programmed in Siemens TIA Portal, for both FRC and virtual model control, the last one based on inverse kinematics computation. A centralized architecture is applied for virtual FRC implementation and validation, to enable product simulation and for the automation control of the A/D manufacturing process. As part of the DT technology, Virtual Commissioning (VC) concept is used, to increase the production and performance, by optimizing tasks and to improve the traceability, by monitoring, analyzing and tracking every aspect of all manufacturing system. Moreover, VC significantly reduces potential human risks, delays and costs associated with the real on-site commissioning. To connect the FRC's PLC controllers with the NX MCD virtual plant model and for controlling the virtual model, Hardware-in-the-Loop (HIL) configuration and simulation strategy is adopted. Therefore Soft Commissioning approach is implemented and performed, by testing the designed PLC software and the behavior of the system using the real physical PLC. A SCADA application is also implemented, acting as a DT operator panel for process monitoring, data acquisition, analysis and visualization of the entire mechatronic system.",,4,"2024 18th International Conference on Control, Automation, Robotics and Vision (ICARCV)","Department of Automation and Electrical Engineering, “Dunărea de Jos”, University of Galati, Galati, Romania",iee_dec_rob
IEEE Xplore,10977616,10.1109/ICARA64554.2025.10977616,Conferences,A Real-Time Simulator for High-Speed Structured-Light Cameras in Robotic Applications with Optimal Positioning Evaluation,Gilles Rougeron; Jérémie Le Garrec; Claude Andriot,2025,"With recent advances in industrial robotics, autonomous robotic arms need to deal with complex environments using sensors such as depth cameras. Structured-light cameras are often employed for this purpose as they provide high precision measurements and increasing speed acquisition. Furthermore, as digital twins are becoming more common for training and guiding real robots, there is a growing need for high-performance sensor simulations. This paper thus introduces a fast, GPU-implemented, and realistic simulation tool for structured-light depth cameras. It can compute 3D point clouds with noisy coordinates in real-time for a set of cameras in complex, dynamic scenes simulated by a physics engine. It can also interactively evaluate coverage and overlap of simulated point clouds on objects of interest. Finally, by maximizing their values, as a pre-process or during simulation for motionless scenes, it allows optimal cameras positioning. To demonstrate the capabilities of our simulation tool, we present two use cases. The first showcases a real-time simulation of a high-speed structured-light camera operating at 20 frames per second, mounted on a robotic arm that dismantles an electrical battery. The second illustrates the optimal positioning of a set of fixed structured-light cameras in a cluttered environment, where a robotic arm performs the cutting of a glove box. To our knowledge, our tool is the first to offer such real-time simulations and rapid structured-light camera positioning in complex robotic environments.",,0,"2025 11th International Conference on Automation, Robotics, and Applications (ICARA)","Université Paris-Saclay CEA, List, Palaiseau, France",iee_dec_rob
IEEE Xplore,10240999,10.23919/CCC58697.2023.10240999,Conferences,Dynamic Graph Dismantling with Reinforcement Supervised Learning,Yumei Wang; Chuancong Tang; Hai-Tao Zhang,2023,"There are always some “key” nodes in a big complex network, which can joint the most connected subgraphs. How to identify these nodes, finding a minimum set of nodes to attack for reducing the size of residual network's Largest Connected Component(LCC) to break up the original network, has become a research hotspot. Therefore, a method for determining the “key” nodes based on reinforcement learning framework and supervised learning model is proposed. This algorithm can not only utilize the dynamic exploration ability of reinforcement learning to collect a rich training dataset, but also take advantage of the characteristics that supervised learning is adaptive and has strong generalization ability to possess high efficiency and strong robustness. In order to further improve the algorithm's performance, $\epsilon$-greedy mechanism is used to explore more network states. The experiment results show that given the same fraction of removed nodes, our algorithm can make the residual LCC smaller in various networks which is superior to the state-of-the-art algorithms in terms of effectiveness and generalization.",,0,2023 42nd Chinese Control Conference (CCC),"the Engineering Research Center of Autonomous Intelligent Unmanned Systems, the Key Laboratory of Image Processing and Intelligent Control, and the State Key Laboratory of Digital Manufacturing Equipment and Technology, School of Artificial Intelligence and Automation, Huazhong University of Science and Technology, Wuhan, China",iee_dec_rob
IEEE Xplore,10502134,10.1109/TRO.2024.3390057,Journals,Development and Characteristics of a Highly Biomimetic Robotic Shoulder Inspired by Musculoskeletal Mechanical Intelligence,Haosen Yang; Guowu Wei; Lei Ren,2024,"This article provides a comprehensive analysis of the existing landscape of conventional and highly biomimetic robotic arms, highlighting a prevalent tradeoff between size, range of motion, and load capacity in current highly biomimetic designs. To overcome the limitations, this article undertakes an in-depth exploration of the human shoulder, focusing on the identification of mechanical intelligence within the biological glenohumeral joint, such as the incomplete ball-and-socket structure, coupling stability of humeroradial and glenohumeral joints, and the self-locking mechanism of the glenohumeral joint. These intelligent features can potentially enhance both the stability and mobility of robotic joints, all the while preserving their compactness. To validate these potential benefits, this article introduces a novel, highly biomimetic robotic glenohumeral joint that meticulously replicates human musculoskeletal structures, from bones and ligaments to cartilage, muscles, and tendons. This novel design incorporates the mechanical intelligence found in the biological joint. Through rigorous simulations and empirical studies, this article demonstrates that the aforementioned mechanical intelligences significantly enhance the flexibility and load capacity of the robot's glenohumeral joint. Furthermore, extensive manipulation experiments confirm the robustness and viability of the proposed highly biomimetic robotic arm. Remarkably, the presented robotic arm executed 46.25% glenohumeral flexion/extension, 105.43% adduction/abduction, and 99.23% rotation, and can sustain a payload of 4 kg, and open the door which requires a torque of over 1.5 Nm to twist the handle. Hence, this article not only validates the intrinsic mechanical intelligence identified in the deconstruction of the human shoulder joint, but also contributes a pioneering design of a new, highly biomimetic robotic arm, significantly pushing boundaries of current robotic technology.",,8,IEEE Transactions on Robotics,"Department of Mechanical, Aerospace and Civil Engineering, The University of Manchester, Manchester, U.K.",iee_dec_rob
IEEE Xplore,10559331,10.1109/ICEMPS60684.2024.10559331,Conferences,Semi-Autonomous Robotic System for Efficient Recycling of Lithium-Ion Batteries,Shreyash Gadgil; Durva Gaikwad; Bijo Sebastian; Alpana Dubey; Abhinav Upadhyay,2024,"The increasing popularity of electric vehicles is leading to a massive increase in the use of lithium-ion batteries (LIBs), majority of which will reach their end-of-life in the next decade. Current recycling methods employed to recover valuable materials from end-of-life battery systems involve shredding of individual cells, followed by the extraction of materials through chemical or metallurgical processes. However, this approach often leads to a reduction in the overall yield of valuable materials, and wastage of other auxiliary components. The expected environmental impact of end-of-life LIBs necessitates sustainable recycling solutions. This paper introduces a semi-autonomous robotic system for efficient recycling of LIBs, showcasing a successful collaboration between human, robot, and a disassembly mechanism. The proposed system leverages human skills in removing fragile and deformable battery casing, intelligent grasping capabilities of a robotic manipulator in retrieving individual cells from the battery and the reliability of a disassembly mechanism in extracting the electrode stack from individual cells. By eliminating risks associated with manual recycling and the wastage associated with conventional shredding, the proposed system allows for direct recycling and reuse of LIB components.",,6,"2024 International Conference on E-mobility, Power Control and Smart Systems (ICEMPS)","Department of Engineering Design, Indian Institute of Technology Madras, Chennai, Tamil Nadu, India",iee_dec_rob
IEEE Xplore,10030362,10.1109/WACV56688.2023.00451,Conferences,Sim2real Transfer Learning for Point Cloud Segmentation: An Industrial Application Case on Autonomous Disassembly,Chengzhi Wu; Xuelei Bi; Julius Pfrommer; Alexander Cebulla; Simon Mangold; Jürgen Beyerer,2023,"On robotics computer vision tasks, generating and annotating large amounts of data from real-world for the use of deep learning-based approaches is often difficult or even impossible. A common strategy for solving this problem is to apply simulation-to-reality (sim2real) approaches with the help of simulated scenes. While the majority of current robotics vision sim2real work focuses on image data, we present an industrial application case that uses sim2real transfer learning for point cloud data. We provide insights on how to generate and process synthetic point cloud data in order to achieve better performance when the learned model is transferred to real-world data. The issue of imbalanced learning is investigated using multiple strategies. A novel patch-based attention network is proposed additionally to tackle this problem.",,19,2023 IEEE/CVF Winter Conference on Applications of Computer Vision (WACV),"Institute for Anthropomatics and Robotics, Karlsruhe Institute of Technology, Germany",iee_dec_rob
IEEE Xplore,11006065,10.1109/TASE.2025.3570709,Journals,3D Vision-Guided Robotic Grinding Framework for Repairing Random Defects,Tao Ding; Peng Ouyang; Hongyou Zhang; Xiaozhi Feng; Lin Hua; Dahu Zhu,2025,"Robotic grinding is utilized for machining large complex components due to its exceptional flexibility and expansive workspace. However, the existing research primarily focuses on the global machining and lacks solutions for repair and remanufacturing of components with local defects. In order to perform the local repair efficiently, this paper proposes a 3D vision-guided robotic grinding framework for repairing random defects, by taking the removal of welding slags on the automotive body as an example. Based on the measured point cloud, a robust function weighted variance minimization (RFWVM) registration algorithm is utilized to position the automotive body with high precision. Meanwhile, the datum plane is reconstructed to extract the defect point clouds. On this basis, the welding slags are divided into regions in accordance with their height characteristics. For these regions, a robotic grinding depth prediction model is then constructed to determine the mapping between welding slag height and process parameters, and the genetic algorithm is further improved to solve the shortest path decision-making problem in robotic grinding. The experimental results conducted in a typical region of an automotive body confirm the practicality and effectiveness of the proposed framework. This study provides a valuable reference for local defects repair of complex components. Note to Practitioners—This work is motivated by local repair and remanufacturing in robotic machining of large complex components. Due to the random positions and sizes of local defects, it is highly challenging for robots to perform efficient and high-quality machining of these localized defects. The framework proposed in this paper is implemented based on high-precision 3D vision,which can realize the positioning of the workpiece and defect extraction simultaneously. The shortest machining path is determined using intelligent optimization algorithms, while the developed grinding depth prediction model assigns specific machining parameters to each defect area, ensuring both high-quality and efficiency machining. This framework can also be adapted for the removal of similar random defects, such as putty defects and paint defects on high-speed train bodies. However, it has certain limitations. For example, the approach is not suitable for machining small components using robots, does not offer advantages in conventional fixed-point global machining scenarios, and may face measurement challenges when machining workpieces that surface with numerous bends, which requires further improvement.",,2,IEEE Transactions on Automation Science and Engineering,"Hubei Key Laboratory of Advanced Technology for Automotive Components, Wuhan University of Technology, Wuhan, China",iee_dec_rob
IEEE Xplore,1331572,10.1109/TEPM.2004.830506,Journals,Case study of a printed-wire-board concerning (Re-)Design for environment,M. Brandstotter; R. Knoth; B. Kopacek; P. Kopacek,2004,"Nowadays, printed-wire-boards (PWB) appear in nearly every electronic appliance. The fast pace of technological innovation and the consequent shortening of the product lifetime lead to a rapidly growing waste stream of electronic products. Therefore, solutions regarding the end-of-life are urgently required. Our goal is to extend the lifetime of electronic products in order to decrease the environmental impact. Therefore, this case study focused on designing PWBs for maximum component reusability and for a better separation of hazardous components. The project became possible by building a flexible semiautomatic disassembling cell ""/spl Sigma/! 1592-Disassembly Factory"" within the strategic CARE initiative for extracting valuable components from PWBs. Finally, design guidelines are going to be presented that address the layout of PWBs, important properties of components and integrated circuits (ICs), connection technologies, and others. The intention of this paper is to close the loop among the actors of the product lifecycle and particularly between recycling companies and manufacturers. The checklist will help product designers to identify the most important aspects in terms of reusability and environmentally conscious design of PWBs.",,4,IEEE Transactions on Electronics Packaging Manufacturing,"Austrian Society for Systems Engineering and Automation, Vienna, Austria",iee_dec_rob
IEEE Xplore,10155458,10.1109/TASE.2023.3279718,Journals,Learning Robotic Milling Strategies Based on Passive Variable Operational Space Interaction Control,Jamie Hathaway; Alireza Rastegarpanah; Rustam Stolkin,2024,"This paper addresses the problem of robotic cutting during disassembly of products for materials separation and recycling. Waste handling applications differ from milling in manufacturing processes, as they engender considerable variety and uncertainty in the parameters (e.g. hardness) of materials which the robot must cut. To address this challenge, we propose a learning-based approach incorporating elements of interaction control, in which the robot can adapt key parameters, such as feed rate, depth of cut, and mechanical compliance during task execution. We show how a mathematical model of cutting mechanics, embedded in a simulation environment, can be used to rapidly train the system without needing large amounts of data from physical cutting trials. The simulation approach was validated on a real robot setup based on four case study materials with varying structural and mechanical properties. We demonstrate the proposed method minimises process force and path deviations to a level similar to offline optimal planning methods, while the average time to complete a cutting task is within 25% of the optimum, at the expense of reduced volume of material removed per pass. A key advantage of our approach over similar works is that no prior knowledge about the material is required. Note to Practitioners—This work is motivated by challenges in emerging fields such as recycling of electric vehicles, where products such as batteries adopt a range of designs with varying physical geometry and materials. More generally, this applies when considering robotic disassembly of any unknown component where semi-destructive operations such as cutting are required. Product-to-product variation introduces challenges when planning cutting processes required to disassemble a component, as contemporary planning approaches typically require advance knowledge of the material properties, shape and desired path to select tool speed, feed and depth of cut. In this paper, we show a mathematical model of milling force embedded in a simulation environment can be used as a relatively inexpensive approach to simulate a broad spectrum of cutting processes the robot may encounter. This allows the robot to learn from experience a strategy that can select these key parameters of a milling task online without user assistance. We develop a framework for controlling a robot using this strategy that allows the stiffness of the robot arm to be modulated over time to best satisfy metrics of productivity (e.g. required cutting time), while maintaining safe interaction of the robot with its environment (e.g. by avoiding force limits), similarly to how a human operator can vary muscular tension to accomplish different tasks. We posit that the proposed method can substitute a trial-and-error strategy of selecting process parameters for disassembly of novel products, or integrated with existing planning approaches to adjust the parameters of milling tasks online.",,7,IEEE Transactions on Automation Science and Engineering,"Department of Metallurgy and Materials Science, University of Birmingham, Birmingham, U.K",iee_dec_rob
IEEE Xplore,9131849,10.1109/LRA.2020.3006789,Journals,Probabilistic Approach to Physical Object Disentangling,Joni Pajarinen; Oleg Arenz; Jan Peters; Gerhard Neumann,2020,"Physically disentangling entangled objects from each other is a problem encountered in waste segregation or in any task that requires disassembly of structures. Often there are no object models, and especially with cluttered irregularly shaped objects, the robot cannot create a model of the scene due to occlusion. One of our key insights is that based on previous sensory input we are only interested in moving an object out of the disentanglement around obstacles. That is, we only need to know where the robot can successfully move in order to plan the disentangling. Due to the uncertainty we integrate information about blocked movements into a probability map. The map defines the probability of the robot successfully moving to a specific configuration. Using as cost the failure probability of a sequence of movements we can then plan and execute disentangling iteratively. Since our approach circumvents only previously encountered obstacles, new movements will yield information about unknown obstacles that block movement until the robot has learned to circumvent all obstacles and disentangling succeeds. In the experiments, we use a special probabilistic version of the Rapidly exploring Random Tree (RRT) algorithm for planning and demonstrate successful disentanglement of objects both in 2-D and 3-D simulation, and, on a KUKA LBR 7-DOF robot. Moreover, our approach outperforms baseline methods.",,2,IEEE Robotics and Automation Letters,"Intelligent Autonomous Systems, TU Darmstadt, Darmstadt, Germany",iee_dec_rob
IEEE Xplore,8250134,10.1109/IRIS.2017.8250134,Conferences,Intelligent sensing for robotic re-manufacturing in aerospace — An industry 4.0 design based prototype,Richard French; Michalis Benakis; Hector Marin-Reyes,2017,"Emerging through an industry-academia collaboration between the University of Sheffield and VBC Instrument Engineering Ltd, a proposed robotic solution for remanufacturing of jet engine compressor blades is under ongoing development, producing the first tangible results for evaluation. Having successfully overcome concept adaptation, funding mechanisms, design processes, with research and development trials, the stage of concept optimization and end-user application has commenced. A variety of new challenges is emerging, with multiple parameters requiring control and intelligence. An interlinked collaboration between operational controllers, Quality Assurance (QA) and Quality Control (QC) systems, databases, safety and monitoring systems, is creating a complex network, transforming the traditional manual re-manufacturing method to an advanced intelligent modern smart-factory. Incorporating machine vision systems for characterization, inspection and fault detection, alongside advanced real-time sensor data acquisition for monitoring and evaluating the welding process, a huge amount of valuable industrial data is produced. Information regarding each individual blade is combined with data acquired from the system, embedding data analytics and the concept of “Internet of Things” (IoT) into the aerospace re-manufacturing industry. The aim of this paper is to give a first insight into the challenges of the development of an Industry 4.0 prototype system and an evaluation of first results of the operational prototype.",,18,2017 IEEE International Symposium on Robotics and Intelligent Sensors (IRIS),"Department of Physics and Astronomy, University of Sheffield, Sheffield, United Kingdom",iee_dec_rob
IEEE Xplore,10196256,10.1109/AIM46323.2023.10196256,Conferences,"Development of an Autonomous, Explainable, Robust Robotic System for Electric Vehicle Battery Disassembly",Yisheng Zhang; Hengwei Zhang; Zhigang Wang; Shengmin Zhang; Huaicheng Li; Ming Chen,2023,"The vigorous growth of the electric vehicle industry calls for efficient disassembly of used electric vehicle batteries (EVBs). Screw disassembly by robots remains a challenge due to the uncertainties in this task. In this paper, we designed an architecture of NeuroSymbolic task and motion planning, which uses neural predicates to map the sensor into a quasi-symbolic state and schedules action primitives autonomously based on current state and goal state. This architecture guarantees autonomy and explainability which is important in human-robot hybrid disassembly pipeline. In primitive implementation, a customized end-effector, accurate vision-based and force-based pose estimation are enabled to ensure the robustness of the system. The experiment shows that the proposed system can achieve 100% success rate in lab environment. We will deploy and evaluate it in the real factory environment in the future.",,11,2023 IEEE/ASME International Conference on Advanced Intelligent Mechatronics (AIM),"School of Mechanical Engineering, Shanghai Jiaotong University, China",iee_dec_rob
IEEE Xplore,10643836,10.1109/JSEN.2024.3444826,Journals,Millimeter-Wave Radar and Camera Fusion for Multiscenario Object Detection on USVs,Xin He; Defeng Wu; Dongjie Wu; Zheng You; Shangkun Zhong; Qijun Liu,2024,"Accurate object detection is fundamental for unmanned surface vehicles (USVs) to achieve intelligent perception. This article proposes an object detection network that integrates millimeter-wave radar and a camera. The method utilizes the complementary advantages of millimeter-wave radar and camera data modalities to realize multiscenario object detection for USVs applications. To address the drawback of sparse point clouds in millimeter-wave radar and improve the suboptimal performance of the camera in adverse weather conditions and small object detection, as well as to effectively utilize the features of both millimeter-wave radar and camera, a multisensor deep learning fusion object detection network [fusion mixture with AFPN (FMA)-fully convolutional one-stage (FCOS)] is proposed. To validate the effectiveness of FMA-FCOS, training, and testing are conducted on the multiscenario vessel dataset collected specifically for this study and the nuScenes dataset. In comparison with methods solely relying on a camera, such as the original FCOS object detection framework and YOLOv9, as well as other fusion methodologies combining camera and radar, the results demonstrate that FMA-FCOS delivers notable advantages, achieving a superior or comparable detection accuracy in the datasets.",,13,IEEE Sensors Journal,"School of Marine Engineering, Fujian Institute of Innovation for Marine Equipment Detection and Remanufacturing Industrial Technology, and Fujian Provincial Key Laboratory of Naval Architecture and Ocean Engineering, Jimei University, Xiamen, Fujian, China",iee_dec_rob
IEEE Xplore,11206503,10.1109/TPDS.2025.3622691,Journals,Accelerating Point Cloud Sampling by Parallel Structure Deconstruction,Hengzhe Chi; Jihe Wang; Jinzhe Zhang; Danghui Wang,2026,"Point cloud processing is fundamental to applications such as autonomous driving, robotic navigation, and 3D reconstruction. Sampling is a crucial process in point cloud processing, but current sampling algorithms perform poorly when deployed on edge devices due to limited computational resources. This stems from three main reasons. First, the robustness of sampling is weak; even after denoising, residual noise remains, and existing edge sampling methods struggle to ignore noisy sampling nodes. Second, there’s a lack of structural sampling, popular algorithms like FPS tend to cover global information without considering special structures for focused sampling. Third, system efficiency is poor, traditional Farthest Point Sampling (FPS) and k-Nearest Neighbor Search (kNN) have terrible time and space complexities of $O(n^{2})$O(n2) with low parallelism, limiting system throughput, especially for large-scale point cloud processing. To bridge this gap, we propose a novel point cloud sampling algorithm based on parallel graph deconstruction named DPS (Deconstruction-based Point Cloud Sampling) and its multi-scale version DPS_MS with better denoising effect. First, during graph construction, we employ multi-scale graphing and add a preprocessing stage to filter out some noise nodes, reducing the noise rate. Second, in the sampling stage, we categorize important structures into edge nodes and dense nodes based on the reverse neighbor count of graph nodes, assigning them higher sampling weights to supplement structural information. Finally, we use a highly parallel locality-sensitive hashing algorithm to accelerate neighbor search and reduce memory consumption, we achieved data-level parallelization through the comprehensive parallelization of our algorithm. Through rigorous qualitative and quantitative validation on classification and segmentation tasks, we demonstrate that DPS, while maintaining accuracy, increases point cloud sampling speed by 22.08 times compared to the FPS algorithm, the implementation achieved a 75.1-fold improvement in system throughput and a maximum parallel speedup of 10.32x, and improves the Accuracy/FLOPs (M) ratio to 8.68.",,2,IEEE Transactions on Parallel and Distributed Systems,"School of Computer Science, Northwestern Polytechnical University, Xian, China",iee_dec_rob
IEEE Xplore,9996969,10.1109/TSMC.2022.3225443,Journals,Scenario-Based Robust Remanufacturing Scheduling Problem Using Improved Biogeography-Based Optimization Algorithm,Wenyu Zhang; Jiaxuan Shi; Shuai Zhang; Mengjiao Chen,2023,"As a promising method for organizing remanufacturing production activities, remanufacturing scheduling has attracted increasing attention in recent years. However, extant studies have primarily focused on solving remanufacturing scheduling problems in a deterministic environment, while neglecting the impact of uncertainties on remanufacturing. Therefore, a new scenario-based robust remanufacturing scheduling problem was investigated in this study, and a robust optimization model for this problem was established. In the proposed model, a discrete scenario set is used to describe the uncertain arrival time and uncertain processing time of end-of-life products, and the variable start-up batch size constraint is considered to improve the practicality and flexibility of the model. To solve this model, an improved biogeography-based optimization algorithm with a new three-dimensional unequal-length representation scheme is proposed, in which, new migration and mutation operators, a local search strategy, and a new batch promotion mechanism are designed to improve the algorithmic performance. The results of the experiments demonstrate the feasibility of the proposed model and the superiority of the presented algorithm in solving the proposed model.",,21,"IEEE Transactions on Systems, Man, and Cybernetics: Systems","School of Information Management and Artificial Intelligence, Zhejiang University of Finance and Economics, Hangzhou, China",iee_dec_rob
IEEE Xplore,10275349,10.1109/ETFA54631.2023.10275349,Conferences,"Modeling and Control an A/DT Served by an ACPS based on SCADA, Industry 4.0 and 5.0",Adrian Filipescu; Daniela Cernega; Razvan Solea; Adriana Filipescu; Eugenia Minca; Dan Ionescu; Georgian Simion,2023,"Modeling, monitoring and control of a multilevel architecture for an assembly/disassembly technology (A/DT) assisted by an autonomous cyber-physical system (ACPS). The hardware architecture consists of six workstations (6-WS), A/D mechatronics line (A/DML) connected to an A/D flexible cell (A/DFC) equipped with a 6-DOF industrial robotic manipulator (IRM). ACPS has in its structure two driving wheels and one free wheel (2DW/1FW)-wheeled mobile robot (WMR) equipped with a 7-DOF robotic manipulator (RM). A mobile visual servoing system (MVSS) is mounted on the end effector of the RM. A/DT assembles two different workpieces (WP1 and WP2), while disassembly only covers products that do not meet the quality test and component recovery through ACPS. ACPS takes the components from the disassembly locations and stores them in the appropriate warehouses for reuse. Synchronized Petri nets (SPN), for assembly, and synchronized hybrid Petri nets (SHPN), for disassembly, are used for modeling and simulation. Discrete-time trajectory-tracking sliding-mode control (DT-TTSMC), for WMR displacement, inverse kinematic (IKC) for 7-DOF RM control, and image moments for MVSS positioning are used to control ACPS subsystems. The design of the A/DT served by ACPS, was subordinated to the concept of Digital twin, by integrating, interfacing and synchronizing the simulation results of the SPN and SHPN models, with real-time management in a supervisory control and data acquisition (SCADA) system located on a Remote PC (RPC). The design and real-time control of A/DT served by ACPS were made in the vision of Industry 4.0 and Industry 5.0.",,4,2023 IEEE 28th International Conference on Emerging Technologies and Factory Automation (ETFA),"Department of Automation and Electrical Engineering, ""Dunarea de Jos"" University of Galati, Galati, Romania",iee_dec_rob
IEEE Xplore,337224,10.1109/ICAR.1993.337224,Conferences,New robot applications in production and service,R.D. Schraft; E. Degenhart; M. Hagele; M. Kahmeyer,1993,In the past considerable efforts have been invested in developing systems which support autonomous task execution or navigation of robots in (partially) unstructured environments. Technological advances resulted in a new application area for robots: the service sector. This paper presents several examples of service robots and an example of an industrial robot with different degrees of automation in their task execution. All these examples show one goal: the improvement of environmental conditions and therefore indirectly the protection of our natural environment. The role of the operator/user interaction with the system is demonstrated with three examples of prototype robots. In all examples referencing the robot to the object turned out to be of crucial importance for accurate task execution. This lead to the use of a new optical measurement system: the Reseau Scanning Camera (RSC).<>,,3,Proceedings of 1993 IEEE/Tsukuba International Workshop on Advanced Robotics,"Fraunhofer Institute of Manufacturing Engineering and Automation (IPA), Stuttgart, Germany",iee_dec_rob
IEEE Xplore,12341,10.1109/ROBOT.1988.12341,Conferences,Planning repair sequences using the AND/OR graph representation of assembly plans,L.S. Homem de Mello; A.C. Sanderson,1988,A simple modification is shown in the set of goal nodes of the AND/OR graph that allows its use in planning repairs such as the replacement of a part or a subassembly. An algorithm for the generation of all feasible sequences for disassembly and reassembly of parts that will achieve a repair is shown. This approach has been demonstrated for the example of the repair of space-based satellite equipment.<>,,18,Proceedings. 1988 IEEE International Conference on Robotics and Automation,"Department of Electrical and Computer Engineering, Carnegie Mellon University, Pittsburgh, PA, USA",iee_dec_rob
IEEE Xplore,1573551,10.1109/ICHR.2005.1573551,Conferences,A space construction humanoid,M.A. Diftler; J.S. Mehling; P.A. Strawser; W.R. Doggett; I.M. Spain,2005,"A mobile humanoid robot is reconfiguring NASA modular truss structures at the Johnson Space Center. Until recently these structures could only be effectively manipulated by human hands or by robots with specialized end effectors. This humanoid robot, Robonaut, designed to assist astronauts during space walks, has been upgraded to tackle the precision constrained tasks associated with truss assembly and disassembly. An overview of construction tasks with reconfigurable truss systems is presented along with the associated challenges these systems present to humanoid robots. Advances in Robonaut's capabilities that address these challenges are described and include: a grip surface augmentation to Robonaut's gloves that provides a close approximation to the latest astronaut gloves ensuring a secure grasp during truss coupler manipulation, a set of force controller parameters tuned to maintain stable contact and minimize loads on the truss structure, and a shared control strategy that divides the Cartesian control of Robonaut's hands between the teleoperator and the robot's on-board controller to minimize human workload during constrained tasks. Results of the reconfiguration tests are presented along with potential areas for future automation",,4,"5th IEEE-RAS International Conference on Humanoid Robots, 2005.","Automation, Robotics and Simulation Division, NASA-Johnson Space Center, Houston, TX, USA",iee_dec_rob
IEEE Xplore,9410285,10.1109/TASE.2021.3069742,Journals,Interlocking Block Assembly With Robots,Yinan Zhang; Yotto Koga; Devin Balkcom,2021,"This article presents a design for interlocking blocks and an algorithm that allows these blocks to be assembled into desired shapes. During and after assembly, the structure is kinematically interlocked if a small number of blocks are immobilized relative to other blocks. There are two types of blocks: cubes and double-height posts, each with a particular set of male and female joints. Layouts for shapes involving thousands of blocks have been planned automatically, and shapes with several hundred blocks have been built by hand. This article also describes a method for assembling structures from blocks in parallel. As a proof of concept, a dual-robot system was used to assemble 48 blocks, forming an interlocking cube-like structure. Note to Practitioners—This article was inspired by existing work on interlocking joinery structures, modular robots, and construction robots. We present designs for two interlocking blocks that can be assembled into larger rigid structures. Blocks of this type are a promising future construction material. Only translation is needed to assemble the blocks, simplifying robotic assembly, and the mortarless construction allows for later disassembly and reuse of the blocks. We propose an algorithm that lays out blocks into desired shapes in series and developed a dual-robot system to assemble 48 blocks automatically. Our physical experiments show that joint manufacturing precision is critical to the ease of construction and the rigidity of the finished structure. We also present a layout algorithm that enables parallel assembly, allowing multiple robots to work on the same structure.",,14,IEEE Transactions on Automation Science and Engineering,"Department of Computer Science, Dartmouth College, Hanover, NH, USA",iee_dec_rob
IEEE Xplore,9280652,10.1109/SUMMA50634.2020.9280652,Conferences,Development of a Modular Control System for an Industrial Dismantling Robot,Vladimir Bocharov; Alexandr Danilov; Victor Burkovsky; Konstantin Gusev,2020,"This article discusses the development of a new control system and data exchange protocol for a robotic complex. The control object is a remotely controlled robot ROIN RTS R-300/04. The standard robot control system ROIN RTS R-300/04 does not have sufficient fault tolerance. To solve the tasks, a modular control system concept was proposed according to which the entire control system is divided into functional units that provide local control of any robot equipment. All units are connected to a common information-command network. Each unit receives a command in a specific format and in response transmits information about its status. Thus, complex control tasks are sort of spread between the units, and the main unit at any time receives information about the status of each of the robot subsystems, which greatly facilitates the diagnosis and troubleshooting. The developed control system was assembled and installed on a serial ROIN RTS R-300/04. The number of malfunctions due to malfunctions of the control system was minimized. The modernized robot has been successfully used by UMMC.",,2,"2020 2nd International Conference on Control Systems, Mathematical Modeling, Automation and Energy Efficiency (SUMMA)","Faculty of Power and Control Systems, Voronezh State Technical University, Voronezh, Russia",iee_dec_rob
IEEE Xplore,10312572,10.1109/IECON51785.2023.10312572,Conferences,A Novel Interoperability Evaluation Framework for the Warehouse Management System,Tijo Thayil; Jingbing Zhang; Prahlad Vadakkepat; Abdullah Al Mamun; Krishna Sagar,2023,"Warehouse management is a critical element in the supply chain. The rise of e-commerce demands ‘any-mix any-volume’ customized and personalized orders. Due to the variety of products in ‘any-mix any-volume’ scenario the warehouse operations have become complex. The advent of multi-channel commerce has reduced the minimum order quantity (MOQ), claiming frequent changes. The ‘any-mix any-volume’ operations require flexible automation for product storage, retrieval, packing and shipping. Seamless operations of multiple devices are essential for automating flexible warehouses. For effective flexible operations, the Warehouse Management System (WMS) requires controlling the automation devices and associated auxiliary systems. Heterogenous automation devices with distinct communication protocols, data formats and connectivity are challenges for WMS centered control. An interoperable WMS can enable seamless communication and data exchange among devices. In this work, the interoperability of the WMS and various aspects of interoperability of engineering systems are presented. Different WMS system designs are considered and evaluated for the interoperability requirements. A framework for evaluating the interoperability of a WMS is proposed which is validated through experimental trials at an industry grade warehouse.",,0,IECON 2023- 49th Annual Conference of the IEEE Industrial Electronics Society,"Smart Robotics and Automation Advanced Remanufacturing & Technology Centre (ARTC), Agency for Science, Technology and Research (A*STAR), Singapore, Republic of Singapore",iee_dec_rob
IEEE Xplore,10710703,10.1109/ETFA61755.2024.10710703,Conferences,Assembly Sequence Planning by Reinforcement Learning and Accessibility Checking using RRT*,Rafael Parzeller; Elisa Schuster; Axel Busboom; Detlef Gerhard,2024,"Automating Assembly Sequence Planning (ASP) is a core task in digitalizing industrial manufacturing. The objective of ASP is to find a feasible and efficient sequence, in which the components of a given assembly can be assembled. Often, the problem is tackled using an “assembly-by-disassembly” approach, i.e., a disassembly sequence is generated an then reversed to obtain an assembly sequence. Recently, approaches to ASP based on Reinforcement Learning (RL) and physics-based simulation environments have gained attention, wherein an RL- agent acts against the simulation environment to learn feasible disassembly sequences. We propose a combination of this approach with the path finding algorithm RRT* (Rapidly Exploring Random Tree *). The path finding algorithm generates lists of components that are in principle accessible at different stages of assembly, taking into account the space needed for the hand of the fitter or for a robotic arm. These lists are passed on to the RL agent, which then only attempts to manipulate and disassemble the currently accessible components. Using a validation assembly, we demonstrate that this approach can meaningfully improve the performance, compared to an unconstrained RL agent.",,3,2024 IEEE 29th International Conference on Emerging Technologies and Factory Automation (ETFA),"Siemens Technology (T) Siemens AG, Munich, Germany",iee_dec_rob
IEEE Xplore,10660101,10.1109/ICMIII62623.2024.00083,Conferences,Construction monitoring of power grid engineering based on UAV remote sensing images,Zhuoqun Zhang; Wenjun Han; Jingguo Rong; Haibo Liu; Weijing Ma,2024,"Power grid engineering construction is a complex and large-scale process that requires monitoring and control of construction quality. In this paper, high-resolution UAV remote sensing images were used to obtain change prediction results through superpixel change detection and deep learning change detection methods. The ResNet network was used to reclassify the prediction results, and finally, manual adjustment was performed to obtain the final change detection results. By detecting changes in UAV remote sensing images at different times, we can obtain information about land-use changes in the construction area, including house demolition and vegetation cutting. This method not only improves the accuracy and efficiency of on-site monitoring but also provides more accurate decision-making basis for management personnel, which is conducive to the standardized management of construction sites.",,0,"2024 2nd International Conference on Mechatronics, IoT and Industrial Informatics (ICMIII)","State Grid Economic and Technological Research Institute Co., Ltd., Beijing, China",iee_dec_rob
IEEE Xplore,6379288,,Conferences,Control of automatic robot with guided manipulator integrated into flexible manufacturing system using Hybrid Petri Nets,A. Voda; A. Radaschin; E. Minca; A. Filipescu,2012,"An analysis of the transportation and handling systems used in assembly/disassembly flexible manufacturing line (A/D-FML) is presented in this paper. Based on the analysis, an approach of the modeling and control a new class of automatic guided vehicles (AGV) is presented, the automatic robot with guided manipulator (ARGM). We propose to use Hybrid Petri Nets (HPN) for modeling the ARGM tasks and for implementing the control strategy of A/D-FML in order to make complete reversible the assembly line, i. e., in order to execute full disassembly.",,0,"2012 16th International Conference on System Theory, Control and Computing (ICSTCC)","CNRS, Grenoble Image Parole Signal Automatique (GIPSAlab), UMR 5216, Universite Joseph Fourier Grenoble 1, Saint Martin d'Heres, France",iee_dec_rob
IEEE Xplore,928998,10.1109/ISATP.2001.928998,Conferences,Integrated process planning and scheduling in holonic manufacturing systems,N. Sugimura; R. Hino; T. Moriwaki,2001,"The objective of the research described is to develop an integrated process planning and scheduling system of machine products, aiming at realizing flexible production control in holonic manufacturing systems. The basic architecture of the holonic manufacturing system is discussed from the viewpoint of the integration of the process planning and the scheduling systems. Procedures are proposed to select suitable machining sequences of machining features and suitable sequences of machining equipment, taking into consideration future schedules of machining equipment. A combined method of genetic algorithm and dynamic programming is applied to selection of the machining sequence and the sequence of the machining equipment.",,24,Proceedings of the 2001 IEEE International Symposium on Assembly and Task Planning (ISATP2001). Assembly and Disassembly in the Twenty-first Century. (Cat. No.01TH8560),"College of Engineering, Osaka Prefecture University, Sakai, Japan",iee_dec_rob
IEEE Xplore,290859,10.1109/NAECON.1993.290859,Conferences,Telerobotics for depot applications,M.B. Leahy; S.B. Petroski,1993,"Air Logistic Centers trail the commercial sector in insertion of robotics and automation technologies. Small batch sizes, feature uncertainty, and varying workload have conspired to make classical industrial robotic solutions impractical for a wide range of depot remanufacturing processes. The solution is telerobotics. The challenge is how to judiciously exploit telerobotics to enhance depot industrial processes. In response to that challenge, the AFMC Robotics and Automation Center of Excellence (RACE) has launched a technical initiative to foster creative development and innovative utilization of emerging telerobotic technologies. The goals, plan of attack, and status of that initiative are presented.<>",,5,Proceedings of the IEEE 1993 National Aerospace and Electronics Conference-NAECON 1993,"Technology and Industrial Support Directorate, Specialized Engineering Branch, Advanced Process Technology Section, San Antonio Air Logistics Center, AFMC Robotics and Automation Center of Excellence, TX, USA",iee_dec_rob
IEEE Xplore,9198517,10.1109/ICE/ITMC49519.2020.9198517,Conferences,Industry 4.0 solutions supporting Circular Economy,Roberto Rocca; Paolo Rosa; Claudio Sassanelli; Luca Fumagalli; Sergio Terzi,2020,"Industrial automation supported by the Industry 4.0 (I4.0) paradigm has become a driving force in production systems. According to current product lifecycles and mass customization, I4.0 technologies, architectures and services offer a new perspective on automated and flexible production systems. Within this context, smart sustainability represents a new way for making goods and managing processes with a lower environmental impact. Experts already assessed the relation between I4.0 and Circular Economy (CE), but practical demonstrations are lacking. The aim of this paper is presenting a laboratory application case showing the integration of I4.0 and CE, specifically at product End-of-Life stage.",,12,"2020 IEEE International Conference on Engineering, Technology and Innovation (ICE/ITMC)","Department of Economics, Management and Industrial Engineering, Politecnico di Milano, Milano, Italy",iee_dec_rob
IEEE Xplore,9573309,10.1109/TRO.2021.3114607,Journals,Magnetically Controlled Modular Cubes With Reconfigurable Self-Assembly and Disassembly,Anuruddha Bhattacharjee; Yitong Lu; Aaron T. Becker; MinJun Kim,2022,"Reconfigurable modular robots, which can actively assemble and disassemble on command, offer the possibility of mesoscale (milliscale and microscale) manufacturing with robustness and controllability. In this study, we present a design of a scalable modular subunit with embedded permanent magnets in a 3-D printed cubic body. The subunit can be wirelessly controlled by an external uniform magnetic field. We also present controlled assembly–disassembly techniques for these subunits. Our modular robotic platform is highly reconfigurable and can create programmable, predetermined patterns based on open-loop control. The 2-D motion planner computes all reachable polyomino shapes from an arbitrary initial configuration and provides the shortest movement sequences to form each shape. Experimental results match computational modeling, demonstrating robust and reproducible behavior of the modular robotic platform that is promising for mesoscale manufacturing applications. Two cube sizes were tested: 10-mm edge lengths and 2.8-mm edge lengths.",,33,IEEE Transactions on Robotics,"Department of Mechanical Engineering, Southern Methodist University, Dallas, TX, USA",iee_dec_rob
IEEE Xplore,8560345,10.1109/COASE.2018.8560345,Conferences,Embedded Architecture of a Hydraulic Demolition Machine for Robotic Teleoperation in the Construction Sector,Matteo Tanzini; Juan Manuel Jacinto-Villegas; Massimo Satler; Marta Niccolini; Carlo Alberto Avizzano,2018,"In the last decade, teleoperated machines have become a reality in modern construction yards. Although these machines represent a step forward in terms of flexibility and safety, they still rely on a traditional control pad. Usually, the operators move the machine's end-effector driving each joint sequentially following a predefined order which depends on the operator's skill. This paper describes the design choices, the architecture of the system and the closed-loop control structure proposed to improve the human-machine interaction on a working machine for the construction field. The proposed solution has been implemented on a remote-controlled demolition platform exploiting a hybrid LabVIEW-Matlab software architecture. The work also proposed a closed-loop position control for the hydraulic manipulator. The feasibility of the proposed embedded architecture is assessed through experimental tests where the end-effector (EE) has to track a predefined trajectory.",,2,2018 IEEE 14th International Conference on Automation Science and Engineering (CASE),"Authors are with Perceptual Robotics Laboratory from Scuola Superiore Sant'Anna, Pisa, Italy",iee_dec_rob
IEEE Xplore,10569391,10.1109/ICCAR61844.2024.10569391,Conferences,Inference of Melt Pool Visual Characteristics in Laser Additive Manufacturing Using Acoustic Signal Features and Robotic Motion Data,Lequn Chen; Youxiang Chew; Wenhe Feng; Seung Ki Moon,2024,"Laser additive manufacturing (LAM) demands robust real-time monitoring to identify defects and ensure product quality. Traditional methods, mainly reliant on coaxial cameras, lacks placement flexibility. Further complexities arise from the inherent variability in melt pool geometries and the high computational demands of image processing, hindering effective real-time monitoring. This research proposes a novel technique to directly infer melt pool visual characteristics in LAM by synergizing acoustic signal features with robotic tool-center-point (TCP) motion data. Acoustic monitoring has shown great promise in tasks typically reliant on vision sensors. In addition, the dynamics of the LAM process and defect occurrences are spatially dependent, primarily due to heat accumulation. By combining acoustic signals with spatial data from robot TCP motion, our method tracks melt pool variations with an R2 score above 0.7. An ablation study demonstrated that the proposed method outperforms the acoustic-only models. The findings suggest that the integration of a simple microphone sensor with robot motion information emerges as a flexible, cost-effective alternative for capturing dynamic melt pool behavior. It presents new prospects for closed-loop control in the LAM process.",,2,"2024 10th International Conference on Control, Automation and Robotics (ICCAR)","Advanced Remanufacturing and Technology Centre (ARTC), Nanyang Technological University (NTU), Singapore",iee_dec_rob
IEEE Xplore,10023668,10.1109/IRC55401.2022.00082,Conferences,Intelligent Adaptative Robotic System for Physical Interaction Tasks,Benjamín Tapia Sal Paz; Gorka Sorrosal; Aitziber Mancisidor,2022,"Big steps in the last years have been made in robotics. From mobile robots for home tasks to fully automatized systems in industrial environments. In the beginning, the main focus of robotics was to provide robotics solutions to tackle the necessity of improving both, productivity in repetitive tasks and safeguarding people in dangerous environments. Nowadays, following the advances in technology and industry 4.0, these objectives have changed to more demanding ones. These require flexible and autonomous intelligent solutions, i.e. systems capable of performing a variety of tasks with the minimum programming or system specifications. With the rise of Artificial Intelligence, novel algorithms have been developed, and let improve robotics systems capabilities by becoming more intelligent and autonomous. The aim of this work is the development of an adaptative intelligent robotic system for physical interaction tasks. In this kind of task, the robot has a strong physical interaction with the environment, driving dynamical requirements to fulfill the task. To achieve this, a Three system framework made up of control, monitoring, and adaptative systems is proposed.",,0,2022 Sixth IEEE International Conference on Robotic Computing (IRC),"Ikerlan Technology Research Centre, Arrasate, Spain",iee_dec_rob
IEEE Xplore,11487834,10.1109/CAC67268.2025.11487834,Conferences,Welding Parameters Prediction in Robotic Wire Arc Additive Manufacturing,Shenheng Hu; Keyi Wang; Xia Li; Wenbo Du; Minghui Liu,2025,"In robotic Wire Arc Additive Manufacturing (WAAM) for rapid metal part formation, a single weld bead geometry is pivotal for deposited layer thickness and dimensional accuracy. This paper focused on predicting welding parameters for expected bead geometries aligned with the adaptive slicing process in WAAM. A Forward Artificial Neural Network (FANN) was employed to establish the relationship between welding parameters and bead geometry. Data on bead geometric variables and welding parameters were collected via a central composite rotatable design matrix. An iterative prediction model for additive manufacturing welding parameters was developed, integrating the FANN based bead geometry prediction and the Particle Swarm Optimization (PSO) algorithm to forecast welding parameters for target bead geometries. The results showed that the prediction of welding parameters obtained from the designed iterative prediction model confirmed the feasibility of this model in terms of applicability and automation in WAAM.",,0,2025 China Automation Congress (CAC),"College of Mechanical and Electrical Engineering, Harbin Engineering University, Harbin, China",iee_dec_rob
IEEE Xplore,10595706,10.1109/ISIE54533.2024.10595706,Conferences,Two-Steps Framework for Highly Accurate 6-DoF Pose Estimation,Teerawat Piriyatharawet; Wei-De Teo; Shin-Horng Chong,2024,"The increasing adoption of automation in various industries has led to a growing demand for smart robotic manipulators capable of high-precision operations. This paper presents a two-step framework for refining pose estimation in robotic manipulation, particularly for small objects. Our approach utilizes two calibrated cameras: an eye-to-hand camera for rough pose estimation and an eye-in-hand camera for further refinement. This dual-camera setup overcomes the limitations of single-camera systems, especially in scenarios where calibration errors or robot position shifts can lead to significant inaccuracies. We demonstrate that this framework significantly enhances pose estimation accuracy, making it a valuable tool for improving the efficiency and reliability of automated tasks in robotics.",,0,2024 IEEE 33rd International Symposium on Industrial Electronics (ISIE),"Agency for Science, Technology and Research (A*STAR), 2 Fusionopolis Way #08-04, Singapore Institute of Manufacturing Technology (SIMTech), Singapore, Republic of Singapore",iee_dec_rob
IEEE Xplore,929052,10.1109/ISATP.2001.929052,Conferences,Computer vision for guiding manual assembly,J. Molineros; R. Sharma,2001,"This paper considers an augmented reality interface for guiding manual assembly. The key challenges involved in enabling such a system include the design of an effective information presentation scheme, as well as robust and fast sensing of the assembly scene. We present a framework for assembly scene augmentation that is based on robotic assembly planning. We then discuss the problem of sensing for augmented reality without the use of fiducial and present our formulation that combines model-based and appearance-based approaches for recognizing assembly states.",,16,Proceedings of the 2001 IEEE International Symposium on Assembly and Task Planning (ISATP2001). Assembly and Disassembly in the Twenty-first Century. (Cat. No.01TH8560),"Computer Science and Engineering 220 Pond Laboratory, Pennsylvania State University, University Park, PA, USA",iee_dec_rob
IEEE Xplore,9060108,10.1109/SmartWorld-UIC-ATC-SCALCOM-IOP-SCI.2019.00081,Conferences,A New Shopfloor Orchestration Approach for Collaborative Human-Robot Device Disassembly,Ioannis Chatzikonstantinou; Dimitrios Giakoumis; Dimitrios Tzovaras,2019,"We present a new approach to tackle the problem of task assignment and scheduling in human-robot teams that undertake collaborative device disassembly tasks. The proposed approach is a hybrid between a global search metaheuristic and an adaptive greedy operation assignment and scheduling algorithm. We propose the concept of an ""Adaptive (work) Cell"", (aCell), which becomes the basis for the hierarchical organization of the proposed search approach. At high level, metaheuristic search establishes resource constraints for each aCell and determines parameters for the task-level operation scheduling. At low level, the task-level scheduling algorithm produces feasible assignments and schedules within a single aCell by backtracking through feasible time slots using an adaptive score metric. The advantage of the proposed approach is that it clearly delineates between higher level state space exploration and focused, task-oriented exploitation. We validate the proposed approach on a class of novel multi-objective benchmark problems involving human-robot teams collaborating throughout a factory floor, addressing specifically for the first time the problem of device disassembly tasks, relevant to WEEE recycling, with additional constraints, where we obtain favorable results.",,5,"2019 IEEE SmartWorld, Ubiquitous Intelligence & Computing, Advanced & Trusted Computing, Scalable Computing & Communications, Cloud & Big Data Computing, Internet of People and Smart City Innovation (SmartWorld/SCALCOM/UIC/ATC/CBDCom/IOP/SCI)","Centre for Research and Technology Hellas, Information Technologies Institute (CERTH / ITI)",iee_dec_rob
IEEE Xplore,6639854,,Conferences,Autonomous mission planning for AUVs team cooperation,Linlin Wang; Hongjian Wang; Juan Li; Hongli Lv; Xinghua Chen,2013,"Our goal in this paper is presenting the existing functionality of this autonomous team mission planning platform (in short, ATMP platform), which is integrated with the functions of mission distinguish compiler, mission disassembly, task assignment and individual-level task planner. The framework based on multilayer mission planning flow and multilayer events analyzing and responding flow is designed accordingly. We will propose a definition of the survey mission XML script structure with the aim of working more efficiently with the mission grammar distinguishing and compiling. A mission disassembly controller is designed based on the principle of ant colony clustering optimization in order to improve the disassembling of multi-area survey mission. Tabu list is established to mark the visited area and avoid repeated survey the same area. Meanwhile, a task planning method based on genetic algorithm is adopted to plan a series of spatio-temporal behavior orders for each AUV. One of the important features of our approach is that we can program the mission planner using a different high-level ATMP just by modifying the mission script that is used in the front-end mission download interface; no modification needs to be made to the back end.",,0,Proceedings of the 32nd Chinese Control Conference,"Automation College, Harbin Engineering University, Harbin, Heilongjiang, CN",iee_dec_rob
IEEE Xplore,518776,10.1109/ISATP.1995.518776,Conferences,Features modeling in assembly sequence and resource planning,C. Mascle,1995,"The assembly sequence and resources are among the key elements towards the design-manufacturing-assembly integration process within a concurrent engineering context. The product model is subdivided into three submodels: the physical submodel of liaisons, the geometric submodel of components, and the technological submodel of operations. A geometric submodel of the components is used. A technological part is already taken into account in the physical model of liaisons because of the introduction of fastening liaisons. This paper describes a method to determine the assembly sequences and resources, based on a CAD model, that combines a functional description of the product and a disassembly process for which a half degree of liaison concept is introduced.",,7,Proceedings. IEEE International Symposium on Assembly and Task Planning,"Section fabrication, équipe dE28099assemblage, éepartement de méanique, École Polytechnique, Montreal, QUE, Canada",iee_dec_rob
IEEE Xplore,11164159,10.1109/CASE58245.2025.11164159,Conferences,Decoding RobKiNet: Insights into Efficient Training of Robotic Kinematics Informed Neural Network,Yanlong Peng; Zhigang Wang; Ziwen He; Pengxu Chang; Chuangchuang Zhou; Yu Yan; Ming Chen,2025,"In robots task and motion planning (TAMP), it is crucial to sample within the robot’s configuration space to meet task-level global constraints and enhance the efficiency of subsequent motion planning. Due to the complexity of joint configuration sampling under multi-level constraints, traditional methods often lack efficiency. This paper introduces the principle of RobKiNet, a kinematics-informed neural network, for end-to-end sampling within the Continuous Feasible Set (CFS) under multiple constraints in configuration space, establishing its Optimization Expectation Model. Comparisons with traditional sampling and learning-based approaches reveal that RobKiNet’s kinematic knowledge infusion enhances training efficiency by ensuring stable and accurate gradient optimization. Visualizations and quantitative analyses in a 2-DOF space validate its theoretical efficiency, while its application on a 9-DOF autonomous mobile manipulator robot(AMMR) demonstrates superior whole-body and decoupled control, excelling in battery disassembly tasks. RobKiNet outperforms deep reinforcement learning with a training speed 74.29 times faster and a sampling accuracy of up to 99.25%, achieving a 97.33% task completion rate in real-world scenarios.",,0,2025 IEEE 21st International Conference on Automation Science and Engineering (CASE),"School of Mechanical Engineering, Shanghai Jiao Tong University, China",iee_dec_rob
IEEE Xplore,10378967,10.1109/MRA.2023.3336473,Magazines,Digital Robot Judge: Building a Task-Centric Performance Database of Real-World Manipulation With Electronic Task Boards,Peter So; Andriy Sarabakha; Fan Wu; Utku Culha; Fares J. Abu-Dakka; Sami Haddadin,2024,"Robotics aims to develop manipulation skills approaching human performance. However, skill complexity is often over- or underestimated based on individual experience, and the real-world performance gap is difficult or expensive to measure through in-person competitions. To bridge this gap, we propose a compact, internet-connected, electronic task board to measure manipulation performance remotely; we call it the digital robot judge or “DR.J.” By detecting key events on the board through performance circuitry, DR.J provides an alternative to transporting equipment to in-person competitions and serves as a portable test and data generation system that captures and grades performances making comparisons less expensive. Data collected are automatically published on a web dashboard that provides a living performance benchmark that can visualize improvements in real-world manipulation skills of robot platforms over time across the globe. In this paper, we share the results of a proof-of-concept electronic task board with industry-inspired tasks used in an international competition in 2021 and 2022 to benchmark localization, insertion, and disassembly tasks. We present data from 10 DR.J task boards, a method to derive Relative Task Complexity (RTC) from timing data, and compare robot solutions with a human performer. In the best case, robots performed 9× faster than humans in specialized tasks but achieved only 16% of human speed across the full set of tasks. Finally, we present the modular design, instructions, and software to replicate the electronic task board or to adapt it to new use cases to promote task-centric benchmarking.",,16,IEEE Robotics & Automation Magazine,"Munich Institute of Robotics and Machine Intelligence, Technical University of Munich, Munich, Germany",iee_dec_rob
IEEE Xplore,815341,10.1109/ETFA.1999.815341,Conferences,An active object recognition system for disassembly tasks,U. Buker; S. Drue; N. Gotze; G. Hartmann; B. Kalkreuter; R. Stemmer; R. Trapp,1999,"Recycling of used products is of increasing importance in a society that becomes aware of its responsibility for the environment. Thus, the automatic disassembly in recycling processes will be of increasing importance within the next decade. In this paper, we motivate the use of vision-based control of robot manipulators in an autonomous disassembly station. For this purpose, we present an active object recognition and measurement system based on a stereo head with four mechanical and six optical degrees of freedom. The system has been successfully tested for the task of automatically unbolting wheels from unknown used cars.",,5,1999 7th IEEE International Conference on Emerging Technologies and Factory Automation. Proceedings ETFA '99 (Cat. No.99TH8467),"Heinz Nixdorf Institute, Department of Electrical Engineering, University of Paderborn, Paderborn, Germany",iee_dec_rob
IEEE Xplore,11019493,10.1109/ICAACE65325.2025.11019493,Conferences,Research on Optimization Generation Methods for Test Scenarios of UAV Mission Replanning Capability,Shuoye Han; Zhiqiang Fan,2025,"As mission environments grow increasingly complex and uncertain, there is a pressing need for comprehensive, systematic, and scientific testing and evaluation of unmanned aerial vehicle (UAV) intelligence. Task re-planning capability, a key metric for assessing UAV intelligence, relies heavily on the design of test scenarios, which directly impacts the accuracy and efficiency of evaluation outcomes. This paper proposes a test scenario generation method for UAV task re-planning capability based on proximal optimization algorithms. By integrating rule constraints and a model-driven approach, the method enables efficient generation and optimization of test scenarios. The introduction of rules and network models allows for the rapid construction of diverse and complex mission environments, significantly enhancing testing efficiency. Experimental results demonstrate that the proposed method excels in scenario diversity and test coverage, providing robust technical support for the evaluation of UAV task re-planning capabilities.",,0,2025 8th International Conference on Advanced Algorithms and Control Engineering (ICAACE),"Artificial Intelligence Institute of China Electronics Technology Group Corporation, Beijing, China",iee_dec_rob
IEEE Xplore,11163846,10.1109/CASE58245.2025.11163846,Conferences,Task-Context-Aware Diffusion Policy with Language Guidance for Multi-task Disassembly,Jeon Ho Kang; Sagar Joshi; Neel Dhanaraj; Satyandra K. Gupta,2025,"Diffusion-based policy learning has shown strong performance across diverse robotic tasks, often achieving high success rates. However, real-world deployment requires more than task success—it demands efficient execution and the ability to handle complex environments. In many assembly and disassembly settings, a single scene contains multiple potential task goals. This can confuse learned policies, leading to ambiguous behavior. Enabling explicit task selection via natural language is thus crucial for robust and flexible operation. In this paper, we address two key challenges: (1) improving task execution efficiency by structuring tasks into distinct sub-task modes using language, and (2) resolving goal ambiguity by allowing human operators to specify desired tasks through natural language commands. We further introduce an adaptive parameter selection mechanism that adjusts reliance on different sensory modalities depending on the active sub-task. We evaluate our approach on the NIST Task Board, a representative benchmark with multiple co-located task goals. Our method improves execution speed by 57% and increases task success rate by 19% compared to baseline approaches. Demonstration videos are available at: https://rros-lab.github.io/task-aware-diffusion/.",,0,2025 IEEE 21st International Conference on Automation Science and Engineering (CASE),"University of Southern California, Los Angeles, CA, USA",iee_dec_rob
IEEE Xplore,7962162,10.1109/LRA.2017.2720850,Journals,A Novel Wearable Haptic Controller for Teleoperating Robotic Platforms,Juan Manuel Jacinto-Villegas; Massimo Satler; Alessandro Filippeschi; Massimo Bergamasco; Matteo Ragaglia; Alfredo Argiolas; Marta Niccolini; Carlo Alberto Avizzano,2017,"This letter presents a novel wearable haptic controller (WHC) system suitable for teleoperation of demolition machines and robotic platforms. With regard to existing operator controller unit composed by passive joysticks, the WHC has been designed to provide force feedback to the user, hence improving the user performance during the teleoperation of different robotic platforms and the interaction with the environment on the remote construction sites. The haptic feedback is provided through two compact parallel kinematic (CPK) interfaces that will be presented within the paper. The CPK implements a novel variant of the Delta kinematics which allows minimizing the radial encumbrance while preserving same operational workspace. In addition, we propose a new interaction modality that provides users the feeling of directly maneuvering the end-effector of the demolition machine. Finally, the architecture of the proposed system is presented and the results of some preliminary evaluation tests are discussed. The experiments have been performed in simulated environments and on a real machine.",,26,IEEE Robotics and Automation Letters,"Perceptual Robotics Laboratory, Scuola Superiore Sant’Anna, Pisa, Italy",iee_dec_rob
IEEE Xplore,282546,10.1109/70.282546,Journals,A temporal framework for assembly sequence representation and analysis,Kiam Tian Seow; R. Devanathan,1994,"A unifying temporal logic framework is proposed for modeling, specifying, and analyzing mechanical assembly sequences. Propositional temporal logic of Manna and Pneuli is the assertion language used for representing and analyzing all constraints or conditions that assembly sequences must satisfy. The generalization of the existing representations through the proposed framework is demonstrated. A new concept of reverse-equivalence, relating assembly and disassembly forms of knowledge, is introduced. It is shown that existing and new assembly sequence properties can be formulated and rigorously proved via mechanical theorem proving based on two assembly process-axioms, and the language inference rules and theorems. Comparison of the proposed framework with the existing representation schemes highlights the main strengths of the proposed framework, viz., temporal expressiveness, strong mechanical manipulation capability and precise formalism. The implementation of the framework on an IPC SUN SPARC workstation using Quintus Prolog for automatic generation of assembly sequences is described. A simple example illustrates the use of the proposed framework for representation, evaluation and selection of feasible assembly sequences.<>",,26,IEEE Transactions on Robotics and Automation,"School of Electrical and Electronic Engineering, Nanyang Technological University, Singapore",iee_dec_rob
IEEE Xplore,10182324,10.1109/LCOMM.2023.3294931,Journals,Age of Information Outage Probability Analysis for Computation Offloading in IIoT Networks,Tan Zheng Hui Ernest; A. S. Madhukumar,2023,"In this letter, the performance characterization of outage probability and age of information (AoI) for computation offloading in multi-access edge computing (MEC)-enabled industrial Internet-of-Things (IIoT) networks is investigated. Through newly obtained cumulative density functions of signal-to-interference-plus-noise ratios in the MEC-enabled IIoT network, closed-form AoI outage probability expressions are derived for MEC-based computation offloading (MEC-CO) and cloud-only computation offloading (CLD-CO) protocols assuming Rician fading, base station locations modeled as binomial point processes, and Gamma distributed delays in the wired backhaul. Suitable communication radius and task sizes to enable reliable computation offloading in both rural and urban IIoT scenarios are identified for both MEC-CO and CLD-CO through extensive analysis, where it is shown that MEC-CO attains superior AoI performance over CLD-CO.",,12,IEEE Communications Letters,"Advanced Remanufacturing and Technology Centre, Agency for Science, Technology and Research, Jurong West, Singapore",iee_dec_rob
IEEE Xplore,11163830,10.1109/CASE58245.2025.11163830,Conferences,Embodied Intelligence in Disassembly: Multimodal Perception Cross-valiation and Continual Learning in Neuro-Symbolic TAMP,Ziwen He; Zhigang Wang; Yanlong Peng; Pengxu Chang; Hong Yang; Ming Chen,2025,"With the rapid development of the new energy vehicle industry, the efficient disassembly and recycling of power batteries have become a critical challenge for the circular economy. In current unstructured disassembly scenarios, the dynamic nature of the environment severely limits the robustness of robotic perception, posing a significant barrier to autonomous disassembly in industrial applications. This paper proposes a continual learning framework based on Neuro-Symbolic task and motion planning (TAMP) to enhance the adaptability of embodied intelligence systems in dynamic environments. Our approach integrates a multimodal perception cross-validation mechanism into a bidirectional reasoning flow: the forward working flow dynamically refines and optimizes action strategies, while the backward learning flow autonomously collects effective data from historical task executions to facilitate continual system learning, enabling self-optimization. Experimental results show that the proposed framework improves the task success rate in dynamic disassembly scenarios from 81.9% to 100%, while reducing the average number of perception misjudgments from 3.389 to 1.128. This research provides a new paradigm for enhancing the robustness and adaptability of embodied intelligence in complex industrial environments.",,0,2025 IEEE 21st International Conference on Automation Science and Engineering (CASE),"School of Mechanical Engineering, Shanghai Jiao Tong University, Shanghai, China",iee_dec_rob
IEEE Xplore,1217194,10.1109/ISATP.2003.1217194,Conferences,Efficient assembly sequence planning using stereographical projections of C-space obstacles,U. Thomas; M. Barrenscheen; F.M. Wahl,2003,"This paper presents a new assembly planner, which is based on stereographical projections of C-Space obstacles. The assembly planner applies the well-known assembly-by-disassembly strategy. The complete geometric feasible AND/OR-graph is built. For testing separability a new very fast approach has been implemented with the advantage of direct hardware support. The entire AND/OR-graph is valuated with respect to two criteria: separability and parallelism. We have generated example assembly plans for realistic industrial assemblies, which are modelled with more than two thousand triangles. Despite the fact of high model complexity, we can achieve reasonable computation times.",,29,"Proceedings of the IEEE International Symposium onAssembly and Task Planning, 2003.","Institute for Robotics and Process Control, Technical University of Braunschweig, Brunswick, Germany",iee_dec_rob
IEEE Xplore,5779678,10.1109/AUV.2010.5779678,Conferences,Re-construction of an AUV as a platform for oceanographic research and a test bed for implementation of control systems based on neurobiological networks,Javier Busquets; Antonio Guerrero; Javier Gilabert; Francisco García-Córdova,2010,"This work considers the re-design of an autonomous underwater vehicle (AUV) in which an innovative, neurobiological inspired sensorization control system is being implemented. Hardware architecture and sensorization control software are being developed to allow autonomous navigation procedures for submarine vehicles. After the refurbishment of the vehicle and the update of its control system, the ROV is able to load CTD sensors, chlorophyll, turbidity, optical dissolved oxygen (YSI V6600 sonde) and nitrate analyzer (SUNA) together with ADCP, side scan sonar and video camera, in a flexible configuration to provide a water quality monitoring platform with mapping capabilitiesi.",,3,2010 IEEE/OES Autonomous Underwater Vehicles,"Underwater Vehicles Laboratory, Technical University of Cartagena, Cartagena, Spain",iee_dec_rob
IEEE Xplore,8932771,10.1109/ISMSIT.2019.8932771,Conferences,The Design and Development of an Extrusion System for 3D Printing Cementitious Materials,Abdulrahman Albar; Mohammad Rafiq Swash; Seyed Ghaffar,2019,"Additive manufacturing (AM), popularly known as `3D printing', is a manufacturing technique that builds physical 3D objects layer by layer using materials such as polymers, metals, and cementitious composites. The widespread popularity of additive manufacturing in most industries ranging from biomedical to aerospace suggests a revolution in manufacturing which has recently emerged to the construction sector. Considered as the future of construction, AM is used in 3D concrete printing due to its benefits in reducing the waste and contributing towards circular economy goals through the use of recovered waste materials from demolition sites. This paper presents an active extrusion system for the 3D printing of cementitious materials for the construction industry. The system has been designed from first principles and therefore can be extended to other materials and scaled up with slight hardware modifications. A robust design has been realized using an unconventional yet simplistic approach. The extrusion system uses some additions to the design to generate a consistent output of material throughout a print. The effectiveness of the extruder is demonstrated through an extensive printing and testing of various printed objects.",,7,2019 3rd International Symposium on Multidisciplinary Studies and Innovative Technologies (ISMSIT),"dept. Electronic and Electrical Engineering, Brunel University, London Uxbridge, United Kingdom",iee_dec_rob
IEEE Xplore,99967,10.1109/ROBOT.1989.99967,Conferences,A correct and complete algorithm for the generation of mechanical assembly sequences,L.S. Homem de Mello; A.C. Sanderson,1989,"The authors present an algorithm for the generation of mechanical assembly sequences and a proof of its correctness and completeness. The algorithm uses a relational model which describes the geometry of the assembly and the attachments that bind one part to another. The problem of generating the assembly sequences is transformed into the problem of generating disassembly sequences, in which the disassembly tasks are the reverse of feasible assembly tasks. This transformation leads to a decomposition approach in which the problem of disassembling one assembly is decomposed into distinct subproblems, each involving the disassembly of one subassembly. It is assumed that at each assembly task exactly two subassemblies are mated and that all contacts between the parts in the two subassemblies are established. The algorithm yields an AND/OR graph representation of assembly sequences. The correctness of the algorithm is based on the assumption that it is always possible to decide correctly whether two subassemblies can be joined based on geometrical and physical criteria. An approach to compute this decision is given, and bounds for the amount of computation required are presented.<>",,45,"Proceedings, 1989 International Conference on Robotics and Automation","The Robotics Institute, Carnegie Mellon University, Pittsburgh, PA, USA",iee_dec_rob
IEEE Xplore,10937189,10.1109/LRA.2025.3553689,Journals,Robotic Compliant Object Prying Using Diffusion Policy Guided by Vision and Force Observations,Jeon Ho Kang; Sagar Joshi; Ruopeng Huang; Satyandra K. Gupta,2025,"The growing adoption of batteries in the electric vehicle industry and various consumer products has created an urgent need for effective recycling solutions. These products often contain a mix of compliant and rigid components, making robotic disassembly a critical step toward achieving scalable recycling processes. Diffusion policy has emerged as a promising approach for learning low-level skills in robotics. To effectively apply diffusion policy to contact-rich tasks, incorporating force as feedback is essential. In this paper, we apply diffusion policy with vision and force in a compliant object prying task. However, when combining low-dimensional contact force with high-dimensional image, the force information may be diluted. To address this issue, we propose a method that effectively integrates force with image data for diffusion policy observations. We validate our approach on a battery prying task that demands high precision and multi-step execution. Our model achieves a 96% success rate in diverse scenarios, marking a 57% improvement over the vision-only baseline. Our method also demonstrates zero-shot transfer capability to handle unseen objects and battery types.",,13,IEEE Robotics and Automation Letters,"Viterbi School of Engineering, University of Southern California, Los Angeles, CA, USA",iee_dec_rob
IEEE Xplore,5535830,10.1109/MACE.2010.5535830,Conferences,Research on flexible cable geometric modeling technology in virtual maintenance based on VRML,Huang Mingji; Dong Xiuping,2010,"Aims to solve the geometric modeling problems of flexible cables for mechanical and electrical products in VRML environment in virtual maintenance, researching work is done by the means of VRML node technology and in the advance of its characteristics of autonomy, interactivity, realism, and network-support. Flexible cable models for virtual maintenance are established based on energy optimization method. Establishment of cable deformation energy equation, choice of B-Spline function and the treatment of external forces and constraints are also studied in this paper. A kernel framework of VRML program is given as well. A typical example of flexible cable product is displayed based on the program. This researching work will provide necessary foundations for virtual maintenance.",,3,2010 International Conference on Mechanic Automation and Control Engineering,"University of Science and Technology Beijing, Beijing, Beijing, CN",iee_dec_rob
IEEE Xplore,9636977,10.1109/ICECEM54757.2021.00055,Conferences,Research on Virtual Simulation Technology in Automotive Professional Culture,Fan Li,2021,"With the continuous development of science and technology, virtual simulation technology and began to participate in the automobile field, virtual simulation technology has attracted wide attention and favor. In recent years, virtual simulation technology and began to engage in the automotive field. This paper mainly discusses how good virtual simulation technology in the automobile industry.",,0,2021 International Conference on E-Commerce and E-Management (ICECEM),"Harbin Cambridge College, Harbin, China",iee_dec_rob
IEEE Xplore,7761186,10.1109/OCEANS.2016.7761186,Conferences,Stable Sliding PD Control for underwater gliders: Experimental results,Isabel Andrade-Bustos; Tomás Salgado-Jiménez; Luis G. García-Valdovinos; Manuel Bandala-Sánchez,2016,"In this paper we describe the mechanical and electronic design of KAY JUUL, an academic underwater glider, we also show the results from experimental tests developed in a pool. A Sliding PD Control scheme have been applied in the system, due to we don't know the parameters of the KAY JUUL yet, the control output variables were selected based on simulation results and theoretical analysis of the ROGUE, an academic glider developed by Princeton University. Satisfactory results were expected, have been achieved and are presented here.",,2,OCEANS 2016 MTS/IEEE Monterey,"Glider’s Refurbishment, Laboratory at CIDESI, Santiago de Querétaro, México",iee_dec_rob
IEEE Xplore,7593363,10.1109/TMECH.2016.2618912,Journals,Stability-Guaranteed Impedance Control of Hydraulic Robotic Manipulators,Janne Koivumäki; Jouni Mattila,2017,"In challenging robotic tasks, high-bandwidth closed-loop control performance of the system is required for successful task completion. One of the most critical factors inhibiting the wide-spread use of closed-loop contact control applications has been the control system stability problems. To prevent unstable system behavior, the need for rigorously addressed manipulator dynamics is substantial. This is because the contact dynamics between a manipulator and its environment can be drastic. In this paper, a novel Cartesian space impedance control method is proposed for hydraulic robotic manipulators. To address the highly nonlinear dynamic behavior of the hydraulic manipulator, the system control is designed according to the subsystem-dynamics-based virtual decomposition control (VDC) approach. The unique features of VDC (virtual power flow and virtual stability) are used to analyze the interaction dynamics between the manipulator and the environment. Based on the desired impedance parameters and stability analysis, an explicit method to design the control gains for the proposed impedance control law is developed. The $\boldsymbol {L}_2$  and $\boldsymbol {L}_\infty$ stability is guaranteed in both free-space motions and constrained motions. Experimental results demonstrate that the hydraulic robotic manipulator is capable of adjusting its dynamic behavior accurately in relation to the imposed target impedance behavior. This provides compliant system behavior, which is needed in many dynamically challenging robotic tasks.",,110,IEEE/ASME Transactions on Mechatronics,"Department of Intelligent Hydraulics and Automation, Tampere University of Technology, Tampere, Finland",iee_dec_rob
IEEE Xplore,10683346,10.1109/VTC2024-Spring62846.2024.10683346,Conferences,Mean Peak Age of Information Analysis of Energy-Aware Computation Offloading in IIoT Networks,Tan Zheng Hui Ernest; A S Madhukumar,2024,"The mean peak age of information (PAoI) of computation offloading in multi-access edge computing (MEC) enabled industrial Internet-of-Things (IIoT) networks is investigated in this paper. Specifically, the mean PAoI and average energy consumption of energy-aware computation offloading (ECO) and cloud-only (CL) computation offloading are derived in closed-form. Numerical and simulation results show that the mean PAoI and average energy consumption of the ECO and CL strategies are dependent on the task generation rate and local computation capability experienced in the MEC-enabled IIoT networks. Specifically, the ECO strategy is shown to achieve lower mean PAoI even at high task generation rates in the MEC-enabled IIoT network. Furthermore, we show that the ECO strategy achieves lower average energy consumption than the CL strategy even when local computing capability in the MEC-enabled IIoT network is limited.",,1,2024 IEEE 99th Vehicular Technology Conference (VTC2024-Spring),"Advanced Remanufacturing and Technology Centre, Agency for Science, Technology and Research, Singapore",iee_dec_rob
IEEE Xplore,10168706,,Books,5 Control of Mobile Manipulator with Object Detection for EOD Applications,Mukul Kumar Gupta; Vinay Chowdary; C. S. Meera,2023,"Industry 4.0 is used interchangeably with the fourth industrial revolution and represents a new stage in the organization and control of the industrial value chain. Cyber-physical systems form the basis of Industry 4.0 (e.g., &#x2018;smart machines&#x2019;). They use modern control systems, have embedded software systems, be addressed via IoT (the Internet of Things), and may use extensive data analytics and/or artificial intelligence systems to operate autonomously. The aim of this book is to provide detailed insights into the state of art techniques in AI, IoT, Blockchain technology and associated technologies which play a vital role in the implementation of a successful project for upcoming and practicing engineers. Owing to its multidisciplinary nature, Industry 4.0 is not a single topic but a combination of a multitude of technologies from different domains. Keeping this in mind the book includes the following topics: &#x2022; Artificial intelligence &#x2022; Internet of things &#x2022; Blockchain technology &#x2022; Digital manufacturing &#x2022; Robotics &#x2022; Cybersecurity. The book will be a comprehensive guide to academicians, engineers who want to align with recent trends of fourth industrial revolution.",,0,Recent Trends and Best Practices in Industry 4.0,"School of Engineering, University of Petroleum and Energy Studies, India",iee_dec_rob
IEEE Xplore,8758182,10.1109/LRA.2019.2926680,Journals,Design and Control of Aerial Modules for Inflight Self-Disassembly,David Saldaña; Parakh M. Gupta; Vijay Kumar,2019,"Robotic modular systems have the ability to create and break physical links to self-assemble larger custom robots for general tasks. In case of changes in the task or the environment, they can dynamically self-adapt by self-reconfiguring during the mission. However, applying these concepts to flying vehicles is still a challenge. In this letter, we present a novel modular design based on a quadrotor platform that uses a lightweight passive mechanism to dock and undock in midair. Using this mechanism and a control strategy, we can divide a rectangular structure into two sub-structures during the flight. The undocking action can be sequentially applied to disassemble structures into individual modules. Since self-assembly methods for aerial vehicles have been proposed in the literature, here we focus on the self-disassembly process. We validate our undocking method and self-disassembly algorithm through experiments with actual modules. We highlight that combining our proposed self-disassembly algorithm and existing self-assembly algorithms, aerial modules are able to perform inflight self-reconfiguration.",,48,IEEE Robotics and Automation Letters,"University of Pennsylvania, Philadelphia, PA, US",iee_dec_rob
IEEE Xplore,10632907,10.1109/ICMA61710.2024.10632907,Conferences,Design of a multifunctional end-effector for robotic replacement of TBM disc cutters,Jinshu Zhou; Qiang Yang; Liang Du; Zhengtao Hu; Sheng Bao; Jianjun Yuan; Jintao Xie; Meng Li; Weidong Wang,2024,"The robotic replacement of disc cutters in tunnel boring machine (TBM) is imperative for maintenance tasks' safety and efficiency. One major challenge is to managing the complex and cumbersome fastening components of disc cutters. This paper introduces a multifunctional end-effector that can grip a combined wrench to facilitate the alignment, fastening, and unfastening of cutter bolts, as well as grip the disc cutter. An integrated cutter house design eliminates the need for the robot to handle small bolts and nuts during remote operations. Additionally, a two-segment bolt design aids in the peg-in-hole procedure, ensuring a high success rate for robotic torque wrench alignment with the main fastening bolt. An alignment strategy for remote robot control is also proposed. We constructed a full-scale mock-up of the TBM disc cutter with the proposed cutter house structure to validate the proposed design and methods. Preliminary experimental results demonstrate the effectiveness of the system's mechanism and strategy in facilitating the swift assembly and disassembly of heavy disc cutters during replacement processes.",,0,2024 IEEE International Conference on Mechatronics and Automation (ICMA),"Shanghai Key Laboratory of Intelligent Manufacturing and Robotics, Shanghai University, Shanghai, China",iee_dec_rob
IEEE Xplore,10062035,10.1109/IAECST57965.2022.10062035,Conferences,Improved Simulated Annealing Algorithm for Scheduling of Multi-load AGV Workshop with Limited Buffer Capacity,Zishi Wang; Jinchang Hu; Yaohua Wu; Yanyan Wang,2022,"To solve the problem of multi-load AGV workshop scheduling with limited buffer capacity, a simulated annealing algorithm based on key job strategy and iterative greedy (SAKIG) is proposed for minimizing the maximum completion time. In SAKIG, with the simulated annealing algorithm (SA) as the basic framework, an Improved Interval insertion NEH (IINEH) is proposed for the initial solution, a key job strategy is designed for neighborhood search, iterative greedy algorithm (IG) is introduced for far neighborhood search. Simulation experiments demonstrate IINEH is superior over other NEH rules, IINEH as initial solution and key job strategy are valid, SAKIG is superior over other heuristic algorithms and SAKIG has more advantages in the problems of large number of machines and large limited buffer capacity.",,1,2022 4th International Academic Exchange Conference on Science and Technology Innovation (IAECST),"School of Control Science and Engineering, Shandong University, Jinan, China",iee_dec_rob
IEEE Xplore,10339715,10.1002/9781394181513.ch8,Books,Forest Industry,Jari Collin; Jarkko Pellikka; Jyrki T. J. Penttinen,2024,"This case study research represents a forest industry where continuous productivity improvements in process automation are at the core of competitive production and safety operations. Mets&#xe4; Group stands for the Finnish forestry industry, and the case study focused on opportunities and barriers of 5G to improve productivity in modern bioproduct mill operations. A key question in applying 5G is how to improve the efficiency of bioproduct mill operations in production, maintenance, and safety. The forestry industry is using 5G to connect and control robots and other machinery in real time, enabling more efficient and productive operations. Three use cases are studied: (1) automated guided vehicles (AGVs) for process automation, (2) On&#x2010;demand site monitoring, and (3) digital maintenance support. New opportunities and barriers for implementing industrial 5G are analyzed in detail.",,0,5G Innovations for Industry Transformation: Data-driven Use Cases,"Aalto University, Finland",iee_dec_rob
IEEE Xplore,11011122,10.1109/ICRCA64997.2025.11011122,Conferences,Research on Obstacle Avoidance Trajectory for Robots Based on RRT Algorithm,Jiaran Wang; Pengfei Sun; Rao Yao; Dazhong Wang,2025,"Aerospace engine blade remanufacturing technology requires intelligent adaptive techniques for support. Due to the complexity of the operating environment and the demand for intelligence, in order to maximize machining efficiency, avoid collisions, and adapt to different blade shapes and sizes, as well as to enhance production flexibility, research emphasis should be placed on path planning. Through robotic path planning, it is possible to effectively optimize the machining path, reduce the movement time of the robot during the machining process, improve machining efficiency, and reduce the machining cycle. This paper first introduces the traditional rapidly exploring random tree (RRT) algorithm and the RRT* algorithm, and proposes an improved RRT* algorithm to address the shortcomings of these two algorithms. It first introduces the improved RRT* algorithm and proposes three improvement strategies. Then, it conducts simulations in two-dimensional space and validates its effectiveness in two map environments. Finally, the paper models a robotic arm on the MATLAB software platform, simulates the path smoothing planning of the robotic arm, thereby verifying the feasibility and superiority of the algorithm.",,0,"2025 9th International Conference on Robotics, Control and Automation (ICRCA)","School of Mechanical and Automotive Engineering, Shanghai University of Engineering Science, Shanghai, China",iee_dec_rob
IEEE Xplore,7549069,10.1109/MRA.2016.2580479,Magazines,"Soft Robotic Blocks: Introducing SoBL, a Fast-Build Modularized Design Block",Jun-Young Lee; Woong-Bae Kim; Woo-Young Choi; Kyu-Jin Cho,2016,"This article presents a new, modularized design concept based on a bottom-up approach to assembly. This concept enables the structures and motions of soft robots to be rapidly revised to create new designs that can accomplish different tasks. We designed three basic types of pneumatically actuated soft modules, called soft robotic blocks (SoBL), that implement a single motion each (translation, bending, or twisting), which, when assembled, create structures capable of various motions. We introduce three types of connection mechanisms-screw thread, push fitting, and bistable junction-that can be used with any of the modules and that are designed to make for easy assembly and disassembly. Units were fabricated by multimaterial threedimensional (3-D) printing or silicone molding.",,83,IEEE Robotics & Automation Magazine,"Department of Mechanical and Aerospace Engineering, Seoul National University, Republic of Korea",iee_dec_rob
IEEE Xplore,11077649,10.1109/WFCS63373.2025.11077649,Conferences,DeSiRe-NG: An Architecture for Autonomous and Assisted 5G Network Measurement and Emulation,Simon Welzel; Niels Hendrik Fliedner; Maxim Friesen; Christian Tismer; Philip Mildner; Syed Abdullah Rizvi; Claudius Noack; Lukas Dalhoff; Henning Trsek; Florian Klingler,2025,"5G (and beyond) cellular networks have gained much attraction in the past for various application domains in context of industry automation, autonomous and cooperative mobility, as well as smart cities. A main commonality of those use cases is their strong reliance on specific Quality-of-Service (QoS) metrics, which are crucial for seamless operation of those applications. This especially holds true for 5 G use cases in the aviation domain, where a prominent application is the Virtual Table Inspection (VTI) - a process in which aircraft maintenance, disassembly, and reassembly are continuously monitored in real time via high-quality video and audio streams, enabling end-to-end tracking of quality control for all aircraft components. Providing concurrent high-quality video streams requiring high data rates and low latencies together with guaranteed packet delivery ratios is a main challenge of 5 G networks - that particularly holds for 5 G campus networks which are often difficult to scale. Our project DeSiRe-NG tackles exactly these shortcomings by providing a versatile architecture to detect under-performance of 5G networks. Further, our proposed architecture allows to generate the Digital Twin (DT) of a 5G network’s QoS, which helps to improve the research and development process of novel networking architectures and applications, as well as aid the continuous supervision of a network. In a first proof of concept study, we present the functionality of our system in an industrial environment.",,0,2025 IEEE 21st International Conference on Factory Communication Systems (WFCS),"Dept. of Computer Science and Automation, TU, Ilmenau, Germany",iee_dec_rob
IEEE Xplore,4681480,10.1109/RAMECH.2008.4681480,Conferences,The optimization of an autonomous real-time process using curve fitting signature signal,Mongkorn Klingajay; Sirisorn Mitranon,2008,"The thread fastening operations have been used for decades with the purpose of joining one component to another. Its tasks are popular because they permit easy to disassembly for maintenance, relocation and recycling. The threaded fastening process is typically carried out manually since it is very difficult problem to automate. As a result, there is very little published research on automating threaded fastenings. This paper investigates the problem of automated monitoring on the screw insertion process. The monitoring problem deals with predicting integrity of a threaded insertion, based on the torque vs. insertion depth curve generated during the insertions. The authors have developed an analytical model to predict the torque signature signals during self-tapping screw fastening. The proposed strategy is integrated with the automating threaded assembly system. The monitoring task needs to be identified and fitted the required signal from the online and optimization process. Its results are shown with up-to five insertion stages can be identified over three different fasteners.",,0,"2008 IEEE Conference on Robotics, Automation and Mechatronics","Industrial Education Faculty, Rajamangala University of Technology Thanyaburi, Pathum Thani, Thailand",iee_dec_rob
IEEE Xplore,8843319,10.1109/COASE.2019.8843319,Conferences,Welding Process Monitoring Applications and Industry 4.0,Michalis Benakis; Chunling Du; Alin Patran; Richard French,2019,"With the fourth industrial revolution in progress, traditional manufacturing processes are being transformed. Fusion welding is no exception from this transformation. The centuries-old manual craft is being reshaped by cyber-physical systems, turning into a digitized process governed by industrial informatics. By implementing process monitoring in welding applications invaluable data are collected that can be utilized in the new, futuristic smart factories of Industry 4.0. In this article two purposes are being served. The first is to present the status quo alongside the future trends of welding process monitoring on industrial implementation. The second is to present the results of an ongoing investigation of robotic Gas Tungsten Arc Welding (GTAW) monitoring for defect detection and characterization. Deviations from the optimal values in three welding conditions (surface integrity, shielding gas flow rate and surface contamination) were introduced during stainless steel 316L beads-on-plates welding. Acquired data during the welding process were used to extract features in order to identify correlations between the disturbances and the monitored signals.",,11,2019 IEEE 15th International Conference on Automation Science and Engineering (CASE),"Physics and Astronomy Department, University of Sheffield, UK",iee_dec_rob
IEEE Xplore,9976078,10.1109/INDIN51773.2022.9976078,Conferences,Inertial Measurement Unit based Human Action Recognition Dataset for Cyclic Overhead Car Assembly and Disassembly,Jan Kuschan; Hristo Filaretov; Jörg Krüger,2022,"Motion datasets in industrial environments are essential for the research on human-robot interaction and new exoskeleton control. Currently, a lot of Activities of Daily Living (ADL) datasets are available for researchers, but only a few target an industrial context. This paper presents a dataset for a semi-industrial Overhead Car Assembly (OCA) task consisting of synchronized video and 9-Degrees of Freedom (DOF) Inertial Measurement Unit (IMU) data. The dataset was recorded with a soft-robotic exoskeleton equipped with 4 IMUs covering the upper body. It has a minimum sampling rate of 20 Hz, lasts approximately 360 minutes and comprises of 282 cycles of a realistic industrial assembly task. The annotations consist of 6 mid-level actions and an additional Null class. Five different test subjects performed the task without specific instructions on how to assemble the used car shielding. In this paper, we describe the dataset, set guidelines for using the data in supervised learning approaches, and analyze the labeling error caused by the labeler onto the dataset. We also compare different state-of-the-art neural networks to set the first benchmark and achieve a weighted F1 score of 0.717.",,3,2022 IEEE 20th International Conference on Industrial Informatics (INDIN),"Process Automation and Robotics, Fraunhofer Institute for Production Systems and Design Technology (IPK), Berlin, Germany",iee_dec_rob
IEEE Xplore,11334010,10.1109/TITS.2025.3649489,Journals,Collision Avoidance Decision-Making Method for Unmanned Surface Vehicles Considering Uncertain Navigation Intent of Target Ships,Yuqin Li; Defeng Wu; Guoqiang Li; Zhenhong Fan; Zhi-Ming Yuan,2026,"In complex and dynamic maritime environments, the uncertain navigation intent of target ships (TS) poses a significant challenge for the collision avoidance strategies of unmanned surface vehicles (USVs). To address above issue, an autonomous collision avoidance method that integrates recursive Bayesian estimation, a masked attention mechanism, and the soft actor-critic (SAC) algorithm is proposed in this paper. Specifically, the recursive Bayesian model is employed to estimate the navigation intentions of TS in real time, for enabling the construction of intent-aware state representations that enhance the modeling capability for uncertain target behaviors. In addition, a maximum target count is predefined, and the masked attention mechanism is incorporated into the actor and critic networks of SAC to resolve the mismatch between the fixed input dimensionality of neural networks and the dynamically varying number of TS. Simulation demonstrates that the proposed method outperforms traditional collision avoidance methods and other state-of-the-art deep reinforcement learning (DRL)-based strategies in terms of key performance metrics such as collision avoidance success rate, minimum distance, and average risk. Furthermore, real-field experiments validate the proposed method’s adaptability to real-world maritime environments and its potential for practical deployment.",,0,IEEE Transactions on Intelligent Transportation Systems,"School of Marine Engineering, Jimei University, Xiamen, China",iee_dec_rob
IEEE Xplore,8978478,10.1109/LRA.2020.2970949,Journals,Planning Maximum-Manipulability Cutting Paths,Tommaso Pardi; Valerio Ortenzi; Colin Fairbairn; Tony Pipe; Amir Masoud Ghalamzan Esfahani; Rustam Stolkin,2020,"This letter presents a method for constrained motion planning from vision, which enables a robot to move its end-effector over an observed surface, given start and destination points. The robot has no prior knowledge of the surface shape, but observes it from a noisy point cloud. We consider the multi-objective optimisation problem of finding robot trajectories which maximise the robot's manipulability throughout the motion, while also minimising surface-distance travelled between the two points. This work has application in industrial problems of rough robotic cutting, e.g., demolition of legacy nuclear plant, where the cut path needs not be precise as long as it achieves dismantling. We show how detours in the path can be leveraged to increase the manipulability of the robot at all points along the path. This helps to avoid singularities, while maximising the robot's capability to make small deviations during task execution. We show how a sampling-based planner can be projected onto the Riemannian manifold of a curved surface, and extended to include a term which maximises manipulability. We present the results of empirical experiments, with both simulated and real robots, which are tasked with moving over a variety of different surface shapes. Our planner enables successful task completion, while ensuring significantly greater manipulability when compared against a conventional RRT* planner.",,28,IEEE Robotics and Automation Letters,"Extreme Robotics Lab (ERL), University of Birmingham, Birmingham, U.K.",iee_dec_rob
IEEE Xplore,929059,10.1109/ISATP.2001.929059,Conferences,A look at self-balancing manufacturing lines through theory of hybrid dynamical systems,A. Bratcu; J.M. Henrioud; V. Minzu,2001,"The ""bucket brigades"" belong to a particular class of manufacturing lines governed by some typical rules that ensure their self-balancing. Such lines can be configured to be spontaneously and maximally productive and to autonomously maintain their steady optimal production rate. It is said that these lines behave stationary at balancing themselves. Due to this property, the design of such lines avoids the difficulty of solving the classical assembly line balancing problem. In this paper it is presented a systemic approach of the self-balancing manufacturing lines. In a previous work of Bratcu et al. (1999) simulation has shown that their state trajectories are piecewise continuous in between occurrences of certain discrete events. That is why such lines may be modeled as hybrid dynamical systems with autonomous switching and autonomous impulses (jumps). In this frame, an analysis of stability is also proposed. A sufficient condition to reach the stationary periodical behavior is proved.",,2,Proceedings of the 2001 IEEE International Symposium on Assembly and Task Planning (ISATP2001). Assembly and Disassembly in the Twenty-first Century. (Cat. No.01TH8560),"Department of Automatic Control, “Dunărea de Jos” University of Galaţi, Galaţi, ROMANIA",iee_dec_rob
IEEE Xplore,10458574,10.1109/ICRAE59816.2023.10458574,Conferences,Boosting Robot Intelligence in Practice: Enhancing Robot Task Planning with Large Language Models,Yisheng Zhang; Zhigang Wang; Shengmin Zhang; Yanlong Peng; Ming Chen,2023,"Task planning capabilities are crucial for intelligent robots to operate autonomously in the physical world. However, traditional Planning Domain Definition Language (PDDL) based methods often suffer from combinatorial explosion and unsat-isfactory planning time. In this paper, we propose enhancing robot task planning with large language models (LLMs) in an innovative way - using LLMs to guide the search process of PDDL planners rather than replacing PDDL planning completely. The LLMs guide the search process of PDDL planners with learned heuristics and provide constraint reasoning to reduce the search space. To address potential pitfalls of LLMs, a verification mechanism is added at the execution stage to validate plan correctness. We evaluated our method on a real scenario, end-of-life vehicle battery disassembly. Experimental results demonstrate that incorporating LLMs into the planning pipeline can significantly improve planning efficiency and scalability while maintaining plan validity. This research provides a promising direction towards integrating language models with classical approaches to boost robot intelligence for practical applications. The proposed framework makes a solid step forward in en-hancing the task planning capability of future intelligent robotic systems.",,6,2023 8th International Conference on Robotics and Automation Engineering (ICRAE),"School of Mechanical Engineering, Shanghai Jiaotong University, Shanghai, China",iee_dec_rob
IEEE Xplore,10040730,10.1109/LRA.2023.3243439,Journals,ARC Joint: Anthropomorphic Rolling Contact Joint With Kinematically Variable Torsional Stiffness,Seungyeon Kim; Eunho Sung; Jaeheung Park,2023,"As compliant joints not only compensate for the lack of actuated degrees of freedom of an under-actuated system and improve grasp stability but also prevent system failure from unexpected contacts, various types of compliant joints have been applied to end-effectors. Although joint compliance increases the success rate of power grasping, when the finger wraps around large objects, it can reduce the grasping success rate in pinch gripping when dealing with small objects using the fingertips. To overcome this drawback, we propose a novel rolling contact joint, anthropomorphic rolling contact joint, that mimicked the structures of the human finger joint, tongue-and-groove, and collateral ligaments. The anthropomorphic rolling contact joint can passively adjust the torsional stiffness according to the joint angle without additional weight and space. With the anthropomorphic rolling contact joint, flexing the fingers for pinch grasping increases torsional stiffness of the joints and improves grasping stability. In this study, the characteristics and performance of anthropomorphic rolling contact joints were experimentally analyzed by varying the tongue-and-groove shape. Furthermore, it was demonstrated that the three-finger gripper with high torsional stiffness stably grasps small objects in the pinch grasping posture. In addition, because it is easy to manufacture, an anthropomorphic rolling contact joint has advantages in terms of maintenance.",,9,IEEE Robotics and Automation Letters,"DYROS Lab, Graduate School of Convergence Science and Technology, Seoul National University, Seoul, Republic of Korea",iee_dec_rob
IEEE Xplore,292125,10.1109/ROBOT.1993.292125,Conferences,Development of an assembly planner using decomposition approach,K.-I. Huang,1993,"The development of an assembly planner which uses a decomposition approach for generating the best feasible assembly sequence plan is presented. Based on an assumption that the sequence of assembly is the reverse of that of disassembly, this process generates a disassembly sequence by decomposing final assembly into separated parts. In order to generate the assembly sequences without running into the dilemma of combinatorial explosion, procedures for finding the best feasible decompositions at each iteration of the process are needed. By applying the best feasible decomposition during the generation process, the best feasible disassembly sequence plan is thus generated and may be reversed into the assembly sequence.<>",,9,[1993] Proceedings IEEE International Conference on Robotics and Automation,"Department of Industrial Engineering, Da-Yeh Institute of Technology, Chungli, Taiwan",iee_dec_rob
IEEE Xplore,10737406,10.1109/JIOT.2024.3487913,Journals,MACU: A Multiagent Cache Updating Framework for IIoT Networks,Ritabrata Maiti; A. S. Madhukumar; Tan Zheng Hui Ernest,2025,"An important role played by industrial Internet of Things (IIoTs) networks is supporting the operations of autonomous mobile robots (AMRs) by leveraging multiple-access edge caching servers. At the same time, judicious content caching strategies are essential for minimizing content retrieval delays and the costs associated with updating caches. In this study, a novel multiagent reinforcement learning (MARL)-based cache update strategy termed multiagent cache update (MACU) is proposed. MACU leverages the multiagent deep deterministic policy gradient (MADDPG) framework and aims to optimize cache updates to reduce Age of Information (AoI), minimize events where AoI exceeds acceptable levels, and ensure that the costs associated with performing cache updates are kept low. Furthermore, to mitigate the computational complexity of training agents with MACU, the MACU with global critic (MACU-GC) variant is introduced, which diverges from traditional MADDPG by employing a singular global critic for enhanced training efficiency. Extensive numerical evaluations showcase the proposed strategies’ superiority over conventional deep reinforcement learning-based caching methods, achieving significant improvements in AoI costs, caching costs, and AoI violation costs, while effectively reducing content retrieval latency, enhancing hit rates, and optimizing AoI and link load metrics.",,5,IEEE Internet of Things Journal,"School of Computer Science and Engineering, Nanyang Technological University, Jurong West, Singapore",iee_dec_rob
IEEE Xplore,10623065,10.1109/ICC51166.2024.10623065,Conferences,CR-DDPG: Cache Refreshing for MEC Networks with DDPG,Ritabrata Maiti; A S Madhukumar; Tan Zheng Hui Ernest,2024,"In the context of the Industrial Internet of Things (IIoT), multiple access edge computing (MEC) enables the provision of computational resources closer to users. The work presented in this paper explores a common IIoT application scenario wherein autonomous mobile robots (AMR) operate in a MEC-enabled network and depend on multimedia content stored at the MEC servers over the course of operation. The age of information (AoI) metric is used to measure the freshness of the cached content from the perspective of the AMR. At the same time, the energy cost associated with refreshing the cache files is simultaneously considered as well. This paper delves into achieving an optimal trade-off between minimizing the weighted AoI cost and the energy expended for cache refreshing. We address this problem by introducing a cache refreshing-deep deterministic policy gradient (CR-DDPG) algorithm, a model-free deep reinforcement learning method, to optimize both AoI and energy usage. Various simulation studies are conducted to evaluate the proposed CR-DDPG algorithm, and the results demonstrate that CR-DDPG consistently outperforms its baseline counterparts, rendering it a robust approach for cache-refreshing in dynamic IIoT environments.",,3,ICC 2024 - IEEE International Conference on Communications,"School of Computer Science and Engineering, Nanyang Technological University, Singapore",iee_dec_rob
IEEE Xplore,9607127,10.1109/ICSTCC52150.2021.9607127,Conferences,CAS and IRM Integrated into a Multifunctional Flexible Manufacturing Technology on an A/D/RML,Dan Ionescu; Daniela Cernega; Razvan Șolea; Adrian Filipescu; Georgian Simion; Adriana Filipescu,2021,"The aim of this paper is to model, control and implement an assisting technology for a flexible assembly, disassembly and repair on a mechatronic line (A/D/RML), using autonomous robotic system (ARS), two robotic manipulators (RMs) and visual servoing system (VSS).The A/D/RML consists of 6-work stations (WS) mechatronics line (ML) connected to a flexible cell (FC) equipped with a 6-DOF ABB IRM industrial robotic manipulator (IRM) and a Complex Autonomous System (CAS)-used for manipulation and transport. The structure of the CAS consists of 2DW/1FW wheeled mobile robot (WMR) equipped with a 7-DOF robotic manipulator (RM). Sliding mode control (TTSMC) is used to control WMR. On the end effector of the RM, a mobile (eye in hand) visual servoing system (VSS) is mounted, used for precise positioning of RMs - to catch and release the workpiece. If the workpiece does not pass the quality test, the process handles it by transporting back from the storage unit to the flexible cell (FC) where it will be considered for reprocessing - repair or disassembling with recovery of replacement parts. The recovered or replaced components are taken over by the CAS from disassembling location and transported to the appropriate storage depots, to be reused in the further assembly processes. Technology operates synchronously with signals from sensors and from VSS “eye in hand” camera, located at the end effector of the RM. A hybrid PLC architecture is used-consists of 2 PLC controlled subsystems/ modules with specific tasks for all the manufacturing stages features both a decentralized, distributed architecture and a centralized architecture",,0,"2021 25th International Conference on System Theory, Control and Computing (ICSTCC)","Department of Automation and Electrical Engineering “Dunărea de Jos”, University of Galaţi Galati, Romania",iee_dec_rob
IEEE Xplore,928968,10.1109/ISATP.2001.928968,Conferences,Holonic controller and assembly task planning,N. Fujita,2001,"A next generation manufacturing system is strongly required to realize flexible and agile production. For this purpose the HMS Project of the IMS Program has discussed and prototyped a holonic manufacturing system composed of autonomous and cooperative objects called holons. The holonic controller is one of the prototyped systems based on the concept of the holonic manufacturing system. It is developed to construct a planning and control system of a shop and/or a cell, and experimentally applied to induction motor assembly planning. First, the holonic controller constructs a holonic system by generating holons from the given data. That is, it duplicates template holonic software, names it, and stores the respective data. Each holon has respective instruction decomposition ability and instruction allocation function to other holons through negotiation. Secondly, the holonic controller carries out given instructions by decomposing instructions in each holon and allocating decomposed instructions through negotiations to executable holons. The holonic controller can animate and monitor its processes on computer displays and the constructed holonic system can be checked. Assembly planning of induction motors is the first testbed for holonic controller. About 50 holons cooperating with each other can generate assembly plans, and the usefulness of the holonic controller is verified.",,2,Proceedings of the 2001 IEEE International Symposium on Assembly and Task Planning (ISATP2001). Assembly and Disassembly in the Twenty-first Century. (Cat. No.01TH8560),"Corporate Manufacturing Engineering Center, Toshiba Corporation, Yokohama, Japan",iee_dec_rob
IEEE Xplore,7271698,10.1109/OCEANS-Genova.2015.7271698,Conferences,Indian national student AUV competition: A success story,M. A. Atmanand; R. Venkatesan; R. Sundar; Jagadeesh Kadiyam,2015,"National Institute of Ocean Technology (NIOT), under the Ministry of Earth Sciences, along with IEEE OES and OSIs, conducts a national-level competition for students pursuing engineering degree to visualize and design an autonomous underwater vehicle. The conceptual basis for Student Autonomous underwater Vehicle (SAVe) is a highly mobile autonomous underwater vehicle (AUV) to be built based on engineering principles. This innovative initiative was launched in 2011 and so far NIOT had received 17,473 website hits, 257 registrations were made and 127 teams had submitted their Preliminary Design Reports (PDR) and 60 teams made oral presentation of Conceptual Design Reports (CDR) to improve their presentation and handle question and answer skills; 28 teams participated in the final competition and demonstrated their working and engineered AUVs at swimming pool. Most of the teams used 4–5 thruster configurations to have 6 DOF controlled by mostly Inertial Measurement Unit (IMU) interfaced with control unit (CPU) and powered by commercial LiPo battery packs. Till now, 3 teams had participated in International competition held at AUVSI foundation San Diego, USA and totally 8 prototypes of AUVs were developed by engineering students in India since year 2011. The aim of this competition was to involve young engineering students on the new frontiers of ocean technology and kindle their innovative thinking in this unexplored area of ocean environment and observation. The most common configuration of the student AUVs is that the linear dimensions of the AUVs are less than 1.5 m in length and weight is less than 35 kgs. The AUV design is a modular hydrodynamic hull structure and made up of acrylic material; mounted on Aluminium metallic frames. Many teams came up with modular thruster mounting frames which could help position the thrusters for good attitude control and this proved good stability of the vehicle against unwanted roll and pitch. All the teams were suggested to use maximum of 4 number of thrusters (for 6 degrees of freedom) to optimize the AUVs operation for considerable maneuverability with good energy efficiency and high endurance. Almost all the student AUVs get power supply from Lithium-Polymer (Li-Po) batteries with either 18.5 V or 11.1 V DC input to provide supply for the 19.1 V DC Thrusters and 12 V Mother Board. One of the most common features of the teams was Arduino microcontroller for controlling the thrusters interfaced with CPU. CPU configurations and capabilities of the teams processor speed varied from 1.6GHz to 2.1GHzsupported by 1GB or 2GB RAM. In fact, almost all the teams learned to use good quality web cameras for the underwater vision and image processing by placing them in sealed chambers. All the AUVs used face O-rings for the hulls for good sealing effect as well as for faster assembly and disassembly. Water resistant connectors were used to connect the AUV to supportive systems. The competition received overwhelming response from different institutions for which IEEE has come forward to extend financial support. The Office of Naval Research (ONR) also has shown interest to provide support for the competition to improve the awareness as well as encourage students in the field of underwater technologies.",,1,OCEANS 2015 - Genova,"National Institute of Ocean Technology, Chennai, Tamil Nadu, IN",iee_dec_rob
IEEE Xplore,5979801,10.1109/ICRA.2011.5979801,Conferences,Assembly and disassembly of magnetic mobile micro-robots towards deterministic 2-D reconfigurable micro-systems,Chytra Pawashe; Eric Diller; Steven Floyd; Metin Sitti,2011,"A primary challenge in the field of reconfigurable robotics is scaling down the size of individual robotic modules. We present a novel set of permanent magnet modules that are under 1 mm in all dimensions, called Mag-µMods, for use in a reconfigurable micro-system. The modules are actuated by oscillating external magnetic fields of several mT in strength, and are capable of locomoting on a 2-D surface. Multiple modules are controlled using an electrostatic anchoring surface, which selectively prevents specific modules from being driven by the external field, while allowing others to move freely. We model the processes of both assembling and disassembling two modules by analyzing the forces the modules experience, and experimentally verify the accuracy of the models. For disassembly, we employ electrostatic anchoring and externally applied magnetic torques to successfully separate the modules.",,6,2011 IEEE International Conference on Robotics and Automation,"Department of Mechanical Engineering, Carnegie Mellon University, Pittsburgh, PA, USA",iee_dec_rob
IEEE Xplore,10056167,10.1109/ICRAE56463.2022.10056167,Conferences,Agile Visual Programming of a Multi-robot Cyber-Physical System with Operator Interaction,Alberto Sartori; Christian Schlette,2022,"This paper presents an improvement of the Visual Programming experience for a multi-robot cyber-physical system used to support an operator in the manufacturing task of assembly and disassembly of injection molds. A Digital Twin of the robotic system is used to run simulations and subsequently control the physical components involved in the work cell, including a human-machine touchscreen interface called Operator Device. Other than improving the simulation with a visual update of the assembly, we introduce the use of ServiceNetworks to simplify the reuse of groups of blocks in the Visual Programming environment. ServiceNetworks can be used to describe complex and repetitive sub-tasks of the assembly, like screwing operations. To support the programming experience, we introduce a new interface to add ServiceNetworks and specify their properties. An experimental demonstration is presented to show the usage of the introduced tools and the derived advantages.",,3,2022 7th International Conference on Robotics and Automation Engineering (ICRAE),"SDU Robotics, Mærsk Mc-Kinney M¢ller Instituttet University of Southern Denmark, Odense, Denmark",iee_dec_rob
IEEE Xplore,11458772,10.1109/LRA.2026.3679227,Journals,Visual-Tactile Peg-in-Hole Assembly Learning From Peg-Out-of-Hole Disassembly,Yongqiang Zhao; Xuyang Zhang; Zhuo Chen; Matteo Leonetti; Emmanouil Spyrakos-Papastavridis; Shan Luo,2026,"Peg-in-hole (PiH) assembly is a fundamental yet challenging robotic manipulation task. While reinforcement learning (RL) has shown promise in tackling such tasks, it requires extensive exploration. In this paper, we propose a novel visual-tactile skill learning framework for the PiH task that leverages its inverse task, i.e., peg-out-of-hole (PooH) disassembly, to facilitate PiH learning. Compared to PiH, PooH is inherently easier as it only needs to overcome existing friction without precise alignment, making data collection more efficient. To this end, we formulate both PooH and PiH as Partially Observable Markov Decision Processes (POMDPs) in a unified environment with shared visual-tactile observation space. A visual–tactile PooH policy is first trained; its trajectories, containing kinematic, visual and tactile information, are temporally reversed and action-randomized to provide expert data for PiH. In the policy learning, visual sensing facilitates the peg–hole approach, while tactile measurements compensate for peg–hole misalignment. Experiments across diverse peg–hole geometries show that the visual–tactile policy attains 6.4% lower contact forces than its single-modality counterparts, and that our framework achieves average success rates of 87.5% on seen objects and 77.1% on unseen objects, outperforming direct RL methods that train PiH policies from scratch by 18.1% in success rate.",,0,IEEE Robotics and Automation Letters,"Department of Engineering, King’s College London, Strand, London, U.K.",iee_dec_rob
IEEE Xplore,10505699,10.1109/AMC58169.2024.10505699,Conferences,Utilizing Hand-Eye Active Visual Servoing for Automated Bolt Removal,Kensei Tanaka; Shogo Arai,2024,"Due to the decreasing lifespan of products, the accumulation of electronic waste (e-waste) continues to increase in each year. Disassembling products without disposal can significantly contribute to resource utilization and energy conservation. Since most of the disassembling is currently performed manually, recycling rates remain below 50% [2]. Compared to the research and development efforts invested in production automation, those dedicated to disassembly have been far less. The accumulated e-waste consists of various types in small quantities. Therefore, promoting the automation of the disassembling process using positioning fixtures is difficult. This situation emphasizes the need for a universal robotic system capable of disassembling products of diverse sizes and shapes without positioning fixtures. In the disassembling process, our primary focus is on the removal of bolts, which are commonly found in many types of products. For the automatic removal of the bolts, we suggest a robotic system capable of precise positioning of an electric screwdriver using visual servoing. Visual servoing is a well-known technique for positioning with robotic vision. However, the conventional visual servoing method has certain limitations particularly when dealing with objects lacking distinct visual features such as e-waste. To solve this issue, we propose an automated bolt removal system using an active visual servoing(AVS) method. AVS involves projecting optimal patterns onto target objects to enhance image features. The optimal projection pattern has been derived theoretically on the assumption that the intensity of light leaving the projector and light incident on the camera is equal. In this paper, we relax this assumption to handle various types of e-waste. AVS is implemented on hand-eye system. The proposed system robustly achieves the task of bolt removal without positioning fixtures. It effectively handles misalignments of the target object and maintains a positioning accuracy of 0.5mm.",,2,2024 IEEE 18th International Conference on Advanced Motion Control (AMC),"Department of Mechanical and Aerospace Engineering, Graduate School of Science and Technology, Tokyo University of Science, Chiba, Japan",iee_dec_rob
IEEE Xplore,9804689,10.1109/TMECH.2022.3182427,Journals,IPAPRec: A Promising Tool for Learning High-Performance Mapless Navigation Skills With Deep Reinforcement Learning,Wei Zhang; Yunfeng Zhang; Ning Liu; Kai Ren; Pengfei Wang,2022,"This article studies how to improve the generalization performance and learning speed of the navigation agents trained with deep reinforcement learning (DRL). Although DRL exhibits huge potential in robot mapless navigation, DRL agents performing well in training scenarios are often found to perform poorly in unfamiliar scenarios. In this work, we propose that the representation of LiDAR readings is a key factor behind the degradation of agents’ performance and present a powerful input preprocessing (IP) approach to address this issue. As this approach uses adaptively parametric reciprocal functions to preprocess LiDAR readings, we refer to this approach as IPAPRec and its normalized version as IPAPRecN. IPAPRec/IPAPRecN can highlight important short-distance values and compress the range of less-important long-distance values in laser scans, which well address the issues induced by conventional representations of laser scans. Their high performance was validated by extensive simulation and real-world experiments. The results show that our methods can substantially improve navigation agents’ generalization performance and greatly reduce the training time compared to conventional methods.",,23,IEEE/ASME Transactions on Mechatronics,"Department of Mechanical Engineering, National University of Singapore, Singapore",iee_dec_rob
IEEE Xplore,10912824,10.1109/TMECH.2025.3541797,Journals,Dimension-Variable Mapless Navigation With Deep Reinforcement Learning,Wei Zhang; Yunfeng Zhang; Ning Liu; Kai Ren; Gaoliang Peng,2025,"Deep reinforcement learning (DRL) has exhibited considerable promise in the training of control agents for mapless robot navigation. However, DRL-trained agents are limited to the specific robot dimensions used during training, hindering their applicability when the robot's dimension changes for task-specific requirements. To overcome this limitation, we propose a dimension-variable robot navigation method based on DRL. Our approach involves training a meta agent in simulation and subsequently transferring the meta skill to a dimension-varied robot using a technique called dimension-variable skill transfer. During the training phase, the meta agent for the meta robot learns self-navigation skills with DRL. In the skill-transfer phase, observations from the dimension-varied robot are scaled and transferred to the meta agent, and the resulting control policy is scaled back to the dimension-varied robot. Through extensive simulated and real-world experiments, we demonstrated that the dimension-varied robots could successfully navigate in unknown and dynamic environments without any retraining. The results show that our work substantially expands the applicability of DRL-based navigation methods, enabling them to be used on robots with different dimensions without the limitation of a fixed dimension.",,3,IEEE/ASME Transactions on Mechatronics,"College of Information Science and Technology, Eastern Institute of Technology, Ningbo, China",iee_dec_rob
IEEE Xplore,5433,10.1109/CIM.1988.5433,Conferences,Automatic construction of assembly partial-order graphs,S. Lee; Y.G. Shin,1988,"A system is presented which automatically constructs an assembly partial-order graph from an object-oriented model describing parts and their connections. The construction is based on the principle of assembly by disassembly and on assembly heuristics representing criteria for preferred subassemblies. The system first identifies disassemblable parts and subassemblies by reasoning geometric and physical constraints as well as resource requirements, and then assigns preference to the identified disassembly options based on assembly heuristics. The recursive application of this process to the selected disassemblies results in a hierarchical partial-order graph (HPOG). The HPOG not only specifies the required precedence in part assembly but also provides parallelism for implementing multiple-robot distributed and cooperative assembly. The software is organized under the cooperative-problem-solving paradigm.<>",,18,[Proceedings] 1988 International Conference on Computer Integrated Manufacturing,"Department of Electrical Engineering-Systems, Institute for Robotics and Intelligent Systems, University of Southern California, Los Angeles, CA, USA",iee_dec_rob
IEEE Xplore,10003928,10.23919/ICCAS55662.2022.10003928,Conferences,Super Twisting Sliding Mode Control-Based Impedance Control for Teleoperated Virtual Robot Arm End-Effector Force Tracking,Hamza Khan; Saad Jamshed Abbasi; Muhammad Salman; Min Cheol Lee,2022,"In this research, a virtual simulator (slave system) of an eight-degrees-of-freedom robot (two-DOF crane, one-DOF prismatic (telescopic mast), and five-DOF robot manipulator) is developed and teleoperated by an external hardware haptic device (master system) for nuclear power plant’s (NPP) reactor vessel internals (RVI) dismantling operations. For operations such as cutting, the robot end-effector with a laser cutter should maintain a constant distance from the physical wall of RVI. So, a virtual wall near the physical wall is assumed. The end-effector should remain on the virtual wall for optimal cutting which is achieved through force tracking impedance control. In this paper, initially sliding mode control (SMC) was implemented but resulted in chattering in force tracking response. Therefore, super twisting sliding mode control (STSMC)-based force tracking impedance control is designed and implemented for enhanced end-effector force tracking. The control input of the STSMC is composed of a continuous and discrete component. Continuous control input regulates control performance against uncertainties, whereas discrete provides a switching algorithm. STSMC then eliminates the chattering effect and reduces the force tracking error. The performance of SMC-based and STSMC-based impedance control is compared, and the comparison shows that the STSMC-based impedance control provides enhanced performance.",,2,"2022 22nd International Conference on Control, Automation and Systems (ICCAS)","School of Mechanical Engineering, Pusan National University, Busan, South Korea",iee_dec_rob
IEEE Xplore,7967771,10.1109/TSUSC.2017.2722822,Journals,"A Survey on Modeling Energy Consumption of Cloud Applications: Deconstruction, State of the Art, and Trade-Off Debates",Zheng Li; Selome Tesfatsion; Saeed Bastani; Ahmed Ali-Eldin; Erik Elmroth; Maria Kihl; Rajiv Ranjan,2017,"Given the complexity and heterogeneity in Cloud computing scenarios, the modeling approach has widely been employed to investigate and analyze the energy consumption of Cloud applications, by abstracting real-world objects and processes that are difficult to observe or understand directly. It is clear that the abstraction sacrifices, and usually does not need, the complete reflection of the reality to be modeled. Consequently, current energy consumption models vary in terms of purposes, assumptions, application characteristics and environmental conditions, with possible overlaps between different research works. Therefore, it would be necessary and valuable to reveal the state-of-the-art of the existing modeling efforts, so as to weave different models together to facilitate comprehending and further investigating application energy consumption in the Cloud domain. By systematically selecting, assessing, and synthesizing 76 relevant studies, we rationalized and organized over 30 energy consumption models with unified notations. To help investigate the existing models and facilitate future modeling work, we deconstructed the runtime execution and deployment environment of Cloud applications, and identified 18 environmental factors and 12 workload factors that would be influential on the energy consumption. In particular, there are complicated trade-offs and even debates when dealing with the combinational impacts of multiple factors.",,19,IEEE Transactions on Sustainable Computing,"Department of Electrical and Information Technology, Lund University, Lund, Sweden",iee_dec_rob
IEEE Xplore,9341200,10.1109/IROS45743.2020.9341200,Conferences,A Robotic Gripper Design and Integrated Solution Towards Tunnel Boring Construction Equipment,Jianjun Yuan; Renming Guan; Liang Du; Shugen Ma,2020,"Creative design of grippers on their configurations, mechatronics control system, and multi-component collaborative algorithms is often utilized to realize complex operations in industrial applications, due to the environmental constraints or specific task requirements. Firstly, this paper introduces the background problems. As the main automatic equipment -- the shield machine -- in the field of tunnel boring construction, needs frequent tool (cutter) replacement during underground process, but has no practical automatic method yet, due to heavy payload, complex environment and work procedure. Thus, an integrated solution was proposed by developing a specific gripper and a snake-like manipulator to accomplish tool replacement in a cooperative way. Through simple and unique design of relative components, the solution realizes a fully automatic and precise approach including heavy load tool grasping and regrasping, posture adjustment, unlocking and disassembly, and installation and locking. Finally, this paper also describes the experimental process of tool replacement by the prototype under a real working condition, and discusses the feasibility of putting the scheme into practical application through comparison.",,7,2020 IEEE/RSJ International Conference on Intelligent Robots and Systems (IROS),"Shanghai Robotics Institute, Shanghai Key Laboratory of Intelligent Manufacturing and Robotics, School of Mechatronic Engineering and Automation, Shanghai University, China",iee_dec_rob
IEEE Xplore,9197174,10.1109/ICRA40945.2020.9197174,Conferences,Inferring the Geometric Nullspace of Robot Skills from Human Demonstrations,Caixia Cai; Ying Siu Liang; Nikhil Somani; Wu Yan,2020,"In this paper we present a framework to learn skills from human demonstrations in the form of geometric nullspaces, which can be executed using a robot. We collect data of human demonstrations, fit geometric nullspaces to them, and also infer their corresponding geometric constraint models. These geometric constraints provide a powerful mathematical model as well as an intuitive representation of the skill in terms of the involved objects. To execute the skill using a robot, we combine this geometric skill description with the robot's kinematics and other environmental constraints, from which poses can be sampled for the robot's execution. The result of our framework is a system that takes the human demonstrations as input, learns the underlying skill model, and executes the learnt skill with different robots in different dynamic environments. We evaluate our approach on a simulated industrial robot, and execute the final task on the iCub humanoid robot.",,4,2020 IEEE International Conference on Robotics and Automation (ICRA),"A*STAR Institute for Infocomm Research (I2R), Singapore",iee_dec_rob
IEEE Xplore,9196733,10.1109/ICRA40945.2020.9196733,Conferences,Form2Fit: Learning Shape Priors for Generalizable Assembly from Disassembly,Kevin Zakka; Andy Zeng; Johnny Lee; Shuran Song,2020,"Is it possible to learn policies for robotic assembly that can generalize to new objects? We explore this idea in the context of the kit assembly task. Since classic methods rely heavily on object pose estimation, they often struggle to generalize to new objects without 3D CAD models or task-specific training data. In this work, we propose to formulate the kit assembly task as a shape matching problem, where the goal is to learn a shape descriptor that establishes geometric correspondences between object surfaces and their target placement locations from visual input. This formulation enables the model to acquire a broader understanding of how shapes and surfaces fit together for assembly - allowing it to generalize to new objects and kits. To obtain training data for our model, we present a self-supervised data-collection pipeline that obtains ground truth object-to-placement correspondences by disassembling complete kits. Our resulting real-world system, Form2Fit, learns effective pick and place strategies for assembling objects into a variety of kits - achieving 90% average success rates under different initial conditions (e.g. varying object and kit poses), 94% success under new configurations of multiple kits, and over 86% success with completely new objects and kits. Code, videos, and supplemental material are available at https://form2fit.github.io.",,75,2020 IEEE International Conference on Robotics and Automation (ICRA),Stanford University,iee_dec_rob
IEEE Xplore,8767959,10.1109/LRA.2019.2929995,Journals,Assembly Planning by Subassembly Decomposition Using Blocking Reduction,James Watson; Tucker Hermans,2019,"The sequence in which a complex product is assembled directly impacts the ease and efficiency of the assembly process, whether executed by a human or a robot. A sequence that gives the assembler the greatest freedom of movement is, therefore, desirable. Our main contribution is an expression of obstruction relationships between parts as a disassembly interference graph (DIG). We validate this heuristic by developing a disassembly sequence planner that partitions assemblies in a way that prioritizes access to parts, resulting in plans that are comparable in efficiency to two state-of-the-art assembly methods in terms of total plan length. Using DIG, our method generates successive subassembly decompositions, yielding a tree structure that makes parallization opportunities apparent. Our planner generates viable disassembly plans by minimizing our part blockage measure, and thereby demonstrates that this measure is a valuable addition to the assembly sequence planning toolkit.",,13,IEEE Robotics and Automation Letters,"Department of Computer Science, University of Colorado Boulder, Boulder, CO, USA",iee_dec_rob
IEEE Xplore,5980526,10.1109/ICRA.2011.5980526,Conferences,Virtual maintenance system with a two-staged ant colony optimization algorithm,Syed Hassan; Jungwon Yoon,2011,"Virtual reality (VR) now a day is progressively being used in our manufacturing environments. In production or maintenance processes, the most important VR application can be assembly areas as the efficiency of a production or maintenance scheme primarily depends on the assembly and disassembly (A/D) sequence, number of gripper changes and the path used in an A/D process. In this paper, a novel optimum assembly algorithm with ant colony algorithm is proposed to solve the maintenance assembly process for 3D objects and complex environments, and to find both optimal sequence and 3D path planning. Sequentially, the assembly sequence was optimized by a traditional ant colony optimization algorithm and then, the 3D path planning with the optimized sequence information was optimized by combining an ant colony algorithm enhanced by potential field concepts. Simulation results showed that proposed algorithm has faster convergence rate towards the optimal solution when compared with existing algorithms based on genetics and traditional ant colony approach.",,9,2011 IEEE International Conference on Robotics and Automation,"Robotic and Intelligent System, School of Mechanical and AeroSpace Engineering and ReCAPT, Gyeongsang National University, Jinju, South Korea",iee_dec_rob
IEEE Xplore,8484422,10.1109/ICMA.2018.8484422,Conferences,Research on Motion Control of Mechanical Arm Based on Laser Guidance,Yajun Shi; Rongchuan Wang; Jianghai Zhao; Xiaojian Zhang,2018,"This paper describes research on a type of mechanical arm whose terminal position is given by laser. By means of moving the PTZ (Pan/Tilt/Zoom) with a laser device on it, mechanical arm can be controlled to work on a lot of tasks, such as demolition, vision localization of humanoid robot. Actually it is one key technology of most types of robot. For laser-guided manipulators, there have been similar methods previously. However, these are often not very convenient and the errors are large in practical uses. This article introduced the research process of laser-guided robotic arm, combined with the actual research platform, focused on the coordinate acquisition and transformation process. Comparing the novelties with previous methods shows that this method can be effectively applied to a similar environment. In addition, the kinematic derivation process and control method design are also introduced. All results of research were applied to demolish robot and were proved to be effective.",,0,2018 IEEE International Conference on Mechatronics and Automation (ICMA),"Department of Automation, University of Science and Technology of China, Hefei, Anhui Province, China",iee_dec_rob
IEEE Xplore,407385,10.1109/IROS.1994.407385,Conferences,Unified telerobotic architecture project program overview,M.B. Leahy; S.B. Petroski,1994,"The time is right to transition telerobotics beyond the traditional hazardous environment domain into industrial repair and remanufacturing applications. Air Force depots are prime examples of an industrial environment where small batch sizes, feature uncertainty, and varying workload conspire to make classical industrial robotic solutions impractical and telerobotics a key enabling technology. The United States Air Force, Air Force Material Command, Robotics and Automation Center of Excellence (RACE) has launched the Unified Telerobotics Architecture Project (UTAP) to champion the development of the support infrastructure necessary to foster creative development and innovative utilization of emerging telerobotic technologies for depot applications. The UTAP program is the focus of this paper.<>",,6,Proceedings of IEEE/RSJ International Conference on Intelligent Robots and Systems (IROS'94),"AFMC Robotics and Automation Center of Excellence Technology Industrial Support Directorate, Specialized Engineering Branch, Advanced Process Technology Section, San Antonio Air Logistics Center, TX, USA",iee_dec_rob
IEEE Xplore,1570333,10.1109/ROBOT.2005.1570333,Conferences,Manipulation of Deformable Linear Objects: From Geometric Model Towards Program Generation,J. Acker; D. Henrich,2005,"This paper discusses the handling of deformable linear objects (DLOs), such as hoses, wires, or leaf springs in a polyhedral environment. It investigates the formulation of assembly or disassembly tasks based on contact states. The result is an approach that facilitates the automatic extraction of robot programs from demonstrations in virtual reality and provides a base for the parameterization of detection algorithms. For this purpose, a contact state model for the description of assembly or disassembly tasks of DLOs is presented. It is described how the contact states can be derived from a geometric model of both the DLO and the environment. Such a model may be obtained by a simulation of the manipulation tasks in virtual reality. Further, the possible transitions between the contact states are classified into general transition classes. Those transition classes enable the selection of algorithms to detect such contact state transitions.",,14,Proceedings of the 2005 IEEE International Conference on Robotics and Automation,"Lehrstuhl Angewandte Inform atik III, Fakultät für Mathematik, Physik und Angewandte Informatik, Universität Bayreuth, Bayreuth, Germany",iee_dec_rob
IEEE Xplore,8014252,10.1109/AIM.2017.8014252,Conferences,Fast robot task and path planning based on CAD and vision data,Christian Friedrich; Akos Csiszar; Armin Lechler; Alexander Verl,2017,"Real manufacturing environments are cluttered spaces, where the environment matches its digital model (the CAD model) only to a certain degree. Robot systems, which autonomously execute tasks in these environments should combine CAD and vision data in order to successfully carry out their tasks. This way the model data (coming from the CAD model) can be corrected by the sensor data (coming from computer vision) to properly reflect the real environment. In this paper, a novel method for autonomous task-space exploration is presented, which is based on space exploration and object recognition. During the exploration of the environment, the CAD data is used to determine the initial belief of the newly gained information. After constructing the environment model, a task planner based on a geometric contact analysis and symbolic inference computes the necessary manipulation sequence. To compute the disassembly space, a novel time-efficient algorithm is proposed. The theoretical aspects are applied to disassembly sequences. A variety of heuristics for computing a local optimal sequence of the required manipulation steps and the corresponding paths is also presented in the paper. To plan the paths well-known global path planners are applied with a step-size control which reduce the planning effort. The approaches are experimentally validated and the results are discussed.",,3,2017 IEEE International Conference on Advanced Intelligent Mechatronics (AIM),"The Institute of Control Engineering of Tool Machines and Manufacturing Units (ISW), University Stuttgart, Stuttgart, Germany",iee_dec_rob
IEEE Xplore,9331203,10.1109/ICREST51555.2021.9331203,Conferences,Implementation of Cost Effective Bomb Defusing Robot with Live Streaming Dual Camera Interface,Anjir Ahmed Chowdhury; Md. Akter Hamid; Md. Nahian Al Subri Ivan,2021,"Robot automation technology is increasing day by day to adapt to the world's demand for controlling disasters, rescuing operations, and minimizing human risk. To perform these tasks a user-friendly robot is required which can be controlled precisely from a remote area. The described project focuses on the design and implementation of a remotely controlled bomb disposal robot with locally available hardware resources to minimize cost. The implemented robot features a robotic arm with 4 degrees of freedom which can pick and carry any sophisticated object (up to 5kg) very precisely and smoothly. The body and the arm of the robot were custom designed and built with Aluminum alloy. To maximize the capability, the robot was equipped with Gas, fire, and obstacle detection sensors. In the chassis, it can collect and carry dismantled bomb parts (up to 10kg) as evidence. The mechanical design of the robot was validated with solid works software. Proteus was used for PCB and schematic design. In the control system Raspberry pi was used as a processor and for sensing and communication Arduino mega was introduced. The robot can be controlled via the internet. An additional python script has been used to control the robot through a web server.",,8,"2021 2nd International Conference on Robotics, Electrical and Signal Processing Techniques (ICREST)","dept. of Computer Engineering, American International University, Bangladesh, Dhaka, Bangladesh",iee_dec_rob
IEEE Xplore,10636270,10.1109/TMECH.2024.3399787,Journals,Task Sensing and Adaptive Control for Mobile Manipulator in Indoor Painting Application,Yadan Zeng; Dingyuan Zhang; Shao-Yu Chien; Hendra Suratno Tju; Carlo Wiesse; Feng Cao; Jiadong Zhou; Xiaohan Li; I-Ming Chen,2024,"Robotic painting, particularly in industrial and construction domains, has attracted considerable attention due to its precision and uniformity. However, current systems are constrained by inadequate precision and effectiveness in painting, particularly when applied to large-scale surfaces. This article introduces an advanced adaptive robotic painting system that incorporates a mobile manipulator (MM) designed to enhance both accuracy and efficiency in indoor surface painting through two innovative submodules: automated trajectory generation and MM adaptive control policy (ACP). Initially, to autonomously generate the accurate trajectory, we propose the attention-aware graph network for refining 3-D surface model to significantly enhance the accuracy and efficiency of environment modeling. Following this, the RayCast 3-D mapping technique is introduced for precise projection of 2-D images onto arbitrary 3-D surfaces with its flexibility and adaptability. Furthermore, we introduce an MM ACP comprising a trajectory controller and a close-loop whole-body controller. This dual-controller system enables the MM to swiftly move to target poses and smoothly follow trajectories, with the capability to autonomously switch between control paradigms based on task requirements. In addition, Experimental results demonstrate that the proposed automated trajectory generation strategy, coupled with the MM ACP, significantly improves the accuracy of environmental perception and the efficiency of trajectory generation. Furthermore, the MM exhibits robust performance in both simulated and real-world settings, successfully executing fully autonomous painting tasks.",,10,IEEE/ASME Transactions on Mechatronics,"Robotics Research Centre of the School of Mechanical and Aerospace Engineering, Nanyang Technological University, Singapore",iee_dec_rob
IEEE Xplore,9695733,10.1109/IAECST54258.2021.9695733,Conferences,Analysis of an electric breakdown fault of circuit breaker in 220 kV GIS equipment,Dilyar Dolkun; DuoHu Gong; JiaBao Du; ZhongQiang Zhan,2021,"GIS equipment is widely used in high-voltage backbone power grid, and its reliability directly affects the safe and stable operation of large power grid. In this paper, an insulation breakdown fault of 220 kV GIS circuit breaker in a substation is deeply analyzed. The insulation breakdown of fault gas chamber is comprehensively analyzed by various methods such as fault field detection, return to factory disassembly inspection, simulation calculation and theoretical analysis. It is confirmed that the cause of the fault is that the metal debris generated during the running in process of the circuit breaker is not completely cleaned, left in the parts that are not easy to clean, and removed under the impact of the electric field force after the operation of the equipment, resulting in electric field distortion and air gap breakdown and discharge. Finally, according to the fault causes, the follow-up preventive measures for such faults are put forward.",,1,2021 3rd International Academic Exchange Conference on Science and Technology Innovation (IAECST),"Power Research Institute of State Grid Xinjiang Power Co., Ltd, Xinjiang Uygur Autonomous Region, Urumqi City",iee_dec_rob
IEEE Xplore,10610969,10.1109/ICRA57147.2024.10610969,Conferences,Enabling passivity for Cartesian workspace restrictions,Sebastian Hjorth; Johannes Lachner; Arash Ajoudani; Dimitrios Chrysostomou,2024,"An emerging trend in the field of human-robot collaboration is the disassembly of end-of-life products. Safety is a crucial requirement of the disassembly process since worn-out or damaged products could break, possibly resulting in dangerous behavior of the robot. To protect the user from such behavior, this work addresses this challenge through the implementation of an energy-aware Cartesian impedance controller, combined with virtual workspace restrictions. Hereby, the passivity of the robotic system is ensured. The paper proposed two approaches to ensure the passivity of the system when subjected to workspace restrictions due to unplanned interactions and contact loss. The first approach employs an augmented energy tank with restricted energy flow. The second approach monitors the overall energy flow, regulating and separating non-passive behavior, caused by workspace restrictions. The approaches are evaluated and compared with each other, by using a KUKA LBR iiwa robot. The results highlight the potential of virtual workspace restrictions in human-robot collaborative disassembly tasks.",,0,2024 IEEE International Conference on Robotics and Automation (ICRA),"Dept. of Materials and Production, Aalborg University, Aalborg, Denmark",iee_dec_rob
IEEE Xplore,11163841,10.1109/CASE58245.2025.11163841,Conferences,A comparative study between a traditional coarse sense-plan-act system and a two-stage RoI recommender and Eyes-in-hand stereo system for robotized unscrewing of hard disk drives (HDDs),Anthonie Coopman; Mathijs Piessens; Joren Van Den Bosch; Maarten Vandersteegen; Jef R. Peeters,2025,"Robotic unscrewing plays a pivotal role in the automation of remanufacturing processes. Despite advancements in deep learning-based screw detection, which nowadays achieve detection accuracies exceeding 98%, consistent unscrewing success remains challenging due to physical localization errors. Within prior research various vision-based methods have been developed to correct positional deviations that arise from neural network predictions. On the other hand, force-based methods have been developed to compensate for all accumulating errors during physical contact. The vision-based approaches often lack reliability, and force-based methods, although highly effective, have to date, only been validated on larger, self-centering fasteners and will result in additional wear to the unscrewing end-effector. Therefore, this study presents a comparative analysis of two robotic unscrewing pipelines designed to enhance detection accuracy, localization precision, and unscrewing time efficiency. The first baseline approach employs a single-stage, coarse-only sense– plan–act approach. The second, advanced two-stage approach integrates coarse localization with a refinement step using stereo detection, matching and triangulation. Experimental results highlight the advantages of the advanced two-stage approach, which incorporates a region-of-interest recommendation step and an eyes-in-hand stereo module for position refinement. With the pilot system developed in the presented research, vision-based precision and recall rates of 99.2% and 99.4% are obtained, with an unscrewing success rate of 99%. At the system level, these results correspond to unscrewing precision and recall of 98.2% and 98.4% with only 0.75 seconds needed to reclassify and compute the updated screw location.",,0,2025 IEEE 21st International Conference on Automation Science and Engineering (CASE),"Department of Mechanical Engineering, KU Leuven, Leuven, Belgium",iee_dec_rob
IEEE Xplore,11370110,10.1109/ISSE65546.2025.11370110,Conferences,Development and Evaluation of an Ontology for Model-Based Cross-Generational Modeling of Products and Production Systems in Circular Economy,Kristian Vlajic; Alex Martin; Maximilian Fischer; Stefan Eric Schwarz; Tobias Düser; Albert Albers,2025,"The limited adoption of circular economy strategies in industry needs to be addressed by developing an ontology for cross-generational modeling of circular products and production systems. Through a two-day participatory workshop with experts, 25 needs and 28 modeling activities were identified, consolidated into 6 fields of action within an extended ontology framework. Key elements include problem space modeling, requirements definition, product-production process integration, cross-generational remanufacturing potential assessment, and interface management. The results identify that standardized traceability between product and production systems is needed across generations, emphasizing change management to mitigate error propagation. Future implementation within the “Circular Factory for the Perpetual Innovative Product” collaborative research center will validate the framework using an angle grinder case study, iteratively refining interface definitions and system models.",,0,2025 IEEE International Symposium on Systems Engineering (ISSE),"IPEK - Institute of Product, Engineering at KIT Karlsruhe Institute of Technology (KIT), Karlsruhe, Germany",iee_dec_rob
IEEE Xplore,11398688,10.1109/CEI66465.2025.11398688,Conferences,Research on Control Technology of Unmanned “Ant Boat” for Complex Scenarios,Jinde Huang; Jing Zeng; Zhulang Li; Bohua Li,2025,"This study addresses the challenges in marine development posed by traditional ship equipment, such as high costs, single-function limitations, environmental pollution, and difficulties in dismantling. We propose an unmanned “Ant Boat” swarm control system based on modular design. The system employs an STM32F407ZGT6 microcontroller as the core controller, integrating Beidou RDSS/RNSS positioning modules, magnetic adsorption coil modules, intelligent fixing buckle modules, high-precision MG996 controllable rotating servo modules, waterproof propulsion motor modules, and collaborative control algorithms. This enables autonomous docking, path planning, and multi-configuration platform construction for unmanned boats. The system provides a green and efficient solution for complex scenarios such as offshore temporary bases and mobile entertainment platforms.",,0,"2025 5th International Conference on Computer Science, Electronic Information Engineering and Intelligent Control Technology (CEI)","Beihai Campus, Guilin University of Electronic Technology, Beihai, Guangxi, China",iee_dec_rob
IEEE Xplore,8071567,10.1109/SSPS.2017.8071567,Conferences,Raspberry PI based Integrated Autonomous Vehicle using LabVIEW,Kunja Bihari Swain; Shubhendu Dash; Suman Sekhar Gouda,2017,"In this paper an Integrated Autonomous Vehicle (IAV) design is presented. The IAV is an automatic robot which has the capability to reach any corner of the security region without alarming the enemy. It can employ for suspicious bomb detection & demolition, threat detection etc. which is quite risky for soldier in the war field or border security region. This vehicle equipped with different on board sensors, actuators, camera and Raspberry PI to accomplish the security activity. Raspberry PI monitors the controlling action of the robot which is programmed with LabVIEW (Laboratory Virtual Instrument engineering workbench) for efficient interaction and presentation.",,5,"2017 Third International Conference on Sensing, Signal Processing and Security (ICSSS)","Department of Electronics and Instrumentation Engineering, National Institute of Science and Technology, Berhampur, Odisha",iee_dec_rob
IEEE Xplore,6275572,10.1109/MESA.2012.6275572,Conferences,Towards an autonomous manipulator system for decontamination and release measurement,Simon Notheis; Patrick Kern; Michael Mende; Björn Hein; Heinz Wörn; Sascha Gentes,2012,"This paper will present a manipulator and transport system for autonomous exploration, decontamination and radiation measurement / release measurement of contaminated surfaces as found during dismantling of nuclear power plants. An innovative system for surface ablation and measurement tasks is currently being developed under the research project MAFRO (Manipulatorgestütztes Freimessen von Oberflächen = manipulator-based release measurement of surfaces), a joint project of the Institute for Process Control and Robotics and the Institute for Technology and Management in Construction at the Karlsruhe Institute of Technology (KIT), funded by the German Federal Ministry of Education and Research (BMBF). The setup comprises a transport system and a manipulator equipped with vacuum suction units to move along walls.",,4,Proceedings of 2012 IEEE/ASME 8th IEEE/ASME International Conference on Mechatronic and Embedded Systems and Applications,"Institute for Process Control and Robotics / Institute for Technology and Management in Construction, Karlsruhe Institute of Technology, Karlsruhe, Germany",iee_dec_rob
IEEE Xplore,68072,10.1109/70.68072,Journals,An integrated computer aid for generating and evaluating assembly sequences for mechanical products,D.F. Baldwin; T.E. Abell; M.-C.M. Lui; T.L. De Fazio; D.E. Whitney,1991,"An integrated computer aid that is useful for assembly-line design and for concurrent design of mechanical products is described. Recognizing that early consideration of assembly sequence is important for producibility, quality control, flexibility, and market responsiveness, the authors have built an integrated set of user-interactive computer programs that generates all feasible assembly sequences for a product and then aids the user in judging their value based on various criteria. The programs use a disassembly analysis for generating sequences and provide online visual aids during generation and evaluation. During evaluation, matters such as avoiding difficult assembly states or moves, stability, fixturing, orientation, refixturing and reorientation count, and inclusion of favorable states are considered to highlight desirable or undesirable sequences. The designer edits the set of sequences according to these criteria, leading to an informed sequence choice or to needed design refinement. The interactive programs provide a rapid means for sequence selection, encouraging their use during early design.<>",,274,IEEE Transactions on Robotics and Automation,"Mechanical Engineering Department, Massachusetts Institute of Technology, Cambridge, MA, USA",iee_dec_rob
IEEE Xplore,262447,10.1109/IROS.1990.262447,Conferences,A system for autonomous execution of hand-eye tasks-an approach to cooperative hand-eye programming and active visions sensing,T. Matsushita; S. Sakane; S. Hirai; T. Sato; M. Kakikura,1990,"Describes an integrated system for autonomous execution of hand-eye task which is a part of the results of research in Electrotechnical Laboratory under the Japanese national project 'Advanced Robot Technology'. Two elementary sub-systems to build a hand-eye system have been developed. One is a programming system with knowledge-based description of hand-eye cooperative task, and the other is a planning system for active vision sensing. Valve disassembly and visual inspection tasks were performed as a demonstration.<>",,4,"EEE International Workshop on Intelligent Robots and Systems, Towards a New Frontier of Applications","Electro Technical Laboratory, Tsukuba, Ibaraki, Japan",iee_dec_rob
IEEE Xplore,11349691,10.1109/TIE.2025.3634429,Journals,Adaptive Deep Koopman Operators for Soft Robot Control: Application to Luban Lock Disassembly,Yihe Yang; Yue Jiang; Wenyu Cao; Cong Li; Wei Jiang; Hangjie Mo; Xiaojian Li; Xin Xu; Xinglong Zhang,2026,"Soft robots have attracted considerable attention due to their intrinsic compliance and environmental adaptability in complex dynamic scenarios. However, their infinite degrees of freedom and strongly nonlinear dynamics present fundamental challenges in precise modeling and control. To address this issue, this article proposes an adaptive deep Koopman (ADK) modeling approach for model-based optimal control of soft robots. Our approach incorporates the control-oriented loss functions into the deep Koopman modeling framework to regulate open-loop poles and singular values of the controllability matrix, bridging the critical gap between the Koopman model learning and closed-loop control. The model parameters in the Koopman observable space are further updated online to account for dynamic changes under material wear and load variations. We develop a model-based optimal controller with the ADK model for soft robots, where an integral action is introduced to improve the control performance under varying load conditions and inaccurate feedforward control inputs. Extensive experimental validations including set-point regulation under varying load conditions and autonomous disassembly of a three-way Luban lock are conducted, which demonstrate the effectiveness and robustness of our approach.",,0,IEEE Transactions on Industrial Electronics,"College of Intelligence Science and Technology, National University of Defense Technology, Changsha, China",iee_dec_rob
IEEE Xplore,1177214,10.1109/AUV.2002.1177214,Conferences,Hydrocarbon fueled UUV power systems,D.H. Kiely; J.T. Moore,2002,"Two hydrocarbon fueled internal combustion unmanned undersea vehicles (UUV) power sources incorporating a high-speed turbo-alternator are described, and their performance variation with operating depth and total energy is discussed. Turbine performance data is also discussed. These systems require only the refilling of tanks without disassembly between runs. They have overall system specific energies 3 to 4 times that of silver-zinc batteries.",,7,"Proceedings of the 2002 Workshop on Autonomous Underwater Vehicles, 2002.","Applied Research Laboratory, Pennsylvania State University, PA, USA",iee_dec_rob
IEEE Xplore,7008717,10.1109/ICES.2014.7008717,Conferences,Sustainability assurance modeling for SRAM-based FPGA evolutionary self-repair,Rashad S. Oreifej; Rawad Al-Haddad; Rizwan A. Ashraf; Ronald F. DeMara,2014,"A quantitative stochastic design technique is developed for evolvable hardware systems with self-repairing, replaceable, or amorphous spare components. The model develops a metric of sustainability which is defined in terms of residual functionality achieved from pools of amorphous spares of dynamically configurable logic elements, after repeated failure and recovery cycles. At design-time the quantity of additional resources needed to meet mission availability and lifetime requirements given the fault-susceptibility and recovery capabilities are assured within specified constraints. By applying this model to MCNC benchmark circuits mapped onto Xilinx Virtex-4 Field Programmable Gate Array (FPGA) with reconfigurable logic resources, we depict the effect of fault rates for aging-induced degradation under Time Dependent Dielectric Breakdown (TDDB) and interconnect failure under Electromigration (EM). The model considers a population-based genetic algorithm to refurbish hardware resources which realize repair policy parameters and decaying reparability as a complete case-study using published component failure rates.",,2,2014 IEEE International Conference on Evolvable Systems,"Department of Electrical and Computer Engineering, University of Central Florida, Orlando, FL",iee_dec_rob
IEEE Xplore,7340503,10.1109/ICAT.2015.7340503,Conferences,A Haptic-Assisted Guidance System for working machines based on virtual force fields,Simone Patrinostro; Matteo Tanzini; Massimo Satler; Emanuele Ruffaldi; Alessandro Filippeschi; Carlo Alberto Avizzano,2015,"This paper presents a new approach to improve the remote navigation of a teleoperated demolition machine. To improve navigation usability of the teleoperated system the following topics will be covered: obstacle avoidance, wall alignment, and machine optimal positioning for demolition operations. In order to enhance the ability of the operator to navigate in a cluttered environment, a Haptic-Assisted Guidance System(HAGS) will be introduced. HAGS is a guidance system based on haptic simulation which improves the awareness of the operator on the surrounding environment. The solution proposed has been tested using a virtual environment scenario and a commercial Haptic interface, the results have been analyzed and discussed.",,4,"2015 XXV International Conference on Information, Communication and Automation Technologies (ICAT)","PERCRO - Scuola Superiore Sant’ Anna, Pisa, Italy",iee_dec_rob
IEEE Xplore,10830375,10.1109/ICCSC62048.2024.10830375,Conferences,A Comprehensive Study of Available and Prospective Object Detection Methodologies,Manisha; Avadhesh Kumar; Dileep Kumar Yadav,2024,"Visual recognition and recognition of objects have created a new field of relevance in modern times, posing severe issues for computer vision. Object detection technology is increasingly being used in a variety of applications, the most noteworthy of which include surveillance systems, self-driving vehicles, and pedestrian identification. One of the most significant and difficult issues is visual identification and obj ect detection, which has enticed an area of significance in modern years. The most well-known applications of object detection include surveillance, self-driving automobiles, pedestrian detection, and other areas of daily life. The primary objective of visual object detection is to recognized objects that fit into a certain targeted object with excellent navigation in a real scene or input image, as we know to assign a specific class label to each object instance due to the rapid growth of deep learning models, the performance of object detectors has significantly boosted, deep learning-based detection algorithms have been extensively investigated once again. This paper provides a comprehensive overview of the most recent advancements in visual object identification using deep learning and also describes a huge corpus of recent research and used it to analyses conventional and modern obj ect detectors. Here this study discussion the backbone architecture for obj ect recognition, followed by a methodical deconstruction of existing learning algorithms. Some important datasets and metrics for objects detection are also explored. Finally, this paper describes object detection applications and suggests various future directions.",,0,"2024 International Conference on Computing, Sciences and Communications (ICCSC)","School of Computer Science Engineering, Galgotias, University, Greater Noida, India",iee_dec_rob
IEEE Xplore,11224807,10.1109/AIM64088.2025.11224807,Conferences,MR-Robot: A Key-Lock Structured Modular Resilient Robot-Design and Implementation,Zhiqin Qian; Biao Xu; Mingda Zhang; Zihe Wang; Baoying Wang; Wujun Zhu; Qijun Huang; Wenjun Zhang; Tan Zhang,2025,"Robotic systems operating in unstructured environments are prone to damage, posing significant challenges for task continuity and system recovery. To address this, we propose a modular resilient robot designed to autonomously recover functionality following partial damage. MR-Robot features a novel ""key-lock"" docking mechanism implemented via male and female connectors, with the female connector incorporating a multilayer structure that supports docking, locking, disassembly, and joint mode switching. This architecture enables seamless transitions between full actuation and under-actuation modes. A kinematic model is developed and an inverse kinematics solution is formulated to support precise motion planning. To minimize wiring complexity and enhance scalability, a lightweight MQTT-based communication protocol is adopted for intermodule data exchange. Furthermore, closed-loop control using a PID algorithm ensures accurate joint positioning. A functional prototype has been developed to validate the proposed design. Experimental results demonstrate MR-Robot’s capability for autonomous docking and its adaptability through transitions between active and passive joint states, confirming its potential for resilient robotic applications in challenging environments.",,0,2025 IEEE/ASME International Conference on Advanced Intelligent Mechatronics (AIM),"School of Mechanical and Power Engineering, East China University of Science and Technology, Shanghai, China",iee_dec_rob
IEEE Xplore,9284394,10.1109/IISA50023.2020.9284394,Conferences,A traceability and auditing framework for electronic equipment reverse logistics based on blockchain: the case of mobile phones,Thomas K. Dasaklis; Fran Casino; Constantinos Patsakis,2020,"Human beings produce electronic waste (e-waste) at an unprecedented pace. Mobile phones and other inter-connected smart devices make a significant contribution to the generation of e-waste. Reverse logistics (RL) activities play an essential role in managing mobile phones during their end-of-life. However, remanufacturing and/or refurbishing of mobile phones might prove difficult not only from an operational point of view but also from a data management and privacy perspective (due to privacy-related regulatory frameworks like the EU General Data Protection Regulation directive). In this paper, we propose a distributed trustless and secure framework for electronic equipment RL activities based on blockchain technology. We consider the remanufacturing/refurbishing recovery option for mobile phones, and we develop an autonomous and effective back-end data sharing architecture based on smart contracts/blockchain technology for keeping track of all the remanufacturing/refurbishing processes. For demonstrating the applicability of our approach, we develop a functional set of smart contracts and a local private blockchain. The benefits of our framework are further discussed, along with fruitful areas for future research.",,55,"2020 11th International Conference on Information, Intelligence, Systems and Applications (IISA","Department of Informatics, University of Piraeus, Piraeus, Greece",iee_dec_rob
IEEE Xplore,10669355,10.1109/JIOT.2024.3453964,Journals,RIS-Empowered Topology Control for Decentralized Federated Learning in Urban Air Mobility,Kai Xiong; Rui Wang; Supeng Leng; Chongwen Huang; Chau Yuen,2024,"Urban air mobility (UAM) expands vehicles from the ground to the near-ground space, envisioned as a revolution for transportation systems. Comprehensive scene perception is the foundation for autonomous aerial driving. However, UAM encounters the intelligent perception challenge: high-perception learning requirements conflict with the limited sensors and computing chips of flying cars. To overcome the challenge, federated learning (FL) and other collaborative learning have been proposed. It enables resource-limited devices to conduct onboard deep learning (DL) collaboratively. But traditional FL relies on a central integrator for DL model aggregation, which is difficult to deploy in dynamic UAM environments. The fully decentralized learning schemes may be the intuitive solution while the convergence of decentralized learning cannot be guaranteed. Accordingly, this article explores reconfigurable intelligent surfaces (RISs)-empowered decentralized FL (DFL), taking account of topological attributes to facilitate the DFL performance with convergence guarantee. Several DFL topological criteria are proposed for optimizing the transmission delay and convergence rate. Subsequently, we innovatively leverage the RIS link construction and deconstruction ability to remold the current network based on the proposed topological criteria. This article rethinks the functions of RIS from the perspective of the network layer. Furthermore, a deep deterministic policy gradient-based RIS phase shift control algorithm is developed to reshape the communication network. Simulation experiments are conducted over MobileNet-based multiview learning to verify the efficiency of the DFL framework.",,14,IEEE Internet of Things Journal,"School of Information and Communication Engineering, University of Electronic Science and Technology of China, Chengdu, China",iee_dec_rob
IEEE Xplore,11513887,10.1109/LRA.2026.3692057,Journals,Dynamic Sphere Envelopes and SFF-DMP for Real-Time Obstacle Avoidance in Space Cable Assembly,Xumeng Cheng; Gangfeng Liu; Jie Zhao,2026,"This letter addresses real-time obstacle avoidance and precision manipulation in on-orbit cable disassembly tasks involving flexible, vibrating cables. We propose a control framework that combines dynamic sphere envelopes with a Steering Force Field enhanced Dynamic Movement Primitive (SFF-DMP) formulation. The dynamic sphere envelopes approximate oscillating cables with radius adaptive virtual obstacles, enabling compact geometric representations of flexible dynamics. The proposed SFF-DMP integrates a Cartesian-space DMP with a steering force field, enabling smooth and reliable obstacle avoidance with low free-space loss, while the joint-space DMP preserves demonstration similarity and tracking accuracy through null-space optimization. Cable dynamics modeling and simulation studies validate the method’s capability to avoid time-varying obstacles, and experiments on electrical connector disassembly demonstrate that a single cable free demonstration can generalize to multiple disturbed configurations. Results show consistent collision-free execution with position error below 0.7 mm and orientation error below 0.011 rd. The proposed approach offers a low-demonstration-cost, high-space-efficiency solution for safe manipulation in dynamic and constrained space environments.",,0,IEEE Robotics and Automation Letters,"State Key Laboratory of Robotics and System, Harbin Institute of Technology, Harbin, China",iee_dec_rob
IEEE Xplore,9779466,10.1109/LRA.2022.3176438,Journals,Nezha-Mini: Design and Locomotion of a Miniature Low-Cost Hybrid Aerial Underwater Vehicle,Yuanbo Bi; Yufei Jin; Chenxin Lyu; Zheng Zeng; Lian Lian,2022,"The distinct design concepts of the vehicles operating in air and water is one of the tremendous challenges that constrain the development of the hybrid aerial underwater vehicle (HAUV). This incompatibility consequently results in the enlarging volume and weight of the existing prototypes, as well as the unmatched maneuvering characteristics in both domains. This letter presented a novel miniaturized and lightweight HAUV, “Nezha-mini,” which weighs 953 g and is only A4-scaled. Besides, the low cost and high modularity allow the convenient repair and remanufacturing. Nezha-mini reconciles the complete multi-domain maneuverability within 50 m aerially and 6 m underwater whilst sufficing for the rapid and stable cross-domain locomotion, which benefits from the selection and unique layout of the propulsion system, as well as our proposed multi-modal control strategy and the cross-domain triggering mechanism. The results of the field experiments are in good agreement with the dynamics simulation, demonstrating the performance of multi-domain locomotion in real environments. The preliminary exploration in this letter provides a referential solution for the miniaturization of the highly maneuverable HAUVs for practical applications and creates a feasible platform for the future clustering and networking of HAUVs.",,63,IEEE Robotics and Automation Letters,"School of Oceanography, Shanghai Jiao Tong University, Shanghai, Minhang District, China",iee_dec_rob
IEEE Xplore,11441406,10.1109/TASE.2026.3675474,Journals,Closed-Loop Self-Assembly and Navigation of Magnetic Modular Millibots in Confined Environments,Anuruddha Bhattacharjee; Zhengguang Wang; Arne Schmidt; Aaron T. Becker; Min Jun Kim,2026,"Magnetic modular millibots, capable of deterministic self-assembly and reconfiguration under wireless magnetic fields, offer a promising route toward mesoscale manipulation in structured and confined environments. This work presents a modular chain millibot composed of cubic units with free-to-spin internal magnets that align under external fields. While individual cubes cannot propel independently, their assembly into chains enables controlled locomotion through sliding and tumbling modes. We first demonstrate open-loop operation in confined workspaces, including chain formation, navigation, controlled disassembly, and wall climbing, supported by a dynamic model and parametric analysis that identify the actuation and geometric conditions required for successful climbing. Building on this foundation, we introduce a closed-loop control framework that integrates vision-based feedback. As the millibot’s movement speed increases with chain length, the order of assembly strongly affects task completion time; we therefore formulate the sequence-planning problem as a harmonic traveling salesman problem (HTSP) and solve it to compute deterministic cube-collection sequences that minimize the effective travel cost. The controller applies sliding and tumbling dynamics to realize obstacle-aware navigation and reliable self-assembly. Experiments validate autonomous assembly of four cubes with a two-cube chain into a six-cube chain in free space and collection of three cubes with wall climbing in a confined workspace, both with 100% success. The measured mean unit travel times were 0.67 s/mm in free space and 0.89 s/mm in confined environments. Collectively, these results establish a robust automation framework for reversible mesoscale self-assembly, programmable navigation, and lab-on-chip applications. Note to Practitioners—This paper presents a closed-loop automation framework for modular millibots capable of self-assembly and navigation in confined environments. For practitioners, this work shows how vision-based feedback control and deterministic planning can transform magnetic millibots from open-loop proof-of-concept systems into robust platforms for automated tasks. The harmonic traveling salesman problem (HTSP) planner is broadly applicable to systems where locomotion speed depends on the order of assembly. Potential applications include programmable mesoscale manufacturing, targeted drug or object delivery, and automated lab-on-chip operations. Overall, the integration of modeling, real-time planning, and experimental validation provides a practical blueprint for deploying modular robotic systems in environments where adaptability, reliability, and precision are critical.",,0,IEEE Transactions on Automation Science and Engineering,"Johns Hopkins University, Baltimore, MD, USA",iee_dec_rob
IEEE Xplore,10765868,10.1109/APUAVD64488.2024.10765868,Conferences,Design of Unmanned Aerial System: Considering the Human Factor,Ivan Ostroumov; Dmytro Mykolaiets; Volodymyr Svirko; Nataliia Kuzmenko,2024,"The human factor is a key element of effective system development and efficient exploitation of aviation equipment. The rapid development of Unmanned Aerial Systems (UAS), during the last decades, stimulated the appearance of fully commercial application of UAS in a variety of domains. Autonomous modes of UAS usage have increased significantly. Commercially available UAS could perform multiple tasks in fully autonomous modes. However, humans still play an important role in the UAS lifecycle. People are involved in tasks of mission planning, payload control, maintenance, repair, refurbishment, and design as well. During these activities, the human factor is present in any UAS operation lifecycle. In this paper, we study factors of ergodesign design and operation of UAS with measures for their practical implementation. Ergodesign methods and computer modeling are considered for particular cases of UAS development.",,0,2024 IEEE 7th International Conference on Actual Problems of Unmanned Aerial Vehicles Development (APUAVD),"Air Navigation Systems Department, National Aviation University, Kyiv, Ukraine",iee_dec_rob
IEEE Xplore,11078145,10.1109/TRO.2025.3588453,Journals,Nonrepetitive-Path Iterative Learning and Control for Human-Guided Robotic Operations on Unknown Surfaces,Kithmi N. D. Widanage; Jingkang Xia; Rizuwana Parween; Hareesh Godaba; Nicolas Herzig; Romeo Glovnea; Deqing Huang; Yanan Li,2025,"Automation of abrasive machining operations has become a challenging aspect in the remanufacturing industry where it is required to conduct operations on a surface of which the exact dimensions are unknown. In such cases, skilled human workers have to step in to perform labor-intensive tasks with inconsistent quality. In existing research work, collaborative robots are used to partially automate such operations under human supervision. However, these methods do not perform learning and control simultaneously and are often affected by the interactions of the human operator. In this article, a novel learning and control scheme is proposed where the robot explores an unknown surface iteratively while achieving the desired contact control performance under supervision and occasional interference from the human operator. The unknown surface is divided into subregions, and the learning and control parameters are updated each time the robot visits each subregion. This method is independent of the path of the robot and, thus, is unaffected by the irregularities introduced by a human operator’s interactions. The proposed method is applied to force control, stiffness learning, and orientation adaptation cases. The validity of this method is shown via simulations as well as experiments conducted using a Kinova Gen3 7-degrees of freedom robot.",,4,IEEE Transactions on Robotics,"Department of Engineering and Design, University of Sussex, Brighton, U.K.",iee_dec_rob
IEEE Xplore,9913467,10.1109/ACCESS.2022.3212732,Journals,Excavator Posture Estimation and Position Tracking System Based on Kinematics and Sensor Network to Control Mist-Spraying Robot,Sangwoong Lee; Hyunbin Park; Baeksuk Chu,2022,"In the construction field, when an excavator dismantles a building using an attachment, a large amount of fine dust is generated, causing air pollution. In this study, a mist-spraying robot was proposed, aiming to effectively suppress the generation of fine dust in the construction field. The robot could spray mist while motion tracking the attachment of the excavator. The mist-spraying robot recognized and tracked the source of the fine dust by estimating the posture and position of the excavator. Forward kinematics was used to estimate the posture of the excavator, and the position was estimated using a real-time kinematic global positioning system (RTK-GPS). The fine dust source motion tracking control performance of the mist-spraying robot was verified by measuring the error when the excavator attachment moved horizontally, vertically, and helically. The mean distance between the spraying direction of the mist-spraying robot and the attachment of the excavator was within 0.4 m. Considering the range in which mist is ordinarily sprayed, this mist-spraying robot is expected to successfully track and suppress the generation of fine dust.",,9,IEEE Access,"Korea Institute of Robotics and Technology Convergence, Pohang, South Korea",iee_dec_rob
IEEE Xplore,11370052,10.1109/ISSE65546.2025.11370052,Conferences,Integrating Circular Strategies into Product Concept Design: A Proxy-Based LCA Approach Within the MBSE Framework,Eugenio Brusa; Chiara Gastaldi; Mònica Hierro Magnet,2025,"Planet eco-mourning motivates assuring full sustainability to new industrial products. This requires implementing circular economy within the product lifecycle development. Modularity, maturity and available standards candidate the Model-Based Systems Engineering (MBSE) to this purpose. This paper defines details of the integration between design for sustainability and MBSE. Environment is assumed as a primary stakeholder, alongside customer, producer, and regulatory bodies. Qualitative tools, like the LIDS Wheel and Eco-checklists, identify sustainability-related requirements, but designer must clearly prioritize competing circular strategies, such as recycling, reuse, remanufacturing, and refurbishing, for life extension. Novelty of proposed approach consists in applying a proxy-based Life Cycle Assessment (LCA). It allows comparing quantitatively circular strategies, even in the early design stage. Two steps are foreseen, i.e. quantitative LCA investigates representative reuse and recycling scenarios, and then methodology is generalized to support strategic decision making within system eco-design. Two case studies are exploited to show beneficial effects of integrated sustainable MBSE, as solar panels and internal combustion engine.",,1,2025 IEEE International Symposium on Systems Engineering (ISSE),"Dept. of Mechanical and Aerospace Engineering, Politecnico di Torino, Torino, Italy",iee_dec_rob
IEEE Xplore,11483051,10.1109/JIOT.2026.3685199,Early Access Articles,Smooth Collision Avoidance Decision-Making Method for Unmanned Surface Vehicles Under Marine Environmental Disturbances,Yuqin Li; Defeng Wu; Zhenhong Fan; Guoqiang Li; Te Lian; Weichen Ruan,2026,"Deep reinforcement learning (DRL) has been increasingly used for collision avoidance in unmanned surface vehicles (USVs). However, policies trained under dynamic and disturbed conditions often produce rapid and high amplitude control variations when responding to collision threats in practical multi-vessel encounter scenarios. Such aggressive action changes can accelerate actuator wear and shorten the service life of the control system. To address this issue, a smooth collision-avoidance decision-making method is developed by integrating Mamba sequence modeling, masked attention, and DRL. Firstly, a composite reward function is constructed by jointly accounting for the International Regulations for Preventing Collisions at Sea, velocity-obstacle (VO)-based guidance, navigational safety, and action smoothness, which alleviates reward sparsity and balances safety with control stability. Secondly, Mamba sequence modeling and masked attention are embedded into the actor–critic framework to enable dynamic feature extraction and temporal dependency modeling in multi-target encounters, thereby improving robustness and adaptability in disturbed and uncertain environments. Extensive simulations were conducted against multiple DRL baselines. Under the strongest disturbance with 10 target ships, the proposed method achieved a success rate of 0.87, yielding a 20% improvement over SAC, while the mean per-step torque variation was reduced by 36.5% compared with SAC. In addition, real-field experiments were carried out to validate the learned policy, demonstrating its practical applicability and deployment potential in realistic marine environments.",,0,IEEE Internet of Things Journal,"School of Marine Engineering, Jimei University, Xiamen, China",iee_dec_rob
IEEE Xplore,9592184,,Books,6 TOUCH AND HANDLING: COULD I SHAKE HANDS WITH A ROBOT?,Ruth Aylett; Patricia A. Vargas; Noel Sharkey,2021,"The Deep Blue chess computer hit the headlines back in 1996, when it beat the world chess champion Garry Kasparov under normal championship rules&#x2014;a triumph for artificial intelligence. Controversy ensued when Kasparov accused the IBM support team of cheating, and it is true that the researchers intervened between matches to modify the software against weaknesses the program had shown in the previous match. It is also true that Deep Blue was using its special-purpose hardware to consider millions of possible moves at a time rather than playing in any way comparable to a human approach. Nevertheless, although Deep Blue was retired and the hardware dismantled, it was the first in a series of world-champion- level chess programs such as the Deep Fritz program, which is at version 17 as of November 2019.<superscript>1</superscript>",,0,The Living with Robots: What Every Anxious Human Needs to Know,"Heriot-Watt University, UK",iee_dec_rob
IEEE Xplore,4404061,10.1109/TSMCA.2007.909542,Journals,Resource-Oriented Petri Net for Deadlock Avoidance in Flexible Assembly Systems,Naiqi Wu; MengChu Zhou; ZhiWu Li,2008,"In many flexible assembly systems, base components are transported with pallets; parts to be mounted onto the base ones are transported by trays with no pallets. When an assembly operation is performed by using some parts in a tray but not all, the tray with the remaining parts still occupies a buffer space. In this way, an assembly/disassembly material flow is formed. In such a material flow, deadlock can occur both in the base component and part flow. Furthermore, the assembly operations can also result in a deadlock. Thus, it is a great challenge to tackle deadlocks in such processes. This paper models them using resource-oriented Petri nets. Based on the models, a deadlock control policy is proposed and proved to be computationally efficient and less conservative than the existing policies in the literature. An industrial case study is used to show the results.",,199,"IEEE Transactions on Systems, Man, and Cybernetics - Part A: Systems and Humans","School of Mechatronics Engineering, Guangdong University of Technology, Guangzhou, China",iee_dec_rob
IEEE Xplore,4459772,10.1109/TSMCA.2007.914741,Journals,On Controllability of Dependent Siphons for Deadlock Prevention in Generalized Petri Nets,Zhiwu Li; Mi Zhao,2008,"A fair amount of research has shown the importance of siphons in the analysis and control of deadlocks in a variety of resource allocation systems by using a Petri net formalism. In this paper, siphons in a generalized Petri net are classified into elementary and dependent ones, as done for ordinary nets in our previous work. Conditions are derived under which a dependent siphon is controlled by properly supervising its elementary siphons, which indicates that the controllability of dependent siphons in an ordinary Petri net is a special case of that in a generalized one. The application of the controllability of dependent siphons is shown by considering the deadlock prevention problem for a class of resource allocation systems, namely, G-system that allows multiple resource acquisitions and flexible routings in a flexible manufacturing system with machining, assembly, and disassembly operations. We develop a monitor-based deadlock prevention policy that first adds monitors for elementary siphons only to a G-system plant model such that the resultant net system satisfies the maximal controlled-siphon property (maximal cs-property). Then, by linear programming, initial tokens in the additional monitors are decided such that liveness is enforced to the supervised system. Also, a simplified live marking relationship for a G-system between the initial tokens of the source places and those of the resource places is derived. Finally, the proposed deadlock prevention methods are illustrated by using an example.",,191,"IEEE Transactions on Systems, Man, and Cybernetics - Part A: Systems and Humans","Laboratory for CAD and Lifecycle Engineering, Department of Mechanical Engineering, Technion-Israel Institute of Technology, Haifa, Israel",iee_dec_rob
IEEE Xplore,5509817,10.1109/ROBOT.2010.5509817,Conferences,Robot pebbles: One centimeter modules for programmable matter through self-disassembly,Kyle Gilpin; Ara Knaian; Daniela Rus,2010,"This paper describes the design, fabrication, and experimental results of a programmable matter system capable of 2D shape formation through subtraction. The system is composed of autonomous 1cm modules which use custom-designed electropermanent magnets to bond, communicate, and share power with their neighbors. Given an initial block composed of many of these modules latched together in a regular crystalline structure, our system is able to form shapes by detaching the unnecessary modules. Many experiments show that the modules in our system are able to distribute data at 9600bps to their neighbors with a 98.5% success rate after four retries, and the connectors are able to support over 85 times the weight of a single module.",,145,2010 IEEE International Conference on Robotics and Automation,"Computer Science and Artificial Intelligence Laboratory, MIT, Cambridge, MA, USA",iee_dec_rob
IEEE Xplore,1259434,10.1109/TSMCA.2003.820572,Journals,Supervisory control for deadlock avoidance in compound processes,E. Roszkowska,2004,"Most of the research devoted to the supervisory control for deadlock avoidance in automated manufacturing systems has employed various models that represent concurrent sequential processes. In this paper, we address this problem for compound processes, that is, sequences of operations related in the fork/join manner and interacting as consumers/producers. The abstraction is used to model the flow of materials where independently processed components can be joined together and undergo further processing as a whole (e.g., to make an assembly or for a common transport), or material units can be split up so that their components will follow separate routes (e.g., at disassembly or separate processing of parts delivered in magazines), as well as to model the flow of objects that require a temporary meeting (e.g., independently routed pallets with the base components and pallets with parts to be mounted onto the base). Each process is represented with a marked graph, and the dynamics of the system are restricted with a feasibility function ensuring the feasible access to the shared resources. Unlike in sequential processes, in the class considered here, not all processes are realizable, i.e., possess a deadlock-free execution sequence. We prove that the problem of the distinction between realizable and unrealizable systems is NP-complete (thus intractable in practice) and propose a constraint that in a sufficient way allows us to distinguish a subclass of realizable compound processes. It is shown that the optimal, i.e., the minimally restrictive, supervisory control for this subclass of processes also poses an NP-hard problem. Therefore, we propose a compromise solution: a more restrictive, yet computationally acceptable admissibility function for guarding the event occurrence. The correctness of the control is proved formally by demonstrating the liveness and reversibility of the resulting model.",,53,"IEEE Transactions on Systems, Man, and Cybernetics - Part A: Systems and Humans","Institute of Engineering Cybernetics, Wroclaw University of Technology, Wroclaw, Poland",iee_dec_rob
IEEE Xplore,9468200,10.1109/ICPS49255.2021.9468200,Conferences,Visual Programming of a Human-Machine Interface for a Multi-Robot Support System,Alberto Sartori; Christian Schlette,2021,"When robots are used as a support tool for the completion of tasks in collaboration with humans, the interaction between the physical system and the digital world assumes crucial importance. The real system is programmed using digital tools, so the implementation of a Digital Twin that includes accurate models of the involved components can simplify the control of the hardware devices. In this paper it is presented the creation and integration of a Human-Machine Interface (HMI) in a workcell used to assist an operator in the process of assembly and disassembly heavy injection moulds for maintenance purposes. The physical work-cell includes an industrial and a collaborative KUKA robots that are modelled as Digital Twins in simulation. The programming of the robots is simplified using a Visual Programming interface that contains connected functional blocks called SkillBlocks. The HMI, called Operator Device, is a touchscreen interface that is modeled in the Visual Programming environment as a SkillBlock, making it possible to easily integrate with the robotic system and program it according to the required task. An experimental assembly task is demonstrated to show the functionalities and the advantages of using Digital Twins of physical components in a Visual Programming environment. The HMI, called Operator Device, is a touchscreen interface that is modeled in the Visual Programming environment as a SkillBlock, making it possible to easily integrate with the robotic system and program it according to the required task. An experimental assembly task is demonstrated to show the functionalities and the advantages of using Digital Twins of physical components in a Visual Programming environment.",,4,2021 4th IEEE International Conference on Industrial Cyber-Physical Systems (ICPS),"SDU Robotics, Maersk McKinney Moller Institute, University of Southern Denmark, Odense, Denmark",iee_dec_rob
IEEE Xplore,11165043,10.1109/TIM.2025.3604934,Journals,Model-Based Particle Swarm Optimization Filtering Algorithm for Mecanum Wheel Car Parameter Identification With Measurement Noise,Min-Che Tsai; Chao-Chung Peng,2025,"The Mecanum wheel car (MWC) is increasingly becoming the mainstream automated guided vehicle (AGV) in factory automation, replacing traditional transport vehicles due to its flexibility and maneuverability. With its widespread applications, there is a corresponding high demand for system inspection and maintenance policies. However, the estimation of kernel parameters without the system disassembly is less investigated. To solve this problem, this article starts from a framework of nonholonomic constraints and uses the Lagrange equations to derive a complete dynamic model of the MWC. Next, a measurement equation using the signal filtering method (FM) is derived. However, the design of the filtering factors is the key issue of the tradeoff between estimation precision and noise suppression. To effectively solve this design problem, particle swarm optimization (PSO) is used to optimize the filtering factor. The proposed method not only avoids interference from noisy acceleration measurements of the MWC but also significantly improves parameter estimation accuracy. The feasibility of the proposed method was validated through both numerical simulations and experiments. The experimental results demonstrate that the parameter estimation method proposed in this article can accurately estimate the internal parameters of the system, enabling precise prediction of the MWC’s motion behavior.",,1,IEEE Transactions on Instrumentation and Measurement,"National Cheng Kung University, Tainan, Taiwan",iee_dec_rob
IEEE Xplore,11390350,10.1109/ICOIICS67115.2025.11390350,Conferences,Augmented Reality-Assisted Digital Twin for Fault Detection in Electric Vehicle Wiring Systems,Rajalakshmi M.; Sheik Mastan S A R; Karthik C.; Bibhuti Bhusan Dash; Utpal Chandra De; Sudhansu Shekhar Patra,2025,"Due to complex wiring harnesses, electric vehicles (EVs) might suffer from performance degradation, increased maintenance costs, and safety risks with faulty cables. On the other hand, traditional methods of fault detection take much time to think about and cost a lot, and usually require an expert to solve them. In this work, we propose a new system- a real-time fault detection system for EV wiring harnesses-where an Augmented Reality (AR) system is integrated with AR visualization, Unity Digital Twin simulation, ESP32-based embedded programming, and Firebase for real-time synchronization. In short, faulty wires turn red on the AR gazebo while working wires remain green, which should thus be easier to diagnose and repair. It will enhance maintenance efficiency, reduce downtime, and lower costs by enabling the identification of faults without physical disassembly. An experimental evaluation found that it was better at finding faults and faster at fixing them than traditional methods. Time Domain Reflectometry (TDR) will be added to the system to help find faults more accurately, and AI predictive maintenance will be added to make the system smarter.",,0,"2025 International Conference on Intelligent Computing, Information and Control Systems (ICOIICS)","Department of Mechatronics Engineering, Thiagarajar College of Engineering, Madurai, India",iee_dec_rob
IEEE Xplore,10260599,10.1109/CASE56687.2023.10260599,Conferences,Towards Mutual-Cognitive Human-Robot Collaboration: A Zero-Shot Visual Reasoning Method,Shufei Li; Pai Zheng; Liqiao Xia; Xi Vincent Wang; Lihui Wang,2023,"Human-Robot Collaboration (HRC) is showing the potential of widespread application in today's human-centric smart manufacturing, as prescribed by Industry 5.0. To enable safe and efficient collaboration, numerous visual perception methods have been explored, which allows the robot to perceive surroundings and plan collision-free, reactive manipulations. However, current visual perception approaches can only convey basic information between robots and humans, falling short of semantic knowledge. With this limitation, HRC cannot guarantee smooth operation when confronted with similar yet unseen situations in real-world applications. Therefore, a mutual-cognitive HRC architecture is proposed to plan human and robot operations based on the learning of knowledge representation of onsite situations and task structures. A zero-shot visual reasoning approach is introduced to derive suitable teamwork strategies in the mutual-cognitive HRC from perceived results, including human actions and detected objects. It assigns adaptive robot path planning and knowledge support for humans by incorporating perception components into a knowledge graph, even when dealing with a new but similar HRC task. Lastly, the significance of the proposed mutual-cognitive HRC system is revealed through its evaluation in collaborative disassembly tasks of aging electric vehicle batteries.",,5,2023 IEEE 19th International Conference on Automation Science and Engineering (CASE),"Department of Industrial and Systems Engineering, The Hong Kong Polytechnic University, Hong Kong SAR, China",iee_dec_rob
IEEE Xplore,10947063,10.1109/TMECH.2025.3548115,Journals,Robust Precision Motion Control of Dual-Drive Gantry-Type Cartesian Robot With Workspace Constraints,Wenxin Wang; Jun Ma; Zilong Cheng; Zicheng Zhu; Yuanjie Xian; Clarence W. de Silva; Tong Heng Lee,2025,"Automated motion control tasks would typically arise as essential and critical parts of the operations for complex industrial systems when there exists multiple necessary requirements, such as high precision, low energy consumption, and effective collision avoidance. These motion control tasks invariably also involve workspace constraints to the system. Also as an inevitably encountered challenge, various factors bring model uncertainty and external disturbance to the system, leading to the deviations between the obtained solution and the optimum, particularly for systems with nonlinear characteristics. Considering these issues, this article proposes a robust precision motion control scheme via iterative linear quadratic regulator for planar motion tasks of a flexure-joint gantry-type Cartesian robot. Essentially in the methodology developed here, the model uncertainty and external disturbance of the gantry robot are suppressed through an integral adaptive sliding-mode controller, and a projection scheme is deployed to deal with various constraints from the workspace so that the gantry robot can automatically adjust its trajectories in planar motion tasks. In addition, the desired convergence outcome of the proposed method and also the resulting closed-loop stability of the system are rigorously proved. This approach, thus, renders it possible to achieve improved system performance even when there does not exist a fully accurate system model (which is rather typical in practical situations). Moreover, real-time experiments in two types of motion tasks are designed to validate the effectiveness and applicability of the proposed method.",,1,IEEE/ASME Transactions on Mechatronics,"Department of Electrical and Computer Engineering, National University of Singapore, Singapore",iee_dec_rob
IEEE Xplore,10363098,,Conferences,Automatic Path Planning for Robotic Grinding and Polishing Tasks based on Point Cloud Slicing,Julian Raible; Christopher Braun; Marco Huber,2023,"The remanufacturing of workpieces suffers from a high manual effort, which emphasises the need for automation of such processes by robots. However, this is associated with some challenges due to the high variance in terms of individual characteristics of possible defects. Shape and surface properties deviating from the ideal virtual 3D model require approaches that allow path planning to be carried out directly on the component to be machined. This paper proposes a novel automatic path planning algorithm for robotic grinding and polishing tasks based on point clouds obtained directly by scanning the workpiece. The adaptive determination of the position and orientation of intersection planes as well as a slicing direction enables obtaining cross-sectional contours by slicing the point cloud. The algorithm generates a continuous, multidirectional path that has a meander shape precisely adapted to the workpiece surface. A qualitative analysis emphasises the robustness of the algorithm with respect to the distribution of the point cloud data and limited amount of noise.",,4,ISR Europe 2023; 56th International Symposium on Robotics,,iee_dec_rob
IEEE Xplore,11377412,10.1109/ICERECT65215.2025.11377412,Conferences,Research on Risk Assessment and Response Strategies of Domestic Database Transformation in Electric Power Information Communication,Ningxi Song; Qiang Li; Di Cai; Huichao Liang; Haitao Zhou,2025,"In the context of digital transformation of power information and communication systems, the localization transformation of databases is the core link to achieve independent and controllable key infrastructure. However, the transformation process faces multidimensional risks such as technical adaptation, engineering implementation, and safety compliance. This study constructed a risk assessment framework and response strategy system suitable for power communication scenarios: by integrating the Analytic Hierarchy Process (AHP) with the Fuzzy Comprehensive Evaluation Model, a three-dimensional evaluation index system was established for technical adaptability, engineering implementation difficulty, and safety compliance, achieving quantitative analysis of transformation risks; Design a multilayer response strategy for syntax conversion middleware, dual active architecture deployment, and security permission control, forming a closed-loop management of ""evaluation policy verification"". The experiment shows that the framework has an accuracy rate of 92% in identifying the risks of power database transformation, and the response strategy reduces the delay of core business transaction processing by 42.7%, reduces the occurrence rate of risk events by 65%, and meets the real-time requirements of power system ⩽ 50ms and the compliance standards of equal protection 2.0. The research results provide a quantifiable risk management and control scheme for the localization of power industry database, verify the engineering feasibility of autonomous and controllable technology in the field of power communication, and further expand the strategy application to edge computing scenarios in the future.",,0,"2025 5th International Conference on Emerging Research in Electronics, Computer Science and Technology (ICERECT)","State Grid Henan Information & Telecommunication Company, Zhengzhou, China",iee_dec_rob
IEEE Xplore,9341056,10.1109/IROS45743.2020.9341056,Conferences,Grasping Detection Network with Uncertainty Estimation for Confidence-Driven Semi-Supervised Domain Adaptation,Haiyue Zhu; Yiting Li; Fengjun Bai; Wenjie Chen; Xiaocong Li; Jun Ma; Chek Sing Teo; Pey Yuen Tao; Wei Lin,2020,"Data-efficient domain adaptation with only a few labelled data is desired for many robotic applications, e.g., in grasping detection, the inference skill learned from a grasping dataset is not universal enough to directly apply on various other daily/industrial applications. This paper presents an approach enabling the easy domain adaptation through a novel grasping detection network with confidence-driven semi-supervised learning, where these two components deeply interact with each other. The proposed grasping detection network specially provides a prediction uncertainty estimation mechanism by leveraging on Feature Pyramid Network (FPN), and the mean-teacher semi-supervised learning utilizes such uncertainty information to emphasizing the consistency loss only for those unlabelled data with high confidence, which we referred it as the confidence-driven mean teacher. This approach largely prevents the student model to learn the incorrect/harmful information from the consistency loss, which speeds up the learning progress and improves the model accuracy. Our results show that the proposed network can achieve high success rate on the Cornell grasping dataset, and for domain adaptation with very limited data, the confidence- driven mean teacher outperforms the original mean teacher and direct training by more than 10% in evaluation loss especially for avoiding the overfitting and model diverging.",,23,2020 IEEE/RSJ International Conference on Intelligent Robots and Systems (IROS),"Agency for Science, Technology and Research, Mechatronics Group, Singapore Institute of Manufacturing Technology (SIMTech), Singapore",iee_dec_rob
IEEE Xplore,8489824,10.1109/CONIIN.2018.8489824,Conferences,"Identification of significant variables using random forest, in a process of injection moulding: A case study of yield reduction analysis in changing plastic injection moulds for auto parts products",José Juan Rodríguez-Trejo; Aurora Femat-Diaz,2018,"This paper describes the application of a data mining method for the identification of significant variables in a manufacturing process. A practical case is analysed, where is needed a reduction of yield due to a production delay. This case is developed in an auto parts injection moulding company. The problem lies in the assembly and disassembly process of the moulds, which is a step prior to the injection of the pieces. When there is a delay in this process, yield and delivery to the customer are affected. The purpose of this analysis is to find the root causes of the delays and take actions in this regard. To reach the goal, first, the data is extracted, then prepared, afterwards analysed and finally interpreted. In the data analysis, the algorithm ""random forest"" is used to find the most significant factors. The efficiency of the algorithm is evaluated with the Area under the Receiver Operating Characteristic (AUROC) method. It was determined that time, machines, and operators are the main causes of the delays with almost 70% accuracy, in addition, these results were compared with the possible root causes provided by production management.",,1,2018 XIV International Engineering Congress (CONIIN),"Postgraduate Engineering Department, Autonomous University of Querétaro, Querétaro, México",iee_dec_rob
IEEE Xplore,8361275,10.1109/ICNSC.2018.8361275,Conferences,Autonomous 3D scene understanding and exploration in cluttered workspaces using point cloud data,Ze Ji; Raphael Schruoffeneger; Rossitza Setchi,2018,"One of the many challenges in advanced robotics is the autonomous exploration, recognition and manipulation of objects in cluttered unstructured workspaces. The problem is even more challenging when multiple heterogeneous robots with different tools or end-effectors are expected to perform complex collaborative missions, such as disassembly. Within this context, the aim of this work is to develop a framework enabling a robot to detect and localise objects in a workspace and share environment information with another robot, which subsequently performs a grasping operation. The motivation lies in merging point cloud data measured from multiple poses to enrich the representation of the workspace, and decomposing a part into generic primitive geometric features to allow efficient shape recognition in the semantic space. This allows easier integration with an ontological knowledge base for object searching using natural language input. To identify primitive geometrical characteristics and infer object types, this paper introduces a simple but efficient graph-based method, where the graph nodes represent elementary geometric shapes such as planes. The concept is demonstrated using two KUKA robots, where one is acting as the eye of the system, equipped with an RGB-D camera providing views from multiple angles, and the other one has a gripper for grasping, and is acting as a hand. Although the current paper uses basic components such as cubes and triangular blocks, the algorithm is interpretable, and can be extended with more complex shapes. The approach is demonstrated using wood blocks, which are employed to simulate disassembly in unstructured environments.",,0,"2018 IEEE 15th International Conference on Networking, Sensing and Control (ICNSC)","School of Engineering, Cardiff University, Cardiff, UK",iee_dec_rob
IEEE Xplore,191346,,Conferences,Turbine generator overhauls-a typical example,M.A. Bunting,1990,"A turbogenerator is a rotating, high speed, complex precision machine which generates electrical power. The use of preventive maintenance can reduce the number and duration of unplanned outages by a process of periodic inspections, tests, and component refurbishment, replacement or upgrading. The author looks at how the Turbine Generator Service Organisation operates to provide optimum overhauls of turbogenerators.<>",,0,IEE Colloquium on Maintenance Practices for Power Generation,"Turbine Generator Service Department, Heaton Works, NEI Parsons Limited, Newcastle-upon-Tyne, UK",iee_dec_rob
IEEE Xplore,620111,10.1109/ROBOT.1997.620111,Conferences,A simulated annealing optimization algorithm implemented within an operator-assist interface,R. Hooper,1997,"The assist interface suggests configuration options to the system's operator. As an example, this paper develops an assist interface for a robotic system called the dual-arm work module (DAWM). The DAWM has seventeen independent degrees of freedom arranged to give the system five degrees of kinematic redundancy. These five extra kinematic resources (extra joints) give the DAWM the versatility to perform a wide range of tasks, including: disassembly, cutting, material transport, and decontamination. In the current application scenario, the operator positions each redundant joint directly and independently of the other joints. Because of obstacles and kinematic coupling, even an experienced operator may need to reposition the extra joints several times while performing a task. The simulated annealing optimization algorithm considers obstacles and performance criteria while generating suggested options for positioning the extra joints (configuration options). The operator interface then presents these options using computer graphics. The interface should reduce the amount of time the operator spends positioning the extra joints and perhaps improve the quality of the work.",,1,Proceedings of International Conference on Robotics and Automation,"Department of Mechanical Engineering, Robotics Research Group, University of Texas, Austin, Austin, TX, USA",iee_dec_rob
IEEE Xplore,9563153,10.1109/ICET52293.2021.9563153,Conferences,Design of Hydraulic Component Teaching Subsystem Based on Augmented Reality,Jizhong Liu; Youtao Kuang; Daoliang Li; Jianning Xu,2021,"In order to solve the problems of poor visualization and time/place limitation in traditional “hydraulic transmission” classroom teaching, a novel hydraulic components teaching subsystem based on augmented reality (AR) technology is developed, which can be used in mobile phone. Based on Android system, with the help of Vuforia tools, 3Ds Max, Unity 3D, SolidWorks and other software and technologies, the teaching subsystem has achieved a good AR effect. It has the main functions of identification of mark pictures, virtual interactive control, virtual assembly and disassembly, audio/video explanation, self examination and evaluation, etc, which is helpful for students to improve their interest in learning, to master the structure and working principle of hydraulic components, and to learn anytime and anywhere. The system provides support for the novel teaching method research of “hydraulic transmission”. It also provides a reference for the development of AR teaching system for other similar courses.",,2,2021 IEEE International Conference on Educational Technology (ICET),"School of Mechatronic Engineering, Nanchang University, Nanchang, China",iee_dec_rob
IEEE Xplore,6697076,10.1109/IROS.2013.6697076,Conferences,Toward autonomous disassembling of randomly piled objects with minimal perturbation,Oni Ornan; Amir Degani,2013,"Autonomous capabilities for manipulating randomly piled objects may enhance current methods of path planning and open a new field of development for mobile manipulation and Urban Search And Rescue (USAR) robotics. This paper introduces the challenge of achieving such manipulation capabilities and as a first step presents three algorithms, including a proposed novel solution, for the selection of objects to remove from a pile. The proposed algorithm determines a removability rank for each object according to the degree of its encapsulation within other objects. Using the contact vectors of the examined object, it is possible to obtain the motions that will not violate the object's unilateral contact constraints. The removability rank of the object is proportional to the union of all such motions. All algorithms were tested in simulation in full and partial knowledge modes, and evaluated on a physical robot with a simple manipulator and sensor. This work contributes: the introduction of an important autonomous manipulation challenge, the solution of which will be useful in the field of manipulation in general and USAR in particular; a specific novel algorithm for the construction of disassembly plans for piled objects; and an experimental evaluation of three algorithms targeted at such construction.",,7,2013 IEEE/RSJ International Conference on Intelligent Robots and Systems,"Faculty of Applied Science and Engineering, University of Toronto, Toronto, Ontario, Canada",iee_dec_rob
IEEE Xplore,8320947,10.1109/TASE.2018.2809595,Journals,Assembling and Disassembling Planar Structures With Divisible and Atomic Components,Yinan Zhang; Emily Whiting; Devin Balkcom,2018,"This paper considers an assembly problem. Let there be two interlocking parts, only one of which may be cut into pieces. How many pieces should we cut the divisible part into to separate the parts using a sequence of rigid-body motions? In this initial exploration, we primarily consider 2-D polygonal parts. This paper presents an algorithm that computes a lower bound on the number of pieces that the divisible part must be cut into. This paper also presents a complete algorithm that constructs a set of cuts and a motion plan for disassembly, yielding an upper bound on the required number of pieces. Applications of the future extension of this paper to 3-D may include robot self-assembly, interlocking 3-D model design, search-and-rescue, packaging, and robotic surgery.",,4,IEEE Transactions on Automation Science and Engineering,"Department of Computer Science, Dartmouth College, Hanover, NH, USA",iee_dec_rob
IEEE Xplore,6935654,10.1109/WAC.2014.6935654,Conferences,Environment modeling and path planning for a semi-autonomous manipulator system for decontamination and release measurement,Michael Mende; Simon Notheis; Denis Stogl; Björn Hein; Heinz Wörn; Patrick Kern; Sascha Gentes,2014,"This paper will present algorithms necessary for a system that allows for semi-autonomous decontamination and radiation measurement / release measurement of contaminated surfaces as found during dismantling of nuclear power plants. An innovative system for surface ablation and measurement tasks is currently being developed, which comprises a transport system and a manipulator equipped with vacuum suction units to move along walls. The necessary steps for acquiring and processing an environment model as well as path planning based on the kinematic constraints of the manipulator are discussed in detail. The algorithms are integrated into a software framework that allows for seamless switching between simulation and reality for real-time monitoring and modification of the planning results.",,1,2014 World Automation Congress (WAC),"Institute for Anthropomatics and Robotics, Karlsruhe Institute of Technology (KIT), Karlsruhe, Germany",iee_dec_rob
IEEE Xplore,5569092,10.1109/FSKD.2010.5569092,Conferences,Safety assessment of existing rigid-frame arch bridges using fuzzy theory based analytic multivariate and hierarchy approach,Kai-zhong Xie; Shi-sheng Yang; Li-lin Wei,2010,"A new approach of structural safety assessment for an existing rigid-frame arch bridge, constructed from multivariate and multi-layer analytic model. The assessment model of structural safety of existing rigid-frame arch bridges on the basis of technical condition, static loading test, dynamic loading test and load-carrying capacity, and the index system is proposed according to multivariate. In this paper, the structural safety of an existing rigid-frame arch bridge is assessed. The results are shown that the approach presented in this paper is high performance and accurate for assessment the bridge. The bridge is assessed as third grade bridge. The proposed approach would certainly help the engineers and policy makers concerned with bridge management to arrive at a systematic judgment and to formulate methodical steps towards retrofitting, rehabilitation, reinforcement or demolition of the bridge.",,0,2010 Seventh International Conference on Fuzzy Systems and Knowledge Discovery,"Dept of Civil & Architecture Engineering, Guangxi University, Nanning, China",iee_dec_rob
IEEE Xplore,10983477,10.1109/UPCON62832.2024.10983477,Conferences,Simple and Cost-Effective Direct Solvent Injection Technology to Rebirth the Waste EV Batteries,Indu Pandey; Jai Deo Tiwari,2024,"The rebirth the used and spent lithium-ion batteries by direct injection of solution which have a capability of recovering the electrical performance of spent or used batteries such as capacity. Resume of battery cycling efficiency. This solution is naphthazarin with cyano-graphene facilitates in recovering the lithium-ion batteries via providing more electrons, more lithium ions, reversibility of more metal ions. Resume of all major participants such as metals in active states, more electrons, more lithium ions result into electrical performance such as battery charging-discharging, capacity, calendar life etc. This paper covers the detail description of electrical performance recovery without any dismantling cells, degrading any of the component of battery. Here effect of solvents was evaluated in terms of rebirthing efficiency. The high potential control methodology was used for resume of electrical performance of batteries that mainly monitored by di-electric constant effect of solvent. The rebirthing of lithium-ion battery cells were examined in waste, 80% spent batteries as well as large battery packs also. After successful corroborations of commercial battery cells, one can conclude the effective simple cost-effective solutions for lithium-ion batteries to enhance its performance in terms of electrical properties and life. This can be a key solution to the current lithium-ion batteries challenges of cost and recycling process with low energy consumption for e-transportation applications.",,0,"2024 IEEE 11th Uttar Pradesh Section International Conference on Electrical, Electronics and Computer Engineering (UPCON)","Electric Vehicle Battery Technology Quantinnacle, Bengaluru, India",iee_dec_rob
IEEE Xplore,11516205,10.1109/MRA.2026.3687282,Early Access Articles,Vibration Damping in Underactuated Cable-Suspended Artwork: Flying Belt Motion Control,Martin Goubej; Lauria Clarke; Martin Hrabačka; David Tolar,2026,"This article presents a comprehensive refurbishment of the interactive robotic art installation Standards and Double Standards by Rafael Lozano-Hemmer. The installation features an array of belts suspended from the ceiling, each actuated by stepper motors and dynamically oriented by a vision-based tracking system that follows the movements of exhibition visitors. The original system was limited by oscillatory dynamics, resulting in torsional and pendulum-like vibrations that constrained rotational speed and reduced interactive responsiveness. To address these challenges, the refurbishment involved significant upgrades to both hardware and motion control algorithms. A detailed mathematical model of the flying belt system was developed to accurately capture its dynamic behavior, providing a foundation for advanced control design. An input shaping method, formulated as a convex optimization problem, was implemented to effectively suppress vibrations, enabling smoother and faster belt movements. Experimental results demonstrate substantial improvements in system performance and audience interaction. This work exemplifies the integration of robotics, control engineering, and interactive art, offering new solutions to technical challenges in real-time motion control and vibration damping for large-scale kinetic installations.",,0,IEEE Robotics & Automation Magazine,"New Technologies for the Information Society Research Center, University of West Bohemia, Pilsen, Czechia",iee_dec_rob
IEEE Xplore,9180300,10.1109/ACCESS.2020.3020318,Journals,DPSO and Inverse Jacobian-Based Real-Time Inverse Kinematics With Trajectory Tracking Using Integral SMC for Teleoperation,Hamza Khan; Saad Jamshed Abbasi; Min Cheol Lee,2020,"A six-degree-of-freedom robotic manipulator inverse kinematics (IK) for position control is proposed for the bilateral teleoperation process that is implemented through a joystick for nuclear power plant dismantling operations. The control strategy of the manipulator includes the use of the joystick to generate the Cartesian space trajectory followed by the IK to yield the joint space trajectory for implementing position control. In this paper, a novel technique for the IK is proposed. It involves the use of the particle swarm optimization (PSO) algorithm with the inverse Jacobian (IJ). The special case of the dual PSO is based on dividing the PSO algorithm into two such that the trajectory position and orientation are separately optimized by the algorithms, resulting in a faster convergence. In contrast, the inverse Jacobian aids in generating a smooth joint trajectory. The integral sliding mode control (ISMC) is proposed for position control because it does not require information on system dynamics. The ISMC improves the system trajectory tracking performance by using a switching gain to compensate for system dynamics and perturbations (disturbance and unmatched uncertainties), ultimately reducing the time delay. The effectiveness of the PSO combined with the IJ and the robustness of the ISMC in the teleoperation process are confirmed by the experimental results.",,26,IEEE Access,"School of Mechanical Engineering, Pusan National University, Busan, South Korea",iee_dec_rob
IEEE Xplore,6547225,10.1109/MRA.2012.2201579,Magazines,Structure-Reconfiguring Robots: Autonomous Truss Reconfiguration and Manipulation,Franz Nigl; Shuguang Li; Jeremy E. Blum; Hod Lipson,2013,"In this article, we present a robot capable of autonomously traversing and manipulating a three-dimensional (3-D) truss structure. The robot can approach and traverse multiple structural joints using a combination of translational and rotational motions. A key factor in allowing reliable motion and engagement is the use of specially designed structural building blocks comprised of bidirectional geared rods. A set of traversal plans, each comprised of basic motion primitives, were analyzed for speed, robustness, and repeatability. Paths covering eight joints are demonstrated, as well as automatic element assembly and disassembly. We suggest that the robot architecture and truss module design, such as the one presented here, could open the door to robotically assembled, maintained, and reconfigured structures that would ordinarily be difficult, risky, or time consuming for humans to construct.",,32,IEEE Robotics & Automation Magazine,"Cornell Creative Machines Laboratory, Cornell University, Ithaca, NY, USA",iee_dec_rob
IEEE Xplore,10967487,10.1109/ACCESS.2025.3561805,Journals,Ultrasonic Transmit Beam Steering Using Slitted Transducer Design,Yinuo Enoch Zhao; Zheng Jie Tan; Wei-Bin Ewe; Wai Siang Yeoh; Rahul Singaram Senthilkumar; Viet Phuong Bui; Daniel Ssu-Han Chen; Xing Haw Marvin Tan,2025,"Advancements in ultrasonic imaging sensors (UISs), such as improvements in cost-effectiveness, low power consumption, and suitability for challenging environments, have been useful for drone navigation. However, existing microelectromechanical systems (MEMS) transducer arrays suffer from limitations due to the non-uniform stress distribution of the thin-film layers, which changes the resonant frequency of devices. To address this, a novel sector slitted transducer design was proposed, which enhances the acoustic pressure output while maintaining mechanical stability and reduces the sensitivity of the resonant frequency to residual stresses. In this study, finite element analysis was used to model the slitted transducer design, which demonstrated minimal variation in resonant frequencies under different stress conditions. The MEMS transducer array simulations have displayed effective beam-steering capabilities using different phase profiles and validation of performance metrics through the Fresnel and Fraunhofer diffraction propagations. Both the imaging resolution and signal-to-noise ratio (SNR) of the array were evaluated over various distances. The figures-of-merit (FoM) of the sector-slitted design indicate that the transducer array is 1.6 to 30 times smaller than existing designs while being able to generate 26 to 965 times greater acoustic pressure than the other designs reported in the literature. Thus, the array promises enhanced performance in 3D range-finding and imaging applications for drones and mobile devices, offering compactness and efficiency. Future applications could leverage these advancements to improve autonomous navigation and environmental sensing in complex scenarios.",,0,IEEE Access,"Hwa Chong Institution, 661 Bukit Timah Rd, Singapore",iee_dec_rob
IEEE Xplore,10563193,10.1109/LRA.2024.3416797,Journals,Design and Control of Rapid In-Air Reconfiguration for Modular Quadrotors With Full Controllable Degrees of Freedom,Jihuai Zhang; Fusheng Li; Xin Lu; Chaolai Zhang; Yuling Xin; Ruqing Zhao; Shubin Lyu,2024,"This letter introduces a novel reconfigurable modular aerial robot capable of in-air self-disassembly and achieving full-actuation control. The proposed robot utilizes a unique modular design, each module incorporates a vector tilting structure and an active undocking mechanism. The design of the vector tilting structure amplifies the possibilities of control, allowing the introduced control algorithms to realize full-actuation control of the robot. The active undocking mechanism employs electromagnets for active and controllable reconfiguration. We redesigned the feedforward angle calculation and control assignment to enable the full-actuation controller in reconfigurable modular robots. Furthermore, we proposed a distributed framework to alleviate the burden on the communication system. Real-world experiments demonstrate that the reconfiguration process' ability to control maximum Euler angle oscillation within $\boldsymbol {4\mathrm{^{\circ }}}$ and reduce in-air reconfiguration time to under $\boldsymbol {{\text{3}} \,\mathrm{s}}$. Additionally, experiments on full DoF hovering for both a single module and a reconfigurable robot confirm the stability of the proposed controller.",,12,IEEE Robotics and Automation Letters,"School of Automation Engineering, University of Electronic Science and Technology of China, Chengdu, China",iee_dec_rob
IEEE Xplore,11113260,10.1109/ACCESS.2025.3595995,Journals,Human-Aware Robot Collaborative Task Planning Using Artificial Potential Field and DQN Reinforcement Learning,Jayesh Prakash; Sam Altnji; Karthick Thiyagarajan; Jogesh S. Nanda; Abhijit Biswas; Abhra Roy Chowdhury,2025,"This paper presents a novel way for Robot-Robot-Human interaction in a shared workspace for collaborative tasks and uses a multi-modal means of communication that includes hand gestures, voice commands, end-effector gestures, and marker tracking. The system consists of a human operator working along with a Task robot (UR5) and a helper robot (OpenManipulatorX) to perform assembly and disassembly tasks. A Deep Q Network (DQN) reinforcement learning model is used to train the robot to perform the goal reaching task while avoiding obstacles to ensure safety. The DQN algorithm makes use of the end-effector position and the relative positions with the goal and obstacles to train a policy that guides the robot arm safely. Then 4 different training models are created and their ability to avoid obstacles and reach the goal are compared along with the point-to-point Bezier interpolation path planning method in different scenarios such as varying height, size, and number of obstacles. The proposed system has been simulated and then experimentally validated. Experimental results show that DQN trained model performed better than Bezier interpolation in reaching the final goal position with an accuracy of 74mm while avoiding obstacles at the same time in a shared environment. It is also observed that of the different trained models, the model with a larger action space and reduced observation space gave better results compared to others in terms of accuracy and goal completion rate. Also, from experimental data its observed that Improved Artificial Potential Field (IAPF) only took 4.7s as the median time to reach the goal whereas Goal Directed Approach (GDA) took 7.62s and Rapidly Exploring Random Tree Star (RRT*) took 6.22s in different scenarios.",,1,IEEE Access,"Department of Design and Manufacturing, Indian Institute of Science (IISc), Bengaluru, Karnataka, India",iee_dec_rob
IEEE Xplore,9197202,10.1109/ICRA40945.2020.9197202,Conferences,Untethered Soft Millirobot with Magnetic Actuation,Anuruddha Bhattacharjee; Louis William Rogowski; Xiao Zhang; Min Jun Kim,2020,"This paper presents scalable designs and fabrication, actuation, and manipulation techniques for soft millirobots under uniform magnetic field control. The millirobots were fabricated through an economic and robust moulding technique using polydimethylsiloxane (PDMS), acrylonitrile butadiene styrene (ABS) filaments, and 3D printed polylactic acid (PLA) rings. The soft millirobots were simple hollow rod-like structures with different configurations of embedded permanent magnets inside of their soft-body or at their ends. The soft-robots were actuated using six different motion modes including: pivot walking, rolling, tumbling, side-tapping, wiggling, and wavy-motion under an external uniform magnetic field control system. The velocities of the millirobots under different motion modes were analyzed under varying magnetic flux densities (B). Moreover, deformation of the soft-robotic body in response to the magnetic field strength was measured and a deflection curve showing bending angle (φ) was produced. Soft millirobots were navigated through a maze using a combination of the available motion modes. Different arrangements of the embedded permanent magnets enabled individual soft millirobots to respond heterogeneously under the same magnetic field inputs towards performing assembly and disassembly operation as modular subunits. Overall, this soft millirobot platform shows enormous potential for minimally invasive in vivo applications.",,12,2020 IEEE International Conference on Robotics and Automation (ICRA),"Southern Methodist University, Dallas, TX, USA",iee_dec_rob
IEEE Xplore,11127899,10.1109/ICRA55743.2025.11127899,Conferences,Robust Self-Reconfiguration for Fault-Tolerant Control of Modular Aerial Robot Systems,Rui Huang; Siyu Tang; Zhiqian Cai; Lin Zhao,2025,"Modular Aerial Robotic Systems (MARS) consist of multiple drone units assembled into a single, integrated rigid flying platform. With inherent redundancy, MARS can self-reconfigure into different configurations to mitigate rotor or unit failures and maintain stable flight. However, existing works on MARS self-reconfiguration often overlook the practical controllability of intermediate structures formed during the reassembly process, which limits their applicability. In this paper, we address this gap by considering the control-constrained dynamic model of MARS and proposing a robust and efficient self-reconstruction algorithm that maximizes the controllability margin at each intermediate stage. Specifically, we develop algorithms to compute optimal, controllable disassembly and assembly sequences, enabling robust self-reconfiguration. Finally, we validate our method in several challenging fault-tolerant self-reconfiguration scenarios, demonstrating significant improvements in both controllability and trajectory tracking while reducing the number of assembly steps. The videos and source code of this work are available at https://github.com/RuiHuangNUS/MARS-Reconfig/",,8,2025 IEEE International Conference on Robotics and Automation (ICRA),"Department of Electrical and Computer Engineering, National University of Singapore, Singapore",iee_dec_rob
IEEE Xplore,10175585,10.1109/LRA.2023.3293320,Journals,Probabilistic Inference-Based Robot Motion Planning via Gaussian Belief Propagation,Salman Bari; Volker Gabler; Dirk Wollherr,2023,"Robot motion planning via probabilistic inference renders a unique viewpoint on the trajectory optimization problem, in which the joint distribution of motion objectives is represented as a factor graph. Thus, the objectives are solved by obtaining the Maximum a Posteriori of the factor graph. While this distinctly improves the computational efficiency by applying least square optimization, the approach is incapable of handling hard constraints directly. In this work, we put forth an alternate perspective and argue that a message passing framework, such as Belief Propagation, offers greater utility as a solution method for robot planning problems. We present the theoretical formulation of Gaussian Belief Propagation (GaBP) as a generic message passing framework that exploits the structure of the factor graph to solve multiple planning scenarios such as batch planning, incremental planning and re-planning. In addition, the GaBP algorithm has been extended to handle hard state constraints by adopting the Difference Map strategy. We benchmark our framework in a simulation environment. The results show that our algorithms outperform the state-of-the-art with respect to collision avoidance and constraint handling ability within our benchmark. We close this article with the outline of a real-world robotic application within industrial disassembly.",,6,IEEE Robotics and Automation Letters,"Chair of Automatic Control Engineering (LSR), TUM School of Computation, Information and Technology, Technical University of Munich, Munich, Germany",iee_dec_rob
IEEE Xplore,10610054,10.1109/ICRA57147.2024.10610054,Conferences,Tactile Robot Programming: Transferring Task Constraints into Constraint-Based Unified Force-Impedance Control,Kübra Karacan; Robin Jeanne Kirschner; Hamid Sadeghian; Fan Wu; Sami Haddadin,2024,"Flexible manufacturing lines are required to meet the demand for customized and small batch-size products. Even though state-of-the-art tactile robots may provide the versatility for increased adaptability and flexibility, their potential is yet to be fully exploited. To support robotics deployment in manufacturing, we propose a task-based tactile robot programming paradigm that uses an object-centric tactile skill definition that directly links identified object constraints of the task to the definition of constraint-based unified force-impedance control. In this study, we first explain the basic concept of abstracting the task constraints experienced by the object and transferring them to the robot’s operational space frame. Second, using the object-centric tactile skill definition, we synthesize unified force-impedance control and formalized holonomic constraints to enable flexible task execution. Later, we propose the quantified analysis metrics for the process by analyzing them as a typical example of flexible manipulation disassembly skills, e.g., levering and unscrew-driving regarding their object requirements. Supported by realistic experimental evaluation using a Franka Emika robot, our tactile robot programming approach for the direct translation between task-level constraints and robot control parameter design is shown to be a viable solution for increased robotic deployment in flexible manufacturing lines.",,3,2024 IEEE International Conference on Robotics and Automation (ICRA),"Chair of Robotics and Systems Intelligence, MIRMI-Munich Institute of Robotics and Machine Intelligence, Technical University of Munich, Germany",iee_dec_rob
IEEE Xplore,10768173,10.1109/ICCIA65044.2024.10768173,Conferences,From Bricks to Bots: Automated Collision-Aware Sequence Planning for LEGO Reconstruction with a Two-Finger Gripper,Arman Barghi; Navid Pasiar; Mehdi Tale Masouleh; Ahmad Kalhor,2024,"An automated, vision-guided assembly method is proposed for reconstructing LEGO arrangements using a 3 DOF Delta Parallel Robot with a two-finger gripper. Assembly sequence planning, an NP-complete problem, focuses on determining the optimal sequence of bricks for constructing a target structure. The complexity increases when robotic con-straints-such as avoiding collisions between the gripper and the partially constructed structure-are integrated into the planning. To address this, the Arrangement Planning Process is introduced, combining target arrangement identification with collision-aware sequence planning. This process includes precise detection techniques that merge instance segmentation with stud detection. Notable innovations include an assembly-by-disassembly algorithm for efficient planning and experimental techniques such as the Safe Approach and the Wiggling Technique for accurate brick placement. By implementing a homing method, positioning accuracy improved approximately twofold compared to previous work. The results demonstrate the feasibility and precision of the proposed method in automated LEGO reconstruction.",,0,"2024 10th International Conference on Control, Instrumentation and Automation (ICCIA)","Human and Robot Interaction Laboratory School of Electrical and Computer Engineering, University of Tehran, Tehran, Iran",iee_dec_rob
IEEE Xplore,9690,10.1109/7.9690,Journals,Task planning for robotic manipulation in space applications,A.C. Sanderson; M.A. Peshkin; L.S. Homen de Mello,1988,"Space-based robotic systems will require novel technologies of planning and manipulation to accomplish complex tasks such as diagnosis, repair, and assembly task representation, discrete task planning, and control synthesis which provide a design environment for assembly systems, and which extend to planning of manipulation operations in unstructured environments. In this approach, assembly planning is carried out using the AND/OR graph representation which encompasses all possible partial orders of operations and may be used to plan assembly sequences. A novel algorithm for planning disassembly and repair using the AND/OR graph is introduced, and examples of repair sequences generated for a satellite electrical module are described. For discrete task planning, the configuration map facilitates search over discrete parameters in the space of bounded configuration sets.<>",,14,IEEE Transactions on Aerospace and Electronic Systems,"Department of Electrical Computer and Systems Engineering, Rensselaer Polytechnic Institute, Troy, NY, USA",iee_dec_rob
IEEE Xplore,8754998,10.1109/ICIT.2019.8754998,Conferences,Ground vehicle odometry using a non-intrusive inertial speed sensor,Het Shah; Siddhant Haldar; Rohit Ner; Siddharth Jha; Debashish Chakravarty,2019,"This paper describes the design and development of a non-intrusive inertial speed sensor that can be reliably used to replace a conventional optical or hall effect-based speedometer on any kind of ground vehicle. The design allows for simple assembly-disassembly from tyre rims. The sensor design and data flow are explained. Algorithms and filters for pre-processing and processing the data are detailed. Comparison with a real optical encoder proves the accuracy of the proposed sensor. Finally, it is shown that factor graph-based localization is possible with the developed sensor.",,1,2019 IEEE International Conference on Industrial Technology (ICIT),"Department of Mechanical Engineering, Indian Institute of Technology, Kharagpur, India",iee_dec_rob
IEEE Xplore,11327722,10.1109/eCrime66972.2025.11327722,Conferences,“Send to which account?” Evaluation of an LLM-based Scambaiting System,Hossein Siadati; Haadi Jafarian; Sima Jafarikhah,2025,"Scammers are increasingly harnessing generative AI (GenAI) technologies to produce convincing phishing content at scale, amplifying financial fraud and undermining public trust. While conventional defenses, such as detection algorithms, user training, and reactive takedown efforts remain important, they often fall short in dismantling the infrastructure scammers depend on, including mule bank accounts and cryptocurrency wallets. To bridge this gap, a proactive and emerging strategy involves using conversational honeypots to engage scammers and extract actionable threat intelligence.This paper presents the first large-scale, real-world evaluation of a scambaiting system powered by large language models (LLMs). Over a five-month deployment, the system initiated over 2,600 engagements with actual scammers, resulting in a dataset of more than 18,700 messages. It achieved an Information Disclosure Rate (IDR) of approximately 32%, successfully extracting sensitive financial information such as mule accounts. Additionally, the system maintained a Human Acceptance Rate (HAR) of around 70%, indicating strong alignment between LLM-generated responses and human operator preferences. Alongside these successes, our analysis reveals key operational challenges. In particular, the system struggled with engagement takeoff: only 48.7% of scammers responded to the initial seed message sent by defenders. These findings highlight the need for further refinement and provide actionable insights for advancing the design of automated scambaiting systems.",,0,2025 APWG Symposium on Electronic Crime Research (eCrime),"AI Research, Cybera Global Inc./ UNCW, Wilmington, USA",iee_dec_rob
IEEE Xplore,9839416,10.1109/TIM.2022.3193710,Journals,A New Measurement Method of Contact Conditions in a Vacuum Circuit Breaker With the Field Emission Current During the Closing Operation,Yun Geng; Jinlong Dong; Xiaofei Yao; Jiangang Ding; Chen Guan; Yingsan Geng; Zhiyuan Liu,2022,"The performance of vacuum circuit breakers (VCBs) in the interruption and protection of an electric power system is highly dependent on the contact conditions; thus, the assessment of the contact conditions is essential. The field emission current has been recognized as an effective parameter with which to investigate the contact conditions both qualitatively and quantitatively. The traditional measurement method that uses the field emission current to determine the contact conditions is performed under ac voltage and requires the VCB to be dismantled, which limits the application of this method. The objective of this study is to develop a new measurement method for the contact conditions in a VCB with the field emission current during the closing operation under dc voltage. The new measurement method does not require the VCB to be dismantled and can simplify the processing of experimental data. Then, the new measurement method is applied to investigate the contact conditions during capacitive switching. The obtained result shows that the field enhancement factor  $\beta $  of the contact surface oscillates up and down during the capacitive experiment, which can verify the conditioning and deconditioning effects of the inrush current on contact surfaces.",,14,IEEE Transactions on Instrumentation and Measurement,"State Key Laboratory of Electrical Insulation and Power Equipment, Xi’an Jiaotong University, Xi’an, China",iee_dec_rob
IEEE Xplore,11185231,10.1109/TMECH.2025.3605585,Journals,Energy-Efficient Rendezvous for Docking of Inter-Reconfigurable Modular Robots in Unknown Environments,Randika Anjalo Perera; H. D. Sasheeka Himaruwan; S. M. Bhagya P. Samarakoon; M. A. Viraj J. Muthugala; Mohan Rajesh Elara,2026,"Reconfigurable modular robots (RMRs) offer enhanced adaptability and collaborative capabilities compared to traditional robotic systems. However, coordinating multiple robots in unknown or dynamic environments remains a challenge in robotics. This article proposes a new algorithm for coordinated, energy-efficient rendezvous of multiple robots, which employs frontier exploration strategies. This approach minimizes the maximum steps taken by individual robots while optimizing energy usage in unknown environments and ensuring a balanced workload distribution. A novel directionless, alignment-tolerant docking mechanism for RMRs is also introduced in this article. This docking system allows robots to reconfigure through assembly and disassembly upon establishing a line of sight. Experimental results confirm the abilities of the proposed rendezvous method and the docking mechanism.",,1,IEEE/ASME Transactions on Mechatronics,"Engineering Product Development Pillar, Singapore University of Technology and Design, Singapore",iee_dec_rob
IEEE Xplore,9762254,10.1109/ACCESS.2022.3169798,Journals,Learning an Accurate State Transition Dynamics Model by Fitting Both a Function and its Derivative,Youngho Kim; Hoosang Lee; Jeha Ryu,2022,"Learning accurate state transition dynamics model in a sample-efficient way is important to predict the future states from the current states and actions of a system both accurately and efficiently in model-based reinforcement learning for many robotic applications. This study proposes a sample-efficient learning approach that can accurately learn a state transition dynamics model by fitting both the predicted next states and their derivatives. The derivatives of the feedforward neural network output (next states) with respect to the inputs (current states and actions) are computed using chain rules. In addition, the effect of the activation functions on the learning derivatives are illustrated via sum of elementary sine functions example and the values are compared with various other activation functions with respect to accuracy. The proposed learning approach exhibits significant improvement in accuracy for both one-step and multi-step prediction cases with a six-degree-of-freedom manipulation robot (UR-10) in both simulation and real environments.",,1,IEEE Access,"Robot Reinforcement Learning Laboratory, School of Integrated Technology, Gwangju Institute of Science and Technology, Gwangju, South Korea",iee_dec_rob
IEEE Xplore,10394008,10.1109/SMC53992.2023.10394008,Conferences,Grasping in Uncertain Environments: A Case Study For Industrial Robotic Recycling,Annalena Daniels; Sebastian Kerz; Salman Bari; Volker Gabler; Dirk Wollherr,2023,"Autonomous robotic grasping of uncertain objects in uncertain environments is an impactful open challenge for the industries of the future. One such industry is the recycling of Waste Electrical and Electronic Equipment (WEEE) materials, in which electric devices are disassembled and readied for the recovery of raw materials. Since devices may contain hazardous materials and their disassembly involves heavy manual labor, robotic disassembly is a promising venue. However, since devices may be damaged, dirty and unidentified, robotic disassembly is challenging since object models are unavailable or cannot be relied upon. This case study explores grasping strategies for industrial robotic disassembly of WEEE devices with uncertain vision data. We propose three grippers and appropriate tactile strategies for force-based manipulation that improves grasping robustness. For each proposed gripper, we develop corresponding strategies that can perform effectively in different grasping tasks and leverage the grippers design and unique strengths. Through experiments conducted in lab and factory settings for four different WEEE devices, we demonstrate how object uncertainty may be overcome by tactile sensing and compliant techniques, significantly increasing grasping success rates.",,2,"2023 IEEE International Conference on Systems, Man, and Cybernetics (SMC)","Chair of Automatic Control Engineering, Technical University of Munich, Munich, Germany",iee_dec_rob
IEEE Xplore,8977388,10.1109/LRA.2020.2970685,Journals,Self-Reconfiguration in Response to Faults in Modular Aerial Systems,Neeraj Gandhi; David Saldaña; Vijay Kumar; Linh Thi Xuan Phan,2020,"We present a self-reconfiguration technique by which a modular flying platform can mitigate the impact of rotor failures. In this technique, the system adapts its configuration in response to rotor failures to be able to continue its mission while efficiently utilizing resources. A mixed integer linear program determines an optimal module-to-position allocation in the structure based on rotor faults and desired trajectories. We further propose an efficient dynamic programming algorithm that minimizes the number of disassembly and reassembly steps needed for reconfiguration. Evaluation results show that our technique can substantially increase the robustness of the system while utilizing resources efficiently, and that it can scale well with the number of modules.",,26,IEEE Robotics and Automation Letters,"PRECISE Center and Distributed Systems Laboratory, University of Pennsylvania, Philadelphia, USA",iee_dec_rob
IEEE Xplore,11305014,10.1049/icp.2025.3832,Conferences,Design of a high-pressure waterjet hull-cutting robot based on the snake-shaped mechanical arm structure,Lixia Xiao; Yizhuo Zhang; Li Chen; Yunling Ye; Jin Gan,2025,"The high-pressure water jet cutting technology provides a highly efficient and low-pollution way for the green dismantling of ships. However, high equipment costs and operational complexity hinder its development and widespread application. Thus, this paper proposes a high-pressure waterjet robot for ship hull dismantling based on a snake-shaped robotic arm design. First, a prototype high-pressure waterjet robot is proposed, integrating mechanical structure, waterjet cutting system, power and drive units, and a control module into a unified platform. Second, the integration of the serpentine robotic arm with an improved GAPF-RRT* path planning algorithm enables autonomous motion control. Results show that the GAPF-RRT* algorithm enhances sampling efficiency and obstacle avoidance capability, enabling the robotic arm to dynamically adjust its trajectory and execute cutting tasks. The proposed system replaces manual operations with intelligent cutting capabilities, advancing green and automated ship dismantling.",,0,"15th International Conference on Quality, Reliability, Risk, Maintenance, and Safety Engineering (QR2MSE 2025)","School of Naval Architecture, Ocean and Energy Power Engineering, Wuhan University of Technology, Wuhan, 430063, People's Republic of China",iee_dec_rob
IEEE Xplore,9383944,10.1109/WSC48552.2020.9383944,Conferences,An Immersive Virtual Learning Environment for Worker-Robot Collaboration on Construction Sites,Pooya Adami; Burcin Becerik-Gerber; Lucio Soibelman; Tenzin Doleck; Yasemin Copur-Gencturk; Gale Lucas,2020,"This paper presents a Virtual Learning Environment (VLE) that simulates the collaboration between a construction robot and a construction worker in order to support training in worker-robot teamwork on construction sites. The VLE presented in the paper utilizes a semi-autonomous remote-controlled demolition robot named Brokk. This paper describes the use-case robot (Brokk), system setup and configuration, and the learning scenarios. In this VLE, the trainee learns about the robot's various components, safety management, functions of the robot's control box, and general guidelines used during common demolition tasks. Importantly, this VLE is developed based on adult learning theories in general- and andragogy principles in particular. In addition, we augment the VLE with useful features from existing VLEs. The effectiveness of the developed VLE will be evaluated with construction workers based on knowledge and performance assessments.",,13,2020 Winter Simulation Conference (WSC),"Sonny Astani Department of Civil and Environmental Engineering, University of Southern California, Los Angeles, CA, USA",iee_dec_rob
IEEE Xplore,10618576,10.1109/PIERS62282.2024.10618576,Conferences,Performance Evaluation Method of LiDAR in Rainfall Conditions,Xiaolei Zhang; Yafei Shen; Li Shen,2024,"Automotive LiDAR has become an important environment sensing sensor used in the autonomous driving system (ADS) due to its advantages of large detection range, high accuracy, and high resolution. However, due to the constraints of harsh weather conditions such as rainfall, the inability of LiDAR to maintain excellent detection performance in all operating conditions has become a major limiting factor in its technological application. Therefore, it is necessary to test and verify the function and safety of the LiDAR in the rainy environment to support the adjustment of the perception strategy of the ADS. Currently, vehicle OEMs typically test the performance of LiDAR in actual dynamic scenarios in natural rainfall environments. The testing process is not reproducible and cannot quantitatively analyze the impact of rainfall on LiDAR. On the other hand, the direction of performance improvement by LiDAR manufacturers is weakly related to the testing scenario. In order to comprehensively evaluate the issues in the test scenario and determine improvement directions of LiDAR, the performance evaluation method of LiDAR based on the safety of the intended functionality (SOTIF) scenario deconstruction in rainfall conditions is proposed. The risk factors of LiDAR were extracted by analyzing the structure of LiDAR and the physical principles during laser pulse propagation, as well as the mapping relationship between the properties of scenario elements and the risk factors was designed. The testing environment including the rainfall simulation system, diffuse reflective plates with different reflectivity, and vehicle targets was established. Static and dynamic validation tests were conducted to evaluate the impact of risk factors such as edge attenuation effect, target reflectivity, detection distance, and speed of LiDAR in different rainfall rates, and targeted improvement directions were proposed. Through verification, it can be seen that this method has a positive impact on improving LiDAR products and optimizing the weight allocation of ADS sensing sensor.",,0,2024 Photonics & Electromagnetics Research Symposium (PIERS),"Shanghai Motor Vehicle Inspection Certification & Tech Innovation Center Co., LTD, China",iee_dec_rob
IEEE Xplore,8104653,10.15439/2017F311,Conferences,Internet connected wireless combustible gas monitoring system for apartment buildings,Denis Spirjakin; Alexander M. Baranov,2017,"Despite the modern gas equipment, combustible gas leakage related emergency situations still take place and lead to building demolitions and human losses. Leak integrity failures because of anthropogenic and natural factors make impossible to prevent such emergency in other ways except providing continuous monitoring of combustible gas concentration and notification for people and special services. In this work, the design results of the Internet connected wireless sensor network for combustible gas concentration monitoring in apartment buildings is presented. The system consists of wireless autonomous gas sensors, actuators, routers and a gateway and it's connected to a web service where it posts its data and gets events to react them in WSN.",,0,2017 Federated Conference on Computer Science and Information Systems (FedCSIS),"LLC “Smartsense”, Moscow, Russia",iee_dec_rob
IEEE Xplore,9757962,10.1109/INSAI54028.2021.00044,Conferences,Collision Avoidance Path Planning of Nuclear Robot with Dual Manipulators,Xiangjun Liu; Chenyang Sun; Linjunhao Xiao; Runjie Shen,2021,"Aiming at the requirement of collision-free and precise synchronized kinematics autonomous coordinated control of the dual-manipulator heavy-duty robot in carrying, grasping and dismantling operations, this paper studied the method of collision avoidance path planning in the dual-manipulator operation. The dual mechanical arm is an important part of the system, and its working state is directly related to the stability and reliability of the entire system. In this paper, we used the improved DH method to mathematically model the position and posture of the dual robotic arms. Under the robot operating system, we adopted Moveit! to control the movement towards the robotic arms. Finally, under obstacles at different distances, we simulated the improved fusion algorithm and compared it with the existing artificial potential field method and RRT* algorithm. The experimental results show that the improved fusion algorithm has better path planning effect and can make the robot arm reach the goal smoothly along the path of the least cost without collision.",,1,2021 International Conference on Networking Systems of AI (INSAI),"College of Electronic and Information Engineering, Tongji University, Shanghai, China",iee_dec_rob
IEEE Xplore,1222280,10.1109/CIRA.2003.1222280,Conferences,Development of a cellular manufacturing system based on movable cells,Y. Shimomura; F.N. Takada; J. Ota; S. Yajima; Y. Nomaguchi; T. Tomiyama,2003,"In this paper cellular machines are being proposed as replacements for the highly centralised systems that are currently in use. A cellular machine is a mechanical system comprised of distributed autonomous intelligent units called cells. The cellular assembling system, cellular manufacturing system and cellular remanufacturing system were designed. Applications of movable cells were dealt with in this paper. They enable real-time scheduling, self assembly and enhanced robustness in a cellular manufacturing system.",,0,Proceedings 2003 IEEE International Symposium on Computational Intelligence in Robotics and Automation. Computational Intelligence in Robotics and Automation for the New Millennium (Cat. No.03EX694),"Research into Artifact, Center for Engineering, University of Tokyo",iee_dec_rob
IEEE Xplore,10561800,10.1109/ICEIEC61773.2024.10561800,Conferences,The Research on Current Status of Digital Technology System of Electric Power Emergency Plan,Cheng Guan; Diange Fang; Tao Li; Xun Zhang; Feng Wei; Hong Zhao,2024,"Based on the knowledge system of electric power emergency command, study the digitalization technology based on the theories of natural language processing, knowledge mapping, scenario-coping, etc., realize the autonomous recognition, categorization, disassembly and optimization of the text of the emergency plan, establish the ontology model of the plan by using the knowledge mapping, study the scenario-coping technology, set up the relational network model, and establish the digitalization technology system of electric power emergency plan by combining the above theoretical studies. The above theories are combined to establish a digital technology system for electric power emergency plans.",,2,2024 IEEE 14th International Conference on Electronics Information and Emergency Communication (ICEIEC),"Department of Electrical Emergency Response, Grid Intelligent Power Grid Research Institute, Beijing, China",iee_dec_rob
IEEE Xplore,9933235,10.1109/EEIT56566.2022.00027,Conferences,A Self-Guided Mold Assembly System Based on Deep Learning for Engineering Training,Xudong Pan; Hong Huo; Lvyin Cai; Jianfeng Lv; Qianghui Han; Yuan Pan,2022,"Smart assembly is a part of smart manufacturing that, with the rapid development of the latter, has become a weak link in modern production chains. The corresponding training experiments for mechanical assembly and disassembly used in colleges and universities need to integrate new technologies to improve the quality of education being imparted to engineering students. This study develops a self-guided system for mold assembly that is suitable for engineering training. It can identify the parts of a given system in images and project them to increase our knowledge of them. A deep learning network model is designed to facilitate the replacement of the assembly that recorded an accuracy of identification above 99% in experiments. A hand detection and tracking model is built in Python that can detect and track the real time movements of hands in a video at a speed of recognition of up to 37 FPS. The proposed system is used in an engineering training course to verify its accuracy of recognition of assemblies. It improves the students’ interest in learning owing to its novel teaching methods and helps cultivate their ability for autonomous learning.",,0,2022 International Conference on Engineering Education and Information Technology (EEIT),"School of Mechatronics Engineering Harbin Institute of Technology, Harbin, China",iee_dec_rob
IEEE Xplore,10499940,10.1109/SSRR59696.2023.10499940,Conferences,Online 2D-3D Radiation Mapping and Source Localization using Gaussian Processes with Mobile Ground Robots,Jonas ßü; Martin Volz; Kevin Daun; Oskar von Stryk,2023,"We present a novel method for online radiation mapping and source localization in 2D and 3D with mobile ground robots using Gaussian Processes to assist personnel in potentially dangerous scenarios such as nuclear catastrophes or dismantling nuclear reactors. While existing methods typically make strong model assumptions or are limited for robot onboard application by high computational cost, we propose a method that requires only weak model assumptions and gains efficiency by pre-sampling and local map update schemes. The resulting models can predict the radiation levels in complex indoor environments with multiple sources and quantify the uncertainty in their estimates. The proposed method can be applied in combination with teleoperated, semi-autonomous, or autonomous exploration. It was successfully evaluated at the EnRicH 2023 competition in a decommissioned nuclear power plant, where it provided the best localization and mapping of five radiation sources and received the award for radiation mapping. Our evaluation of data from the competition validates the accuracy and computational efficiency of the proposed approach. Moreover, we provide an open-source ROS implementation of the proposed method and open-access evaluation data.",,4,"2023 IEEE International Symposium on Safety, Security, and Rescue Robotics (SSRR)","Simulation, Systems Optimization and Robotics Group, Technical University of Darmstadt, Darmstadt, Germany",iee_dec_rob
IEEE Xplore,10539010,10.1109/TASE.2024.3403833,Journals,A Novel Robust Imitation Learning Framework for Complex Skills With Limited Demonstrations,Weiyong Wang; Chao Zeng; Hong Zhan; Chenguang Yang,2025,"Imitation learning allows us to directly encode manipulation skills based on human demonstrations, facilitating rapid transfer of skills without any expert knowledge. Autonomous dynamic systems (DS) offer reliable stability and time-independence though sacrificing part of accuracy, and are increasingly attractive as an encoding method. As unstructured environments become more challenging, skill trajectories become more complex, and various disturbances are encountered, existing state-of-the-art encoding methods struggle to adapt to these complex tasks. This paper introduces a novel robust DS-based framework for learning skills in complex tasks, which consists of trajectory regularization, adaptive segmentation, skill modeling, and skill organization based on new task requirements. It achieves a task-level generalization so that the operator only needs to focus on the semantic deconstruction of a task. Additionally, we propose an online modulation policy for the skill decision engine to address two types of disturbances: enhancing convergence speed for large-scale disturbances and improving fitting capability for small-scale disturbances while still keeping stability. To evaluate the effectiveness of the proposed framework, we conduct various comparison experiments in simulation and a real-world sugar-scooping task to assess the generalization performance and the ability of resistance to disturbances. Note to Practitioners—Imitation learning for complex tasks is crucial to the development of robot intelligence. However, achieving a balance between maintaining generalization accuracy and robustness remains a challenging problem that necessitates continuous exploration in the field of imitation learning. The purpose of this paper is to propose a robust imitation learning framework from human demonstration, which includes preprocessing, learning and generalization, that can be applied in industrial production or daily life. Considering appropriate trajectory segmentation and self-organization strategies can effectively improve the generalization accuracy by prior research, it is necessary to introduce them into our framework. Most importantly, we design novel disturbance-resistant online modulation strategies from both task-level and motion-level aspects. To validate the effectiveness of our approach, we conduct simulations and coffee scooping experiments. The results show that skills acquired through demonstration can reliably, accurately, and safely perform tasks even in uncertain environments. This paper is a systematic and pioneering attempt to implement.",,17,IEEE Transactions on Automation Science and Engineering,"School of Automation Science and Engineering, South China University of Technology, Guangzhou, China",iee_dec_rob
IEEE Xplore,9791081,10.1109/TII.2022.3180755,Journals,A Parallel Fast-Track Service Restoration Strategy Relying on Sectionalized Interdependent Power-Gas Distribution Systems,Farhad Samadi Gazijahani; Javad Salehi; Miadreza Shafie-Khah,2023,"In the distribution networks, catastrophic events especially those caused by natural disasters can result in extensive damage that ordinarily needs a wide range of components to be repaired for keeping the lights on. Since the recovery of system is not technically feasible before making compulsory repairs, the predictive scheduling of available repair crews and black start resources not only minimizes the customer downtime but also speeds up the restoration process. To do so, this article proposes a novel three-stage buildup restoration planning strategy to combine and coordinate repair crew dispatch problem for the interdependent power and natural gas systems with the primary objective of resiliency enhancement. In the proposed model, the system is sectionalized into autonomous subsystems (i.e., microgrid) with multiple energy resources, and then concurrently restored in parallel considering cold load pick-up conditions. Besides, topology refurbishment and intentional microgrid islanding along with energy storages are applied as remedial actions to further improve the resilience of interdependent systems while unpredicted uncertainties are addressed through stochastic/information gap decision theory (IGDT) method. The theoretical and practical implications of the proposed framework push the research frontier of distribution restoration schemes, while its flexibility and generality support application to various extreme weather incidents.",,29,IEEE Transactions on Industrial Informatics,"Department of Electrical Engineering, Azarbaijan Shahid Madani University, Tabriz, Iran",iee_dec_rob
IEEE Xplore,11151975,10.1109/TASE.2025.3605235,Journals,Automated Top Stitching via Vision-Based Macro-Mini Approach: Retrofitting Legacy Machines for Enhanced Precision in Garment Manufacturing,Taehwan Kim; HyunWoong Choi; Jaejin Kim; Byung-Hyun Song; Ho-Young Kim; Yong-Lae Park,2025,"The apparel industry is increasingly adopting automation technologies and investing in research to address global reshoring efforts and rising labor costs. One essential process for automation in garment factories is top stitch, which involves sewing two fabric sheets together along a seam line while maintaining a consistent distance from it. This paper presents an automated top stitch system that retrofits a legacy machine using a vision-based macro-mini approach. The system mainly comprises a two-degree-of-freedom automatic sewing machine as the legacy machine, a vision sensor module, a mini-actuator module, and an infrared sensor module. The vision sensor module detects the seam line on the fabric, even in the presence of positional uncertainties, such as, human errors. The infrared sensor module monitors the sewing sequence, while the mini-actuator module operates simultaneously with the sewing machine to compensate for any misalignment. The system demonstrates improvements, with the average and the maximum errors reduced by 79% and 67%, respectively, and the standard deviation improved by 73%, compared to those from the operation without our system. To the best of our knowledge, this is the first development of an autonomous top stitch system using a retrofitted legacy machine, presenting a novel architecture that integrates sensors and actuators through a macro-mini approach. Note to Practitioners—This paper implements key technologies essential for automating top stitch. Notably, since conventional vision recognition methods struggle to distinguish a seam line, an asymmetric lighting environment and a specialized algorithm were developed to address the challenge. Additionally, the system architecture was designed with consideration for upgrading existing legacy machines, enabling seamless integration without requiring full equipment replacement. While this paper focuses on the practical challenge of top stitch automation, the proposed architecture can be extended beyond sewing applications. It can be applied to other precision-driven processes that rely on vision-based object differentiation, such as welding or dispensing. This approach is particularly beneficial for enterprises hesitant to adopt new equipment without prior validation, offering a cost-effective alternative to full system replacements. Given the expenses associated with dismantling, disposing of, and replacing existing machinery, introducing modular upgrades provides a practical means of verify process improvements while minimizing expenses. Although the design and performance of additional modules may vary depending on the legacy machine being retrofitted, substantial improvements can still be achieved. Experimental results demonstrate that this approach reduces the average error by 79% and enhances the standard deviation by 73%, validating its feasibility from both engineering and economic perspectives.",,0,IEEE Transactions on Automation Science and Engineering,"Department of Mechanical Engineering, Institute of Advanced Machines and Design (IAMD), and the Institute of Engineering Research, Seoul National University, Seoul, South Korea",iee_dec_rob
IEEE Xplore,11206342,10.1109/TCSVT.2025.3622736,Journals,ChatStitch: Visualizing Through Structures via Surround-View Unsupervised Deep Image Stitching With Collaborative LLM-Agents,Hao Liang; Zhipeng Dong; Kaixin Chen; Hao Li; Jiyuan Guo; Yufeng Yue; Mengyin Fu; Yi Yang,2026,"Surround-view perception has garnered significant attention for its ability to enhance the perception capabilities of autonomous driving vehicles through the exchange of information with surrounding cameras. However, existing surround-view perception systems are limited by inefficiencies in unidirectional interaction pattern with human and distortions in overlapping regions exponentially propagating into non-overlapping areas. To address these challenges, this paper introduces ChatStitch, a surround-view human-machine co-perception system capable of unveiling obscured blind spot information through natural language commands integrated with external digital assets. To dismantle the unidirectional interaction bottleneck, ChatStitch implements a cognitively grounded closed-loop interaction multi-agent framework based on Large Language Models. To suppress distortion propagation across overlapping boundaries, ChatStitch proposes SV-UDIS, a surround-view unsupervised deep image stitching method under the non-global-overlapping condition. We conducted extensive experiments on the UDIS-D, MCOV-SLAM open datasets, and our real-world dataset. Specifically, our SV-UDIS method achieves state-of-the-art performance on the UDIS-D dataset for 3, 4, and 5 image stitching tasks, with PSNR improvements of 9%, 17%, and 21%, and SSIM improvements of 8%, 18%, and 26%, respectively. The code is available at https://github.com/lhlawrence/ChatStitch",,0,IEEE Transactions on Circuits and Systems for Video Technology,"School of Automation, Beijing Institute of Technology, Beijing, China",iee_dec_rob
IEEE Xplore,5008921,10.1109/TC.1972.5008921,Journals,A Prototype Intelligent Robot that Assembles Objects from Plan Drawings,Masakazu Ejiri; Takeshi Uno; Haruo Yoda; Tatsuo Goto; Kiyoo Takeyasu,1972,"An intelligent robot that recognizes and assembles three-dimensional objects by means of vidicon cameras, an articulated mechanical hand, and a digital computer is described. Its problem-solving functions include three essential parts: the recognition of macro-instructions from a human master, the recognition of the objects to be handled, and the decision making for executing the necessary tasks. The instruction is in the form of a three-view plan of a simple polyhedral assemblage whose overall spatial configuration is recognized together with its component parts. In this process the set of planes of the assemblage is disassembled into open shells; these are then reconstructed into closed shells to find the parts by solving a linear equation where the shell vectors are taken into consideration. In the object recognition, all the geometric features of polygonal prisms in the field of vision are extracted to find the specific parts required for the assembly. Further computation is made to search for the assembly procedure and is based on the restraint vectors of each object and consequent disassembly free. Finally, the mechanical hand starts the autonomous manipulation of the parts so as to accomplish the assigned assembly.",,39,IEEE Transactions on Computers,"Central Research Laboratory, Hitachi and Limited, Kokubunji, Tokyo, Japan",iee_dec_rob
